,minute,eventType,autoText,primaryPlayer,primaryTeam,secondaryPlayer,secondaryTeam
0,,END_PHASE,The final whistle is blown.,,,,
1,90.0,FREE_KICK,Brama takes the free-kick.,Brama,Twente,Douglas,Twente
2,90.0,FOUL,Crouch fouls Wisgerhof.,Crouch,Tottenham,Wisgerhof,Twente
3,90.0,FREE_KICK,Assou-Ekotto takes the free-kick.,Assou-Ekotto,Tottenham,Douglas,Twente
4,90.0,FOUL,L. de Jong fouls Assou-Ekotto.,L. de Jong,Twente,Assou-Ekotto,Tottenham
5,90.0,SHOT_WIDE,Tiendalli misses the target.,Tiendalli,Twente,Tiendalli,Twente
6,89.0,FREE_KICK,Janssen takes the free-kick.,Janssen,Twente,Rosales,Twente
7,88.0,FOUL,Crouch handles the ball.,Crouch,Tottenham,,
8,87.0,FREE_KICK,Brama takes the free-kick.,Brama,Twente,Rosales,Twente
9,87.0,FOUL,Assou-Ekotto fouls Vujičević.,Assou-Ekotto,Tottenham,Vujičević,Twente
10,86.0,SUBSTITUTION,Crouch (on) - Kranjčar (off),Kranjčar,Tottenham,Crouch,Tottenham
11,84.0,FREE_KICK,Landzaat takes the free-kick.,Landzaat,Twente,Brama,Twente
12,83.0,FOUL,W. Palacios fouls Chadli.,W. Palacios,Tottenham,Chadli,Twente
13,80.0,FREE_KICK,Assou-Ekotto takes the free-kick.,Assou-Ekotto,Tottenham,Bale,Tottenham
14,79.0,FOUL,Rosales fouls Bale.,Rosales,Twente,Bale,Tottenham
15,75.0,FREE_KICK,Assou-Ekotto takes the free-kick.,Assou-Ekotto,Tottenham,Bassong,Tottenham
16,74.0,FOUL,Vujičević fouls Assou-Ekotto.,Vujičević,Twente,Assou-Ekotto,Tottenham
17,74.0,FREE_KICK,Janssen takes the free-kick.,Janssen,Twente,Douglas,Twente
18,73.0,FOUL,W. Palacios fouls Brama.,W. Palacios,Tottenham,Brama,Twente
19,73.0,FREE_KICK,Boschker takes the free-kick.,Boschker,Twente,Douglas,Twente
20,72.0,SUBSTITUTION,Keane (on) - Pavlyuchenko (off),Pavlyuchenko,Tottenham,Keane,Tottenham
21,72.0,SUBSTITUTION,Vujičević (on) - Janko (off),Janko,Twente,Vujičević,Twente
22,70.0,CORNER,Janssen takes the corner.,Janssen,Twente,,
23,70.0,CORNER,Janssen takes the corner.,Janssen,Twente,,
24,70.0,SAVE,Gomes makes a save.,Gomes,Tottenham,Gomes,Tottenham
25,70.0,SHOT_ON_GOAL,Brama has an effort on goal.,Brama,Twente,Brama,Twente
26,65.0,FOUL,Lennon fouls Tiendalli.,Lennon,Tottenham,Tiendalli,Twente
27,65.0,FREE_KICK,Ćorluka takes the free-kick.,Ćorluka,Tottenham,Gallas,Tottenham
28,64.0,FOUL,Janko fouls Gallas.,Janko,Twente,Gallas,Tottenham
29,64.0,GOAL,Chadli scores!,Chadli,Twente,Gomes,Twente
30,62.0,FOUL,Lennon fouls Janko.,Lennon,Tottenham,Janko,Twente
31,62.0,FOUL,Bale fouls Rosales.,Bale,Tottenham,Rosales,Twente
32,59.0,GOAL,Defoe scores!,Defoe,Tottenham,Boschker,Tottenham
33,59.0,SAVE,Boschker makes a save.,Boschker,Twente,Boschker,Twente
34,59.0,SHOT_ON_GOAL,W. Palacios has an effort on goal.,W. Palacios,Tottenham,W. Palacios,Tottenham
35,58.0,FOUL,Chadli fouls Lennon.,Chadli,Twente,Lennon,Tottenham
36,56.0,OFFSIDE,Defoe is flagged for offside.,Defoe,Tottenham,Defoe,Tottenham
37,56.0,GOAL,Rosales scores!,Rosales,Twente,Gomes,Twente
38,55.0,ASSIST,Good assist from Janssen.,Janssen,Twente,Janssen,Twente
39,51.0,FREE_KICK,Assou-Ekotto takes the free-kick.,Assou-Ekotto,Tottenham,Bassong,Tottenham
40,50.0,OFFSIDE,Janko is flagged for offside.,Janko,Twente,Janko,Twente
41,49.0,SHOT_BLOCKED,Janssen has a shot blocked.,Janssen,Twente,Janssen,Twente
42,48.0,FOUL,Gallas fouls Janko.,Gallas,Tottenham,Janko,Twente
43,48.0,SAVE,Gomes makes a save.,Gomes,Tottenham,Gomes,Tottenham
44,48.0,SHOT_ON_GOAL,Chadli has an effort on goal.,Chadli,Twente,Chadli,Twente
45,48.0,CORNER,Janssen takes the corner.,Janssen,Twente,Chadli,Twente
46,48.0,SHOT_WIDE,Janko misses the target.,Janko,Twente,Janko,Twente
47,47.0,GOAL,Defoe scores!,Defoe,Tottenham,Boschker,Tottenham
48,47.0,ASSIST,Good assist from Lennon.,Lennon,Tottenham,Lennon,Tottenham
49,46.0,START_PHASE,The second half begins.,,,,
50,45.0,SHOT_WIDE,Defoe misses the target.,Defoe,Tottenham,Defoe,Tottenham
51,45.0,FOUL,Rosales fouls Bale.,Rosales,Twente,Bale,Tottenham
52,43.0,FREE_KICK,Janssen takes the free-kick.,Janssen,Twente,Douglas,Twente
53,43.0,FOUL,W. Palacios fouls Janssen.,W. Palacios,Tottenham,Janssen,Twente
54,42.0,FREE_KICK,Kranjčar takes the free-kick.,Kranjčar,Tottenham,Pavlyuchenko,Tottenham
55,41.0,FOUL,Brama fouls W. Palacios.,Brama,Twente,W. Palacios,Tottenham
56,41.0,SHOT_WIDE,Janko misses the target.,Janko,Twente,Janko,Twente
57,40.0,CORNER,Janssen takes the corner.,Janssen,Twente,Gomes,Tottenham
58,39.0,FREE_KICK,Assou-Ekotto takes the free-kick.,Assou-Ekotto,Tottenham,Wisgerhof,Twente
59,39.0,FOUL,L. de Jong fouls Bassong.,L. de Jong,Twente,Bassong,Tottenham
60,38.0,FREE_KICK,Assou-Ekotto takes the free-kick.,Assou-Ekotto,Tottenham,Kranjčar,Tottenham
61,38.0,FOUL,Rosales fouls Bale.,Rosales,Twente,Bale,Tottenham
62,37.0,SHOT_WIDE,Kranjčar misses the target.,Kranjčar,Tottenham,Kranjčar,Tottenham
63,35.0,FREE_KICK,Brama takes the free-kick.,Brama,Twente,Janko,Twente
64,35.0,FOUL,Kranjčar fouls Brama.,Kranjčar,Tottenham,Brama,Twente
65,35.0,SAVE,Gomes makes a save.,Gomes,Tottenham,Gomes,Tottenham
66,35.0,SHOT_ON_GOAL,Janko has an effort on goal.,Janko,Twente,Janko,Twente
67,34.0,SUBSTITUTION,Lennon (on) - Jenas (off),Jenas,Tottenham,Lennon,Tottenham
68,32.0,YELLOW_CARD,Jenas is cautioned by the referee.,Jenas,Tottenham,Jenas,Tottenham
69,30.0,SHOT_BLOCKED,Chadli has a shot blocked.,Chadli,Twente,Chadli,Twente
70,30.0,SHOT_BLOCKED,Chadli has a shot blocked.,Chadli,Twente,Chadli,Twente
71,28.0,CORNER,Kranjčar takes the corner.,Kranjčar,Tottenham,Douglas,Twente
72,28.0,SAVE,Boschker makes a save.,Boschker,Twente,Boschker,Twente
73,28.0,SHOT_ON_GOAL,Pavlyuchenko has an effort on goal.,Pavlyuchenko,Tottenham,Pavlyuchenko,Tottenham
74,28.0,CORNER,Kranjčar takes the corner.,Kranjčar,Tottenham,Pavlyuchenko,Tottenham
75,28.0,SAVE,Boschker makes a save.,Boschker,Twente,Boschker,Twente
76,28.0,SHOT_ON_GOAL,Pavlyuchenko has an effort on goal.,Pavlyuchenko,Tottenham,Pavlyuchenko,Tottenham
77,25.0,FREE_KICK,Wisgerhof takes the free-kick.,Wisgerhof,Twente,,
78,25.0,FOUL,Pavlyuchenko handles the ball.,Pavlyuchenko,Tottenham,,
79,24.0,SAVE,Gomes makes a save.,Gomes,Tottenham,Gomes,Tottenham
80,24.0,SHOT_ON_GOAL,Rosales has an effort on goal.,Rosales,Twente,Rosales,Twente
81,24.0,FREE_KICK,Janssen takes the free-kick.,Janssen,Twente,Rosales,Twente
82,24.0,FOUL,Kranjčar fouls Tiendalli.,Kranjčar,Tottenham,Tiendalli,Twente
83,22.0,GOAL,Landzaat scores from the penalty spot.,Landzaat,Twente,Gomes,Twente
84,20.0,FOUL,Assou-Ekotto handles the ball.,Assou-Ekotto,Tottenham,,
85,20.0,SHOT_BLOCKED,Rosales has a shot blocked.,Rosales,Twente,Rosales,Twente
86,18.0,FREE_KICK,Bale takes the free-kick.,Bale,Tottenham,Jenas,Tottenham
87,18.0,FOUL,L. de Jong fouls Bale.,L. de Jong,Twente,Bale,Tottenham
88,14.0,FREE_KICK,Bale takes the free-kick.,Bale,Tottenham,,
89,14.0,FOUL,Rosales fouls Bale.,Rosales,Twente,Bale,Tottenham
90,12.0,GOAL,Wisgerhof scores an own goal.,Wisgerhof,Twente,Boschker,Tottenham
91,9.0,SHOT_WIDE,Janssen misses the target.,Janssen,Twente,Janssen,Twente
92,8.0,FOUL,W. Palacios fouls Landzaat.,W. Palacios,Tottenham,Landzaat,Twente
93,6.0,CORNER,Kranjčar takes the corner.,Kranjčar,Tottenham,Douglas,Twente
94,5.0,CORNER,Janssen takes the corner.,Janssen,Twente,Pavlyuchenko,Tottenham
95,5.0,CORNER,Janssen takes the corner.,Janssen,Twente,Jenas,Tottenham
96,4.0,SAVE,Gomes makes a save.,Gomes,Tottenham,Gomes,Tottenham
97,4.0,SHOT_ON_GOAL,L. de Jong has an effort on goal.,L. de Jong,Twente,L. de Jong,Twente
98,4.0,FREE_KICK,Janssen takes the free-kick.,Janssen,Twente,Douglas,Twente
99,3.0,FOUL,Gallas fouls Janko.,Gallas,Tottenham,Janko,Twente
100,1.0,START_PHASE,The match is under way.,,,,
