,minute,eventType,autoText,primaryPlayer,primaryTeam,secondaryPlayer,secondaryTeam
0,,END_PHASE,The final whistle is blown.,,,,
1,90.0,FOUL,Janko fouls Huddlestone.,Janko,Twente,Huddlestone,Tottenham
2,90.0,SAVE,Gomes makes a save.,Gomes,Tottenham,Gomes,Tottenham
3,90.0,SHOT_ON_GOAL,Ruiz has an effort on goal.,Ruiz,Twente,Ruiz,Twente
4,90.0,FOUL,Janko fouls King.,Janko,Twente,King,Tottenham
5,90.0,CORNER,Rosales takes the corner.,Rosales,Twente,Douglas,Twente
6,90.0,FOUL,L. de Jong fouls Hutton.,L. de Jong,Twente,Hutton,Tottenham
7,89.0,SUBSTITUTION,Keane (on) - Pavlyuchenko (off),Pavlyuchenko,Tottenham,Keane,Tottenham
8,89.0,SHOT_WIDE,L. de Jong misses the target.,L. de Jong,Twente,L. de Jong,Twente
9,85.0,GOAL,Bale scores!,Bale,Tottenham,Mihaylov,Tottenham
10,85.0,FOUL,Rosales fouls Assou-Ekotto.,Rosales,Twente,Assou-Ekotto,Tottenham
11,84.0,SHOT_WIDE,Rosales misses the target.,Rosales,Twente,Rosales,Twente
12,82.0,SUBSTITUTION,Lennon (on) - Modrić (off),Modrić,Tottenham,Lennon,Tottenham
13,82.0,FOUL,Kuiper fouls Pavlyuchenko.,Kuiper,Twente,Pavlyuchenko,Tottenham
14,80.0,SHOT_WIDE,Chadli misses the target.,Chadli,Twente,Chadli,Twente
15,80.0,FOUL,Assou-Ekotto fouls Rosales.,Assou-Ekotto,Tottenham,Rosales,Twente
16,80.0,YELLOW_CARD,Rosales is cautioned by the referee.,Rosales,Twente,Rosales,Twente
17,79.0,OFFSIDE,Janko is flagged for offside.,Janko,Twente,Janko,Twente
18,78.0,CORNER,Janssen takes the corner.,Janssen,Twente,Rosales,Twente
19,76.0,FOUL,Brama fouls Hutton.,Brama,Twente,Hutton,Tottenham
20,75.0,CORNER,Bale takes the corner.,Bale,Tottenham,Modrić,Tottenham
21,72.0,SAVE,Gomes makes a save.,Gomes,Tottenham,Gomes,Tottenham
22,72.0,SHOT_ON_GOAL,L. de Jong has an effort on goal.,L. de Jong,Twente,L. de Jong,Twente
23,71.0,SHOT_WIDE,Brama misses the target.,Brama,Twente,Brama,Twente
24,69.0,SUBSTITUTION,L. de Jong (on) - Landzaat (off),Landzaat,Twente,L. de Jong,Twente
25,68.0,FOUL,Douglas fouls Pavlyuchenko.,Douglas,Twente,Pavlyuchenko,Tottenham
26,66.0,SHOT_WIDE,Janssen misses the target.,Janssen,Twente,Janssen,Twente
27,66.0,SUBSTITUTION,Jenas (on) - Crouch (off),Crouch,Tottenham,Jenas,Tottenham
28,64.0,GOAL,Pavlyuchenko scores from the penalty spot.,Pavlyuchenko,Tottenham,Mihaylov,Tottenham
29,63.0,FOUL,Kuiper handles the ball.,Kuiper,Twente,,
30,63.0,SHOT_BLOCKED,Pavlyuchenko has a shot blocked.,Pavlyuchenko,Tottenham,Pavlyuchenko,Tottenham
31,62.0,SHOT_WIDE,Landzaat misses the target.,Landzaat,Twente,Landzaat,Twente
32,61.0,RED_YELLOW_CARD,Van der Vaart is shown a second yellow card and is dismissed.,Van der Vaart,Tottenham,Van der Vaart,Tottenham
33,61.0,FOUL,Van der Vaart fouls Rosales.,Van der Vaart,Tottenham,Rosales,Twente
34,61.0,CORNER,Janssen takes the corner.,Janssen,Twente,Bale,Tottenham
35,60.0,CORNER,Janssen takes the corner.,Janssen,Twente,Assou-Ekotto,Tottenham
36,59.0,FOUL,Bassong fouls Ruiz.,Bassong,Tottenham,Ruiz,Twente
37,58.0,FOUL,Janko fouls Bassong.,Janko,Twente,Bassong,Tottenham
38,58.0,SHOT_WIDE,Huddlestone misses the target.,Huddlestone,Tottenham,Huddlestone,Tottenham
39,57.0,FOUL,Bale fouls Landzaat.,Bale,Tottenham,Landzaat,Twente
40,56.0,GOAL,Chadli scores!,Chadli,Twente,Gomes,Twente
41,56.0,SHOT_BLOCKED,Douglas has a shot blocked.,Douglas,Twente,Douglas,Twente
42,55.0,FOUL,Van der Vaart fouls Kuiper.,Van der Vaart,Tottenham,Kuiper,Twente
43,54.0,SHOT_WIDE,Janko misses the target.,Janko,Twente,Janko,Twente
44,54.0,FOUL,King fouls Janko.,King,Tottenham,Janko,Twente
45,54.0,YELLOW_CARD,Kuiper is cautioned by the referee.,Kuiper,Twente,Kuiper,Twente
46,53.0,SHOT_WIDE,Crouch misses the target.,Crouch,Tottenham,Crouch,Tottenham
47,53.0,CORNER,Chadli takes the corner.,Chadli,Twente,Landzaat,Twente
48,53.0,SHOT_BLOCKED,Ruiz has a shot blocked.,Ruiz,Twente,Ruiz,Twente
49,52.0,FOUL,Rosales fouls Van der Vaart.,Rosales,Twente,Van der Vaart,Tottenham
50,51.0,CORNER,Janssen takes the corner.,Janssen,Twente,Wisgerhof,Twente
51,50.0,GOAL,Pavlyuchenko scores from the penalty spot.,Pavlyuchenko,Tottenham,Mihaylov,Tottenham
52,49.0,FOUL,Rosales fouls Bale.,Rosales,Twente,Bale,Tottenham
53,48.0,FOUL,Landzaat fouls Bassong.,Landzaat,Twente,Bassong,Tottenham
54,48.0,FOUL,Kuiper fouls Van der Vaart.,Kuiper,Twente,Van der Vaart,Tottenham
55,47.0,GOAL,Van der Vaart scores!,Van der Vaart,Tottenham,Mihaylov,Tottenham
56,47.0,ASSIST,Good assist from Crouch.,Crouch,Tottenham,Crouch,Tottenham
57,46.0,START_PHASE,The second half begins.,,,,
58,,END_PHASE,The referee blows for half-time.,,,,
59,45.0,FOUL,Janko fouls King.,Janko,Twente,King,Tottenham
60,45.0,FOUL,Rosales fouls Bale.,Rosales,Twente,Bale,Tottenham
61,45.0,FOUL,Crouch fouls Douglas.,Crouch,Tottenham,Douglas,Twente
62,44.0,CORNER,Van der Vaart takes the corner.,Van der Vaart,Tottenham,Janssen,Twente
63,44.0,SAVE,Mihaylov makes a save.,Mihaylov,Twente,Mihaylov,Twente
64,44.0,SHOT_ON_GOAL,Van der Vaart has an effort on goal.,Van der Vaart,Tottenham,Van der Vaart,Tottenham
65,44.0,CORNER,Janssen takes the corner.,Janssen,Twente,Crouch,Tottenham
66,43.0,SHOT_BLOCKED,Janssen has a shot blocked.,Janssen,Twente,Janssen,Twente
67,43.0,YELLOW_CARD,Van der Vaart is cautioned by the referee.,Van der Vaart,Tottenham,Van der Vaart,Tottenham
68,42.0,FOUL,Van der Vaart fouls Kuiper.,Van der Vaart,Tottenham,Kuiper,Twente
69,41.0,CORNER,Modrić takes the corner.,Modrić,Tottenham,,
70,41.0,PENALTY,Van der Vaart's penalty is saved by the goalkeeper.,Van der Vaart,Tottenham,Mihaylov,Tottenham
71,41.0,FOUL,Wisgerhof fouls Crouch.,Wisgerhof,Twente,Crouch,Tottenham
72,40.0,YELLOW_CARD,Mihaylov is cautioned by the referee.,Mihaylov,Twente,Mihaylov,Twente
73,39.0,FOUL,Wisgerhof fouls Crouch.,Wisgerhof,Twente,Crouch,Tottenham
74,39.0,SAVE,Mihaylov makes a save.,Mihaylov,Twente,Mihaylov,Twente
75,39.0,SHOT_ON_GOAL,Pavlyuchenko has an effort on goal.,Pavlyuchenko,Tottenham,Pavlyuchenko,Tottenham
76,37.0,OFFSIDE,Janko is flagged for offside.,Janko,Twente,Janko,Twente
77,37.0,SAVE,Gomes makes a save.,Gomes,Tottenham,Gomes,Tottenham
78,37.0,SHOT_ON_GOAL,Chadli has an effort on goal.,Chadli,Twente,Chadli,Twente
79,37.0,SAVE,Mihaylov makes a save.,Mihaylov,Twente,Mihaylov,Twente
80,37.0,SHOT_ON_GOAL,Van der Vaart has an effort on goal.,Van der Vaart,Tottenham,Van der Vaart,Tottenham
81,34.0,FOUL,Van der Vaart fouls Ruiz.,Van der Vaart,Tottenham,Ruiz,Twente
82,33.0,SHOT_WIDE,Van der Vaart misses the target.,Van der Vaart,Tottenham,Van der Vaart,Tottenham
83,32.0,SAVE,Gomes makes a save.,Gomes,Tottenham,Gomes,Tottenham
84,32.0,SHOT_ON_GOAL,Ruiz has an effort on goal.,Ruiz,Twente,Ruiz,Twente
85,30.0,SHOT_WIDE,Kuiper misses the target.,Kuiper,Twente,Kuiper,Twente
86,29.0,SHOT_BLOCKED,Janssen has a shot blocked.,Janssen,Twente,Janssen,Twente
87,29.0,SHOT_WIDE,Janko misses the target.,Janko,Twente,Janko,Twente
88,28.0,SUBSTITUTION,Chadli (on) - Bajrami (off),Bajrami,Twente,Chadli,Twente
89,28.0,FOUL,Brama fouls Van der Vaart.,Brama,Twente,Van der Vaart,Tottenham
90,23.0,FOUL,Brama fouls Van der Vaart.,Brama,Twente,Van der Vaart,Tottenham
91,22.0,OFFSIDE,Bajrami is flagged for offside.,Bajrami,Twente,Bajrami,Twente
92,19.0,FOUL,Modrić fouls Bajrami.,Modrić,Tottenham,Bajrami,Twente
93,17.0,FOUL,Janko fouls Huddlestone.,Janko,Twente,Huddlestone,Tottenham
94,16.0,FOUL,Kuiper fouls Bale.,Kuiper,Twente,Bale,Tottenham
95,15.0,SAVE,Mihaylov makes a save.,Mihaylov,Twente,Mihaylov,Twente
96,15.0,SHOT_ON_GOAL,Van der Vaart has an effort on goal.,Van der Vaart,Tottenham,Van der Vaart,Tottenham
97,14.0,SHOT_BLOCKED,Crouch has a shot blocked.,Crouch,Tottenham,Crouch,Tottenham
98,13.0,FOUL,Rosales handles the ball.,Rosales,Twente,,
99,12.0,SAVE,Gomes makes a save.,Gomes,Tottenham,Gomes,Tottenham
100,12.0,SHOT_ON_GOAL,Ruiz has an effort on goal.,Ruiz,Twente,Ruiz,Twente
101,11.0,SHOT_WIDE,Pavlyuchenko misses the target.,Pavlyuchenko,Tottenham,Pavlyuchenko,Tottenham
102,9.0,FOUL,Wisgerhof fouls Crouch.,Wisgerhof,Twente,Crouch,Tottenham
103,7.0,SHOT_WIDE,Ruiz misses the target.,Ruiz,Twente,Ruiz,Twente
104,7.0,FOUL,King fouls Janko.,King,Tottenham,Janko,Twente
105,5.0,FOUL,Janssen fouls Modrić.,Janssen,Twente,Modrić,Tottenham
106,4.0,FOUL,Bassong fouls Janko.,Bassong,Tottenham,Janko,Twente
107,3.0,FOUL,Kuiper fouls Van der Vaart.,Kuiper,Twente,Van der Vaart,Tottenham
108,3.0,SAVE,Gomes makes a save.,Gomes,Tottenham,Gomes,Tottenham
109,3.0,SHOT_ON_GOAL,Ruiz has an effort on goal.,Ruiz,Twente,Ruiz,Twente
110,3.0,FOUL,Rosales fouls Van der Vaart.,Rosales,Twente,Van der Vaart,Tottenham
111,2.0,OFFSIDE,Janko is flagged for offside.,Janko,Twente,Janko,Twente
112,1.0,FOUL,Hutton fouls Bajrami.,Hutton,Tottenham,Bajrami,Twente
113,1.0,START_PHASE,The match is under way.,,,,
