,minute,eventType,autoText,primaryPlayer,primaryTeam,secondaryPlayer,secondaryTeam
0,,END_PHASE,The final whistle is blown.,,,,
1,90.0,SHOT_BLOCKED,Kaboul has a shot blocked.,Kaboul,Tottenham,Kaboul,Tottenham
2,90.0,SHOT_BLOCKED,Kaboul has a shot blocked.,Kaboul,Tottenham,Kaboul,Tottenham
3,90.0,YELLOW_CARD,Borowski is cautioned by the referee.,Borowski,Bremen,Borowski,Bremen
4,90.0,FOUL,Borowski fouls Assou-Ekotto.,Borowski,Bremen,Assou-Ekotto,Tottenham
5,90.0,FOUL,Crouch fouls Borowski.,Crouch,Tottenham,Borowski,Bremen
6,89.0,FOUL,Borowski handles the ball.,Borowski,Bremen,,
7,88.0,SAVE,Cudicini makes a save.,Cudicini,Tottenham,Cudicini,Tottenham
8,88.0,SHOT_ON_GOAL,Hunt has an effort on goal.,Hunt,Bremen,Hunt,Bremen
9,88.0,SHOT_BLOCKED,Arnautović has a shot blocked.,Arnautović,Bremen,Arnautović,Bremen
10,87.0,SHOT_WIDE,Crouch misses the target.,Crouch,Tottenham,Crouch,Tottenham
11,85.0,CORNER,Hunt takes the corner.,Hunt,Bremen,,
12,85.0,SHOT_WIDE,Frings misses the target.,Frings,Bremen,Frings,Bremen
13,85.0,CORNER,Hunt takes the corner.,Hunt,Bremen,Frings,Bremen
14,84.0,FOUL,Ćorluka fouls Marin.,Ćorluka,Tottenham,Marin,Bremen
15,83.0,SHOT_BLOCKED,Borowski has a shot blocked.,Borowski,Bremen,Borowski,Bremen
16,79.0,SUBSTITUTION,Wagner (on) - Hugo Almeida (off),Hugo Almeida,Bremen,Wagner,Bremen
17,79.0,SHOT_WIDE,Borowski misses the target.,Borowski,Bremen,Borowski,Bremen
18,76.0,SUBSTITUTION,W. Palacios (on) - Lennon (off),Lennon,Tottenham,W. Palacios,Tottenham
19,75.0,FOUL,Borowski fouls King.,Borowski,Bremen,King,Tottenham
20,74.0,FOUL,Crouch fouls Frings.,Crouch,Tottenham,Frings,Bremen
21,73.0,SHOT_WIDE,Hunt misses the target.,Hunt,Bremen,Hunt,Bremen
22,72.0,FOUL,Crouch fouls Borowski.,Crouch,Tottenham,Borowski,Bremen
23,72.0,SHOT_WIDE,Prödl misses the target.,Prödl,Bremen,Prödl,Bremen
24,71.0,OFFSIDE,Keane is flagged for offside.,Keane,Tottenham,Keane,Tottenham
25,71.0,SHOT_WIDE,Arnautović misses the target.,Arnautović,Bremen,Arnautović,Bremen
26,70.0,OFFSIDE,Hugo Almeida is flagged for offside.,Hugo Almeida,Bremen,Hugo Almeida,Bremen
27,67.0,SUBSTITUTION,Borowski (on) - Wesley (off),Wesley,Bremen,Borowski,Bremen
28,67.0,SHOT_WIDE,Marin misses the target.,Marin,Bremen,Marin,Bremen
29,66.0,YELLOW_CARD,Jenas is cautioned by the referee.,Jenas,Tottenham,Jenas,Tottenham
30,66.0,FOUL,Jenas fouls Wesley.,Jenas,Tottenham,Wesley,Bremen
31,62.0,FOUL,Crouch fouls Fritz.,Crouch,Tottenham,Fritz,Bremen
32,61.0,CORNER,Bale takes the corner.,Bale,Tottenham,,
33,59.0,FOUL,Silvestre fouls Crouch.,Silvestre,Bremen,Crouch,Tottenham
34,59.0,FOUL,Marin fouls Cudicini.,Marin,Bremen,Cudicini,Tottenham
35,57.0,OFFSIDE,Crouch is flagged for offside.,Crouch,Tottenham,Crouch,Tottenham
36,57.0,FOUL,Wesley fouls Bale.,Wesley,Bremen,Bale,Tottenham
37,56.0,FOUL,Crouch fouls Silvestre.,Crouch,Tottenham,Silvestre,Bremen
38,55.0,SHOT_WIDE,Hugo Almeida misses the target.,Hugo Almeida,Bremen,Hugo Almeida,Bremen
39,53.0,SHOT_WIDE,Prödl misses the target.,Prödl,Bremen,Prödl,Bremen
40,53.0,CORNER,Wesley takes the corner.,Wesley,Bremen,Prödl,Bremen
41,53.0,SHOT_BLOCKED,Arnautović has a shot blocked.,Arnautović,Bremen,Arnautović,Bremen
42,52.0,YELLOW_CARD,Huddlestone is cautioned by the referee.,Huddlestone,Tottenham,Huddlestone,Tottenham
43,52.0,FOUL,Huddlestone fouls Marin.,Huddlestone,Tottenham,Marin,Bremen
44,52.0,SAVE,Cudicini makes a save.,Cudicini,Tottenham,Cudicini,Tottenham
45,52.0,SHOT_ON_GOAL,Hunt has an effort on goal.,Hunt,Bremen,Hunt,Bremen
46,52.0,SHOT_BLOCKED,Marin has a shot blocked.,Marin,Bremen,Marin,Bremen
47,52.0,FOUL,Huddlestone fouls Wesley.,Huddlestone,Tottenham,Wesley,Bremen
48,51.0,FOUL,Kaboul fouls Arnautović.,Kaboul,Tottenham,Arnautović,Bremen
49,50.0,CORNER,Bale takes the corner.,Bale,Tottenham,Arnautović,Bremen
50,49.0,SUBSTITUTION,Keane (on) - Van der Vaart (off),Van der Vaart,Tottenham,Keane,Tottenham
51,47.0,GOAL,Marin scores!,Marin,Bremen,Cudicini,Bremen
52,47.0,ASSIST,Good assist from Hugo Almeida.,Hugo Almeida,Bremen,Hugo Almeida,Bremen
53,47.0,CORNER,Hunt takes the corner.,Hunt,Bremen,,
54,46.0,SAVE,Cudicini makes a save.,Cudicini,Tottenham,Cudicini,Tottenham
55,46.0,SHOT_ON_GOAL,Hunt has an effort on goal.,Hunt,Bremen,Hunt,Bremen
56,46.0,START_PHASE,The second half begins.,,,,
57,,END_PHASE,The referee blows for half-time.,,,,
58,45.0,CORNER,Frings takes the corner.,Frings,Bremen,Frings,Bremen
59,45.0,SAVE,Cudicini makes a save.,Cudicini,Tottenham,Cudicini,Tottenham
60,45.0,SHOT_ON_GOAL,Hugo Almeida has an effort on goal.,Hugo Almeida,Bremen,Hugo Almeida,Bremen
61,45.0,FREE_KICK,Frings takes the free-kick.,Frings,Bremen,Kaboul,Tottenham
62,44.0,FOUL,Assou-Ekotto fouls Hunt.,Assou-Ekotto,Tottenham,Hunt,Bremen
63,44.0,FOUL,Van der Vaart fouls Pasanen.,Van der Vaart,Tottenham,Pasanen,Bremen
64,43.0,GOAL,Hugo Almeida scores!,Hugo Almeida,Bremen,Cudicini,Bremen
65,43.0,ASSIST,Good assist from Wesley.,Wesley,Bremen,Wesley,Bremen
66,41.0,SHOT_WIDE,Van der Vaart misses the target.,Van der Vaart,Tottenham,Van der Vaart,Tottenham
67,40.0,OFFSIDE,Hugo Almeida is flagged for offside.,Hugo Almeida,Bremen,Hugo Almeida,Bremen
68,39.0,CORNER,Van der Vaart takes the corner.,Van der Vaart,Tottenham,,
69,38.0,CORNER,Van der Vaart takes the corner.,Van der Vaart,Tottenham,Hunt,Bremen
70,37.0,OFFSIDE,Crouch is flagged for offside.,Crouch,Tottenham,Crouch,Tottenham
71,37.0,SUBSTITUTION,Hunt (on) - Bargfrede (off),Bargfrede,Bremen,Hunt,Bremen
72,37.0,FOUL,Arnautović fouls Assou-Ekotto.,Arnautović,Bremen,Assou-Ekotto,Tottenham
73,36.0,SAVE,Wiese makes a save.,Wiese,Bremen,Wiese,Bremen
74,36.0,SHOT_ON_GOAL,Bale has an effort on goal.,Bale,Tottenham,Bale,Tottenham
75,35.0,CORNER,Bale takes the corner.,Bale,Tottenham,Kaboul,Tottenham
76,31.0,SAVE,Wiese makes a save.,Wiese,Bremen,Wiese,Bremen
77,31.0,SHOT_ON_GOAL,Bale has an effort on goal.,Bale,Tottenham,Bale,Tottenham
78,29.0,FOUL,Lennon handles the ball.,Lennon,Tottenham,,
79,28.0,FOUL,Frings handles the ball.,Frings,Bremen,,
80,27.0,CORNER,Marin takes the corner.,Marin,Bremen,,
81,27.0,SHOT_BLOCKED,Marin has a shot blocked.,Marin,Bremen,Marin,Bremen
82,24.0,CORNER,Marin takes the corner.,Marin,Bremen,,
83,23.0,FOUL,Huddlestone fouls Marin.,Huddlestone,Tottenham,Marin,Bremen
84,18.0,GOAL,Crouch scores!,Crouch,Tottenham,Wiese,Tottenham
85,18.0,ASSIST,Good assist from Van der Vaart.,Van der Vaart,Tottenham,Van der Vaart,Tottenham
86,17.0,FOUL,Frings fouls Assou-Ekotto.,Frings,Bremen,Assou-Ekotto,Tottenham
87,16.0,SHOT_WIDE,Arnautović misses the target.,Arnautović,Bremen,Arnautović,Bremen
88,14.0,FOUL,Van der Vaart fouls Silvestre.,Van der Vaart,Tottenham,Silvestre,Bremen
89,14.0,SHOT_BLOCKED,Frings has a shot blocked.,Frings,Bremen,Frings,Bremen
90,12.0,GOAL,Pasanen scores an own goal.,Pasanen,Bremen,Wiese,Tottenham
91,11.0,SHOT_BLOCKED,Assou-Ekotto has a shot blocked.,Assou-Ekotto,Tottenham,Assou-Ekotto,Tottenham
92,9.0,SHOT_WIDE,Wesley misses the target.,Wesley,Bremen,Wesley,Bremen
93,7.0,CORNER,Marin takes the corner.,Marin,Bremen,Huddlestone,Tottenham
94,5.0,FOUL,Arnautović fouls Assou-Ekotto.,Arnautović,Bremen,Assou-Ekotto,Tottenham
95,4.0,SHOT_WIDE,Jenas misses the target.,Jenas,Tottenham,Jenas,Tottenham
96,4.0,FREE_KICK,Jenas takes the free-kick.,Jenas,Tottenham,,
97,3.0,FOUL,Bargfrede fouls Bale.,Bargfrede,Bremen,Bale,Tottenham
98,2.0,SHOT_WIDE,Huddlestone misses the target.,Huddlestone,Tottenham,Huddlestone,Tottenham
99,1.0,START_PHASE,The match is under way.,,,,
