,minute,eventType,autoText,primaryPlayer,primaryTeam,secondaryPlayer,secondaryTeam
0,,END_PHASE,The final whistle is blown.,,,,
1,90.0,SHOT_BLOCKED,D. Fletcher has a shot blocked.,D. Fletcher,Man. United,D. Fletcher,Man. United
2,90.0,YELLOW_CARD,McCulloch is cautioned by the referee.,McCulloch,Rangers,McCulloch,Rangers
3,90.0,FOUL,McCulloch fouls D. Fletcher.,McCulloch,Rangers,D. Fletcher,Man. United
4,90.0,YELLOW_CARD,Giggs is cautioned by the referee.,Giggs,Man. United,Giggs,Man. United
5,90.0,CORNER,Giggs takes the corner.,Giggs,Man. United,Gibson,Man. United
6,90.0,FOUL,Bougherra fouls Rooney.,Bougherra,Rangers,Rooney,Man. United
7,90.0,FOUL,Rooney fouls A. McGregor.,Rooney,Man. United,A. McGregor,Rangers
8,90.0,CORNER,Giggs takes the corner.,Giggs,Man. United,Broadfoot,Rangers
9,90.0,SHOT_WIDE,Gibson misses the target.,Gibson,Man. United,Gibson,Man. United
10,90.0,FOUL,Bougherra fouls J. Evans.,Bougherra,Rangers,J. Evans,Man. United
11,86.0,SHOT_BLOCKED,Gibson has a shot blocked.,Gibson,Man. United,Gibson,Man. United
12,85.0,CORNER,Giggs takes the corner.,Giggs,Man. United,Gibson,Man. United
13,85.0,SHOT_WIDE,Gibson misses the target.,Gibson,Man. United,Gibson,Man. United
14,85.0,FOUL,Edu fouls Brown.,Edu,Rangers,Brown,Man. United
15,84.0,FOUL,Gibson fouls Broadfoot.,Gibson,Man. United,Broadfoot,Rangers
16,82.0,SHOT_WIDE,Gibson misses the target.,Gibson,Man. United,Gibson,Man. United
17,81.0,SUBSTITUTION,Lafferty (on) - Miller (off),Miller,Rangers,Lafferty,Rangers
18,79.0,FOUL,McCulloch fouls Giggs.,McCulloch,Rangers,Giggs,Man. United
19,78.0,SAVE,Kuszczak makes a save.,Kuszczak,Man. United,Kuszczak,Man. United
20,78.0,SHOT_ON_GOAL,McCulloch has an effort on goal.,McCulloch,Rangers,McCulloch,Rangers
21,77.0,SAVE,A. McGregor makes a save.,A. McGregor,Rangers,A. McGregor,Rangers
22,77.0,SHOT_ON_GOAL,Rooney has an effort on goal.,Rooney,Man. United,Rooney,Man. United
23,76.0,SUBSTITUTION,J. Evans (on) - Fabio (off),Fabio,Man. United,J. Evans,Man. United
24,76.0,SUBSTITUTION,Owen (on) - Park Ji-Sung (off),Park Ji-Sung,Man. United,Owen,Man. United
25,75.0,FOUL,Rooney fouls A. McGregor.,Rooney,Man. United,A. McGregor,Rangers
26,74.0,OFFSIDE,Hernández is flagged for offside.,Hernández,Man. United,Hernández,Man. United
27,73.0,FOUL,Brown fouls Broadfoot.,Brown,Man. United,Broadfoot,Rangers
28,73.0,FOUL,Rooney fouls Edu.,Rooney,Man. United,Edu,Rangers
29,70.0,SHOT_WIDE,Rooney misses the target.,Rooney,Man. United,Rooney,Man. United
30,68.0,FOUL,Fabio fouls S. Davis.,Fabio,Man. United,S. Davis,Rangers
31,67.0,FOUL,Park Ji-Sung handles the ball.,Park Ji-Sung,Man. United,,
32,66.0,OFFSIDE,Miller is flagged for offside.,Miller,Rangers,Miller,Rangers
33,66.0,FOUL,Naismith handles the ball.,Naismith,Rangers,,
34,64.0,SHOT_BLOCKED,Rooney has a shot blocked.,Rooney,Man. United,Rooney,Man. United
35,63.0,SUBSTITUTION,Giggs (on) - A. Valencia (off),A. Valencia,Man. United,Giggs,Man. United
36,57.0,SAVE,Kuszczak makes a save.,Kuszczak,Man. United,Kuszczak,Man. United
37,57.0,SHOT_ON_GOAL,Naismith has an effort on goal.,Naismith,Rangers,Naismith,Rangers
38,53.0,SAVE,Kuszczak makes a save.,Kuszczak,Man. United,Kuszczak,Man. United
39,53.0,SHOT_ON_GOAL,Papac has an effort on goal.,Papac,Rangers,Papac,Rangers
40,50.0,FOUL,A. Valencia fouls Broadfoot.,A. Valencia,Man. United,Broadfoot,Rangers
41,47.0,SHOT_WIDE,Gibson misses the target.,Gibson,Man. United,Gibson,Man. United
42,46.0,START_PHASE,The second half begins.,,,,
43,,END_PHASE,The referee blows for half-time.,,,,
44,45.0,YELLOW_CARD,A. McGregor is cautioned by the referee.,A. McGregor,Rangers,A. McGregor,Rangers
45,44.0,FOUL,Rooney fouls Naismith.,Rooney,Man. United,Naismith,Rangers
46,43.0,SHOT_BLOCKED,Gibson has a shot blocked.,Gibson,Man. United,Gibson,Man. United
47,43.0,FOUL,Edu fouls Park Ji-Sung.,Edu,Rangers,Park Ji-Sung,Man. United
48,41.0,FOUL,Brown fouls Naismith.,Brown,Man. United,Naismith,Rangers
49,41.0,FOUL,Hernández fouls Edu.,Hernández,Man. United,Edu,Rangers
50,39.0,SHOT_WIDE,D. Fletcher misses the target.,D. Fletcher,Man. United,D. Fletcher,Man. United
51,38.0,SAVE,A. McGregor makes a save.,A. McGregor,Rangers,A. McGregor,Rangers
52,38.0,SHOT_ON_GOAL,Rooney has an effort on goal.,Rooney,Man. United,Rooney,Man. United
53,37.0,SAVE,A. McGregor makes a save.,A. McGregor,Rangers,A. McGregor,Rangers
54,37.0,SHOT_ON_GOAL,Gibson has an effort on goal.,Gibson,Man. United,Gibson,Man. United
55,35.0,FOUL,Miller fouls A. Valencia.,Miller,Rangers,A. Valencia,Man. United
56,34.0,SHOT_WIDE,Gibson misses the target.,Gibson,Man. United,Gibson,Man. United
57,33.0,FOUL,Edu fouls Brown.,Edu,Rangers,Brown,Man. United
58,31.0,FOUL,Brown fouls Broadfoot.,Brown,Man. United,Broadfoot,Rangers
59,31.0,SHOT_BLOCKED,A. Valencia has a shot blocked.,A. Valencia,Man. United,A. Valencia,Man. United
60,24.0,FOUL,Hernández fouls Naismith.,Hernández,Man. United,Naismith,Rangers
61,23.0,SHOT_WIDE,Fabio misses the target.,Fabio,Man. United,Fabio,Man. United
62,22.0,FOUL,Brown fouls Naismith.,Brown,Man. United,Naismith,Rangers
63,21.0,FOUL,A. Valencia fouls Broadfoot.,A. Valencia,Man. United,Broadfoot,Rangers
64,15.0,FOUL,Fabio fouls Whittaker.,Fabio,Man. United,Whittaker,Rangers
65,14.0,SHOT_BLOCKED,Gibson has a shot blocked.,Gibson,Man. United,Gibson,Man. United
66,13.0,FOUL,Papac fouls A. Valencia.,Papac,Rangers,A. Valencia,Man. United
67,12.0,FOUL,Miller fouls Ferdinand.,Miller,Rangers,Ferdinand,Man. United
68,12.0,SHOT_WIDE,Hernández misses the target.,Hernández,Man. United,Hernández,Man. United
69,11.0,SHOT_BLOCKED,D. Fletcher has a shot blocked.,D. Fletcher,Man. United,D. Fletcher,Man. United
70,11.0,SAVE,Kuszczak makes a save.,Kuszczak,Man. United,Kuszczak,Man. United
71,11.0,SHOT_ON_GOAL,Weir has an effort on goal.,Weir,Rangers,Weir,Rangers
72,10.0,FOUL,Brown fouls Naismith.,Brown,Man. United,Naismith,Rangers
73,7.0,FOUL,Smalling fouls Miller.,Smalling,Man. United,Miller,Rangers
74,4.0,OFFSIDE,Hernández is flagged for offside.,Hernández,Man. United,Hernández,Man. United
75,2.0,FOUL,Broadfoot fouls A. Valencia.,Broadfoot,Rangers,A. Valencia,Man. United
76,2.0,FOUL,Hernández fouls Weir.,Hernández,Man. United,Weir,Rangers
77,1.0,START_PHASE,The match is under way.,,,,
