,minute,eventType,autoText,primaryPlayer,primaryTeam,secondaryPlayer,secondaryTeam
0,,END_PHASE,The final whistle is blown.,,,,
1,90.0,SUBSTITUTION,Petersen (on) - Gomez (off),Gomez,Bayern,Petersen,Bayern
2,90.0,SHOT_WIDE,Kolarov misses the target.,Kolarov,Man. City,Kolarov,Man. City
3,90.0,SUBSTITUTION,Robben (on) - Ribéry (off),Ribéry,Bayern,Robben,Bayern
4,88.0,FREE_KICK,Boateng takes the free-kick.,Boateng,Bayern,Tymoshchuk,Bayern
5,88.0,FOUL,David Silva handles the ball.,David Silva,Man. City,,
6,84.0,FOUL,Tymoshchuk fouls Kolarov.,Tymoshchuk,Bayern,Kolarov,Man. City
7,84.0,SAVE,Neuer makes a save.,Neuer,Bayern,Neuer,Bayern
8,84.0,SHOT_ON_GOAL,Kolarov has an effort on goal.,Kolarov,Man. City,Kolarov,Man. City
9,83.0,SUBSTITUTION,Tymoshchuk (on) - Kroos (off),Kroos,Bayern,Tymoshchuk,Bayern
10,80.0,FREE_KICK,Richards takes the free-kick.,Richards,Man. City,Touré,Man. City
11,80.0,FOUL,Kroos fouls Richards.,Kroos,Bayern,Richards,Man. City
12,79.0,SHOT_WIDE,Gomez misses the target.,Gomez,Bayern,Gomez,Bayern
13,79.0,FREE_KICK,Gomez takes the free-kick.,Gomez,Bayern,,
14,78.0,YELLOW_CARD,Touré is cautioned by the referee.,Touré,Man. City,,Man. City
15,78.0,FOUL,Touré fouls Ribéry.,Touré,Man. City,Ribéry,Bayern
16,77.0,FREE_KICK,Lahm takes the free-kick.,Lahm,Bayern,Ribéry,Bayern
17,77.0,YELLOW_CARD,Touré is cautioned by the referee.,Touré,Man. City,,Man. City
18,77.0,FOUL,Touré fouls Ribéry.,Touré,Man. City,Ribéry,Bayern
19,77.0,FREE_KICK,Kroos takes the free-kick.,Kroos,Bayern,Ribéry,Bayern
20,77.0,FOUL,Touré fouls Ribéry.,Touré,Man. City,Ribéry,Bayern
21,75.0,SAVE,Neuer makes a save.,Neuer,Bayern,Neuer,Bayern
22,75.0,SHOT_ON_GOAL,Milner has an effort on goal.,Milner,Man. City,Milner,Man. City
23,74.0,FOUL,Luiz Gustavo fouls Kolarov.,Luiz Gustavo,Bayern,Kolarov,Man. City
24,74.0,FREE_KICK,Kolarov takes the free-kick.,Kolarov,Man. City,David Silva,Man. City
25,74.0,FOUL,Rafinha fouls Agüero.,Rafinha,Bayern,Agüero,Man. City
26,73.0,SUBSTITUTION,Kolarov (on) - Barry (off),Barry,Man. City,Kolarov,Man. City
27,72.0,CORNER,Kroos takes the corner.,Kroos,Bayern,Kroos,Bayern
28,72.0,SAVE,Hart makes a save.,Hart,Man. City,Hart,Man. City
29,72.0,SHOT_ON_GOAL,Schweinsteiger has an effort on goal.,Schweinsteiger,Bayern,Schweinsteiger,Bayern
30,72.0,SHOT_BLOCKED,Gomez has a shot blocked.,Gomez,Bayern,Gomez,Bayern
31,69.0,SUBSTITUTION,Milner (on) - Nasri (off),Nasri,Man. City,Milner,Man. City
32,68.0,FREE_KICK,Rafinha takes the free-kick.,Rafinha,Bayern,Gomez,Bayern
33,67.0,YELLOW_CARD,Clichy is cautioned by the referee.,Clichy,Man. City,,Man. City
34,67.0,FOUL,Clichy fouls Müller.,Clichy,Man. City,Müller,Bayern
35,67.0,FREE_KICK,Lahm takes the free-kick.,Lahm,Bayern,Ribéry,Bayern
36,67.0,FOUL,Agüero fouls Ribéry.,Agüero,Man. City,Ribéry,Bayern
37,62.0,FREE_KICK,Clichy takes the free-kick.,Clichy,Man. City,N. De Jong,Man. City
38,62.0,FOUL,Müller fouls Clichy.,Müller,Bayern,Clichy,Man. City
39,61.0,SAVE,Hart makes a save.,Hart,Man. City,Hart,Man. City
40,61.0,SHOT_ON_GOAL,Lahm has an effort on goal.,Lahm,Bayern,Lahm,Bayern
41,60.0,FREE_KICK,Ribéry takes the free-kick.,Ribéry,Bayern,Lahm,Bayern
42,60.0,FOUL,Barry fouls Ribéry.,Barry,Man. City,Ribéry,Bayern
43,59.0,FOUL,Agüero fouls Lahm.,Agüero,Man. City,Lahm,Bayern
44,59.0,FREE_KICK,Lahm takes the free-kick.,Lahm,Bayern,Schweinsteiger,Bayern
45,58.0,CORNER,Kroos takes the corner.,Kroos,Bayern,Kroos,Bayern
46,58.0,SHOT_WIDE,Gomez misses the target.,Gomez,Bayern,Gomez,Bayern
47,57.0,SHOT_BLOCKED,Rafinha has a shot blocked.,Rafinha,Bayern,Rafinha,Bayern
48,57.0,FREE_KICK,Ribéry takes the free-kick.,Ribéry,Bayern,Rafinha,Bayern
49,57.0,FOUL,David Silva fouls Ribéry.,David Silva,Man. City,Ribéry,Bayern
50,56.0,SUBSTITUTION,N. De Jong (on) - Džeko (off),Džeko,Man. City,N. De Jong,Man. City
51,55.0,SHOT_BLOCKED,Ribéry has a shot blocked.,Ribéry,Bayern,Ribéry,Bayern
52,55.0,FREE_KICK,Kroos takes the free-kick.,Kroos,Bayern,Clichy,Man. City
53,54.0,FOUL,Agüero fouls Schweinsteiger.,Agüero,Man. City,Schweinsteiger,Bayern
54,54.0,FREE_KICK,Clichy takes the free-kick.,Clichy,Man. City,Kompany,Man. City
55,54.0,FOUL,Rafinha fouls Džeko.,Rafinha,Bayern,Džeko,Man. City
56,53.0,FREE_KICK,Kroos takes the free-kick.,Kroos,Bayern,Lahm,Bayern
57,52.0,FOUL,Barry fouls Schweinsteiger.,Barry,Man. City,Schweinsteiger,Bayern
58,51.0,FREE_KICK,Rafinha takes the free-kick.,Rafinha,Bayern,Van Buyten,Bayern
59,51.0,FOUL,David Silva fouls Rafinha.,David Silva,Man. City,Rafinha,Bayern
60,49.0,SHOT_WIDE,Lahm misses the target.,Lahm,Bayern,Lahm,Bayern
61,48.0,FREE_KICK,Kroos takes the free-kick.,Kroos,Bayern,Luiz Gustavo,Bayern
62,48.0,FOUL,Agüero fouls Van Buyten.,Agüero,Man. City,Van Buyten,Bayern
63,48.0,FREE_KICK,Neuer takes the free-kick.,Neuer,Bayern,Touré,Man. City
64,47.0,FOUL,David Silva fouls Ribéry.,David Silva,Man. City,Ribéry,Bayern
65,46.0,FREE_KICK,Rafinha takes the free-kick.,Rafinha,Bayern,Boateng,Bayern
66,46.0,FOUL,Clichy fouls Müller.,Clichy,Man. City,Müller,Bayern
67,46.0,START_PHASE,The second half begins.,,,,
68,,END_PHASE,The referee blows for half-time.,,,,
69,45.0,GOAL,Gomez scores!,Gomez,Bayern,Hart,Bayern
70,45.0,FOUL,Džeko fouls Lahm.,Džeko,Man. City,Lahm,Bayern
71,45.0,FREE_KICK,Kroos takes the free-kick.,Kroos,Bayern,Gomez,Bayern
72,43.0,FREE_KICK,Schweinsteiger takes the free-kick.,Schweinsteiger,Bayern,Van Buyten,Bayern
73,42.0,YELLOW_CARD,Agüero is cautioned by the referee.,Agüero,Man. City,,Man. City
74,42.0,FOUL,Agüero fouls Schweinsteiger.,Agüero,Man. City,Schweinsteiger,Bayern
75,41.0,SHOT_BLOCKED,Džeko has a shot blocked.,Džeko,Man. City,Džeko,Man. City
76,39.0,SAVE,Hart makes a save.,Hart,Man. City,Hart,Man. City
77,39.0,SHOT_ON_GOAL,Müller has an effort on goal.,Müller,Bayern,Müller,Bayern
78,39.0,SAVE,Hart makes a save.,Hart,Man. City,Hart,Man. City
79,39.0,SHOT_ON_GOAL,Ribéry has an effort on goal.,Ribéry,Bayern,Ribéry,Bayern
80,38.0,GOAL,Gomez scores!,Gomez,Bayern,Hart,Bayern
81,37.0,FREE_KICK,Ribéry takes the free-kick.,Ribéry,Bayern,Kroos,Bayern
82,37.0,FOUL,Džeko fouls Ribéry.,Džeko,Man. City,Ribéry,Bayern
83,36.0,SHOT_WIDE,Schweinsteiger misses the target.,Schweinsteiger,Bayern,Schweinsteiger,Bayern
84,35.0,SHOT_WIDE,Ribéry misses the target.,Ribéry,Bayern,Ribéry,Bayern
85,35.0,CORNER,Kroos takes the corner.,Kroos,Bayern,Kroos,Bayern
86,34.0,SHOT_BLOCKED,Müller has a shot blocked.,Müller,Bayern,Müller,Bayern
87,33.0,SAVE,Hart makes a save.,Hart,Man. City,Hart,Man. City
88,33.0,SHOT_ON_GOAL,Schweinsteiger has an effort on goal.,Schweinsteiger,Bayern,Schweinsteiger,Bayern
89,31.0,SAVE,Hart makes a save.,Hart,Man. City,Hart,Man. City
90,31.0,SHOT_ON_GOAL,Ribéry has an effort on goal.,Ribéry,Bayern,Ribéry,Bayern
91,26.0,SHOT_WIDE,Kroos misses the target.,Kroos,Bayern,Kroos,Bayern
92,25.0,SAVE,Neuer makes a save.,Neuer,Bayern,Neuer,Bayern
93,25.0,SHOT_ON_GOAL,Touré has an effort on goal.,Touré,Man. City,Touré,Man. City
94,25.0,FREE_KICK,Touré takes the free-kick.,Touré,Man. City,Neuer,Bayern
95,24.0,FOUL,Luiz Gustavo fouls David Silva.,Luiz Gustavo,Bayern,David Silva,Man. City
96,23.0,FREE_KICK,Touré takes the free-kick.,Touré,Man. City,Touré,Man. City
97,23.0,FOUL,Kroos fouls Barry.,Kroos,Bayern,Barry,Man. City
98,21.0,SHOT_BLOCKED,Džeko has a shot blocked.,Džeko,Man. City,Džeko,Man. City
99,21.0,FREE_KICK,David Silva takes the free-kick.,David Silva,Man. City,Džeko,Man. City
100,20.0,FOUL,Luiz Gustavo fouls Barry.,Luiz Gustavo,Bayern,Barry,Man. City
101,19.0,SHOT_WIDE,Schweinsteiger misses the target.,Schweinsteiger,Bayern,Schweinsteiger,Bayern
102,16.0,SAVE,Neuer makes a save.,Neuer,Bayern,Neuer,Bayern
103,16.0,SHOT_ON_GOAL,Richards has an effort on goal.,Richards,Man. City,Richards,Man. City
104,15.0,CORNER,Nasri takes the corner.,Nasri,Man. City,Nasri,Man. City
105,15.0,SHOT_BLOCKED,Džeko has a shot blocked.,Džeko,Man. City,Džeko,Man. City
106,11.0,SHOT_WIDE,Rafinha misses the target.,Rafinha,Bayern,Rafinha,Bayern
107,9.0,SAVE,Hart makes a save.,Hart,Man. City,Hart,Man. City
108,9.0,SHOT_ON_GOAL,Schweinsteiger has an effort on goal.,Schweinsteiger,Bayern,Schweinsteiger,Bayern
109,7.0,FREE_KICK,Lahm takes the free-kick.,Lahm,Bayern,Van Buyten,Bayern
110,7.0,FOUL,David Silva fouls Kroos.,David Silva,Man. City,Kroos,Bayern
111,4.0,SAVE,Neuer makes a save.,Neuer,Bayern,Neuer,Bayern
112,4.0,SHOT_ON_GOAL,Džeko has an effort on goal.,Džeko,Man. City,Džeko,Man. City
113,4.0,FREE_KICK,Schweinsteiger takes the free-kick.,Schweinsteiger,Bayern,Nasri,Man. City
114,3.0,FOUL,Luiz Gustavo fouls Agüero.,Luiz Gustavo,Bayern,Agüero,Man. City
115,3.0,SHOT_BLOCKED,Agüero has a shot blocked.,Agüero,Man. City,Agüero,Man. City
116,2.0,FREE_KICK,Kompany takes the free-kick.,Kompany,Man. City,Touré,Man. City
117,2.0,FOUL,Kroos fouls Barry.,Kroos,Bayern,Barry,Man. City
118,1.0,FREE_KICK,Van Buyten takes the free-kick.,Van Buyten,Bayern,Ribéry,Bayern
119,1.0,FOUL,Barry fouls Luiz Gustavo.,Barry,Man. City,Luiz Gustavo,Bayern
120,1.0,START_PHASE,The match is under way.,,,,
