,minute,eventType,autoText,primaryPlayer,primaryTeam,secondaryPlayer,secondaryTeam
0,,END_PHASE,The final whistle is blown.,,,,
1,90.0,GOAL,Kagawa scores!,Kagawa,Dortmund,Szczęsny,Dortmund
2,90.0,ASSIST,Good assist from Lewandowski.,Lewandowski,Dortmund,,Dortmund
3,90.0,OFFSIDE,Van Persie is flagged for offside.,Van Persie,Arsenal,Van Persie,Arsenal
4,90.0,FOUL,Kagawa fouls Arteta.,Kagawa,Dortmund,Arteta,Arsenal
5,89.0,CORNER,Schmelzer takes the corner.,Schmelzer,Dortmund,Schmelzer,Dortmund
6,89.0,FOUL,Leitner fouls André Santos.,Leitner,Dortmund,André Santos,Arsenal
7,87.0,OFFSIDE,Van Persie is flagged for offside.,Van Persie,Arsenal,Van Persie,Arsenal
8,86.0,GOAL,Van Persie scores!,Van Persie,Arsenal,Weidenfeller,Arsenal
9,86.0,ASSIST,Good assist from Vermaelen.,Vermaelen,Arsenal,Vermaelen,Arsenal
10,85.0,SUBSTITUTION,Diaby (on) - Walcott (off),Walcott,Arsenal,Diaby,Arsenal
11,85.0,CORNER,Arteta takes the corner.,Arteta,Arsenal,Arteta,Arsenal
12,85.0,SHOT_BLOCKED,Arteta has a shot blocked.,Arteta,Arsenal,Arteta,Arsenal
13,84.0,FOUL,Hummels fouls Van Persie.,Hummels,Dortmund,Van Persie,Arsenal
14,83.0,SUBSTITUTION,Djourou (on) - Koscielny (off),Koscielny,Arsenal,Djourou,Arsenal
15,82.0,FOUL,Kagawa fouls André Santos.,Kagawa,Dortmund,André Santos,Arsenal
16,78.0,YELLOW_CARD,Benayoun is cautioned by the referee.,Benayoun,Arsenal,Benayoun,Arsenal
17,78.0,FOUL,Benayoun fouls Piszczek.,Benayoun,Arsenal,Piszczek,Dortmund
18,78.0,OFFSIDE,Van Persie is flagged for offside.,Van Persie,Arsenal,Van Persie,Arsenal
19,77.0,FOUL,Perišić fouls Song.,Perišić,Dortmund,Song,Arsenal
20,76.0,YELLOW_CARD,Ramsey is cautioned by the referee.,Ramsey,Arsenal,Ramsey,Arsenal
21,75.0,FOUL,André Santos fouls Kagawa.,André Santos,Arsenal,Kagawa,Dortmund
22,74.0,SUBSTITUTION,Benayoun (on) - Gervinho (off),Gervinho,Arsenal,Benayoun,Arsenal
23,73.0,CORNER,Schmelzer takes the corner.,Schmelzer,Dortmund,Schmelzer,Dortmund
24,72.0,OFFSIDE,Van Persie is flagged for offside.,Van Persie,Arsenal,Van Persie,Arsenal
25,71.0,FOUL,Arteta fouls Leitner.,Arteta,Arsenal,Leitner,Dortmund
26,70.0,FOUL,Leitner fouls Van Persie.,Leitner,Dortmund,Van Persie,Arsenal
27,69.0,FOUL,Leitner fouls Song.,Leitner,Dortmund,Song,Arsenal
28,67.0,SHOT_WIDE,Walcott misses the target.,Walcott,Arsenal,Walcott,Arsenal
29,66.0,FOUL,Hummels fouls Mertesacker.,Hummels,Dortmund,Mertesacker,Arsenal
30,65.0,CORNER,Leitner takes the corner.,Leitner,Dortmund,Leitner,Dortmund
31,65.0,SHOT_BLOCKED,Perišić has a shot blocked.,Perišić,Dortmund,Perišić,Dortmund
32,65.0,FOUL,Mertesacker fouls Barrios.,Mertesacker,Arsenal,Barrios,Dortmund
33,64.0,FOUL,Van Persie fouls Schmelzer.,Van Persie,Arsenal,Schmelzer,Dortmund
34,64.0,SUBSTITUTION,Barrios (on) - Kehl (off),Kehl,Dortmund,Barrios,Dortmund
35,63.0,YELLOW_CARD,Walcott is cautioned by the referee.,Walcott,Arsenal,Walcott,Arsenal
36,60.0,CORNER,Van Persie takes the corner.,Van Persie,Arsenal,Van Persie,Arsenal
37,59.0,FREE_KICK,Szczęsny takes the free-kick.,Szczęsny,Arsenal,Van Persie,Arsenal
38,59.0,FOUL,Grosskreutz fouls Vermaelen.,Grosskreutz,Dortmund,Vermaelen,Arsenal
39,58.0,FREE_KICK,Piszczek takes the free-kick.,Piszczek,Dortmund,Grosskreutz,Dortmund
40,57.0,FOUL,Kagawa handles the ball.,Kagawa,Dortmund,,
41,56.0,FOUL,Perišić fouls Walcott.,Perišić,Dortmund,Walcott,Arsenal
42,55.0,SHOT_WIDE,Lewandowski misses the target.,Lewandowski,Dortmund,Lewandowski,Dortmund
43,53.0,YELLOW_CARD,Schmelzer is cautioned by the referee.,Schmelzer,Dortmund,Schmelzer,Dortmund
44,53.0,FOUL,Schmelzer fouls Walcott.,Schmelzer,Dortmund,Walcott,Arsenal
45,52.0,FOUL,Lewandowski handles the ball.,Lewandowski,Dortmund,,
46,52.0,FOUL,Kehl fouls Gervinho.,Kehl,Dortmund,Gervinho,Arsenal
47,49.0,GOAL,Van Persie scores!,Van Persie,Arsenal,Weidenfeller,Arsenal
48,49.0,ASSIST,Good assist from Song.,Song,Arsenal,Song,Arsenal
49,48.0,SAVE,Szczęsny makes a save.,Szczęsny,Arsenal,Szczęsny,Arsenal
50,48.0,SHOT_ON_GOAL,Kagawa has an effort on goal.,Kagawa,Dortmund,Kagawa,Dortmund
51,47.0,CORNER,Kagawa takes the corner.,Kagawa,Dortmund,Kagawa,Dortmund
52,46.0,START_PHASE,The second half begins.,,,,
53,,END_PHASE,The referee blows for half-time.,,,,
54,44.0,SAVE,Szczęsny makes a save.,Szczęsny,Arsenal,Szczęsny,Arsenal
55,44.0,SHOT_ON_GOAL,Schmelzer has an effort on goal.,Schmelzer,Dortmund,Schmelzer,Dortmund
56,42.0,FOUL,Lewandowski handles the ball.,Lewandowski,Dortmund,,
57,41.0,OFFSIDE,Walcott is flagged for offside.,Walcott,Arsenal,Walcott,Arsenal
58,40.0,FOUL,Kagawa fouls Arteta.,Kagawa,Dortmund,Arteta,Arsenal
59,38.0,SHOT_WIDE,Kehl misses the target.,Kehl,Dortmund,Kehl,Dortmund
60,37.0,FOUL,Koscielny fouls Grosskreutz.,Koscielny,Arsenal,Grosskreutz,Dortmund
61,36.0,FOUL,Koscielny fouls Kagawa.,Koscielny,Arsenal,Kagawa,Dortmund
62,29.0,SUBSTITUTION,Perišić (on) - Götze (off),Götze,Dortmund,Perišić,Dortmund
63,28.0,FOUL,Gervinho fouls Felipe Santana.,Gervinho,Arsenal,Felipe Santana,Dortmund
64,27.0,FOUL,Van Persie fouls Grosskreutz.,Van Persie,Arsenal,Grosskreutz,Dortmund
65,26.0,SHOT_WIDE,Lewandowski misses the target.,Lewandowski,Dortmund,Lewandowski,Dortmund
66,25.0,SUBSTITUTION,Leitner (on) - S. Bender (off),S. Bender,Dortmund,Leitner,Dortmund
67,22.0,FOUL,S. Bender fouls Vermaelen.,S. Bender,Dortmund,Vermaelen,Arsenal
68,21.0,FOUL,S. Bender fouls Arteta.,S. Bender,Dortmund,Arteta,Arsenal
69,20.0,FOUL,Arteta fouls S. Bender.,Arteta,Arsenal,S. Bender,Dortmund
70,19.0,CORNER,Van Persie takes the corner.,Van Persie,Arsenal,Van Persie,Arsenal
71,17.0,CORNER,Van Persie takes the corner.,Van Persie,Arsenal,Van Persie,Arsenal
72,16.0,FOUL,Grosskreutz fouls Walcott.,Grosskreutz,Dortmund,Walcott,Arsenal
73,11.0,SAVE,Weidenfeller makes a save.,Weidenfeller,Dortmund,Weidenfeller,Dortmund
74,11.0,SHOT_ON_GOAL,Van Persie has an effort on goal.,Van Persie,Arsenal,Van Persie,Arsenal
75,10.0,OFFSIDE,Ramsey is flagged for offside.,Ramsey,Arsenal,Ramsey,Arsenal
76,9.0,FOUL,Lewandowski fouls André Santos.,Lewandowski,Dortmund,André Santos,Arsenal
77,8.0,SHOT_WIDE,Lewandowski misses the target.,Lewandowski,Dortmund,Lewandowski,Dortmund
78,8.0,FREE_KICK,Schmelzer takes the free-kick.,Schmelzer,Dortmund,Lewandowski,Dortmund
79,7.0,FOUL,Koscielny fouls Grosskreutz.,Koscielny,Arsenal,Grosskreutz,Dortmund
80,5.0,SAVE,Szczęsny makes a save.,Szczęsny,Arsenal,Szczęsny,Arsenal
81,5.0,SHOT_ON_GOAL,Kagawa has an effort on goal.,Kagawa,Dortmund,Kagawa,Dortmund
82,5.0,FOUL,S. Bender fouls Gervinho.,S. Bender,Dortmund,Gervinho,Arsenal
83,2.0,FOUL,Walcott fouls Schmelzer.,Walcott,Arsenal,Schmelzer,Dortmund
84,2.0,FOUL,S. Bender fouls Song.,S. Bender,Dortmund,Song,Arsenal
85,1.0,FOUL,Felipe Santana fouls Van Persie.,Felipe Santana,Dortmund,Van Persie,Arsenal
86,1.0,START_PHASE,The match is under way.,,,,
