,minute,eventType,autoText,primaryPlayer,primaryTeam,secondaryPlayer,secondaryTeam
0,,END_PHASE,The final whistle is blown.,,,,
1,90.0,ASSIST,Good assist from Torres.,Torres,Chelsea,Torres,Chelsea
2,90.0,GOAL,Mata scores!,Mata,Chelsea,Leno,Chelsea
3,90.0,SHOT_WIDE,Anelka misses the target.,Anelka,Chelsea,Anelka,Chelsea
4,90.0,FREE_KICK,Lampard takes the free-kick.,Lampard,Chelsea,A.Cole,Chelsea
5,90.0,FOUL,Rolfes fouls Mikel.,Rolfes,Leverkusen,Mikel,Chelsea
6,86.0,FREE_KICK,Ömer Toprak takes the free-kick.,Ömer Toprak,Leverkusen,Reinartz,Leverkusen
7,86.0,FOUL,Anelka fouls Kadlec.,Anelka,Chelsea,Kadlec,Leverkusen
8,84.0,FREE_KICK,Renato Augusto takes the free-kick.,Renato Augusto,Leverkusen,Schürrle,Leverkusen
9,84.0,FOUL,Malouda handles the ball.,Malouda,Chelsea,,
10,83.0,FREE_KICK,Leno takes the free-kick.,Leno,Leverkusen,Reinartz,Leverkusen
11,83.0,FOUL,Mata fouls Ömer Toprak.,Mata,Chelsea,Ömer Toprak,Leverkusen
12,82.0,FREE_KICK,Renato Augusto takes the free-kick.,Renato Augusto,Leverkusen,Ömer Toprak,Leverkusen
13,82.0,FOUL,Malouda fouls Kiessling.,Malouda,Chelsea,Kiessling,Leverkusen
14,81.0,FOUL,Renato Augusto fouls Mata.,Renato Augusto,Leverkusen,Mata,Chelsea
15,81.0,OFFSIDE,Anelka is flagged for offside.,Anelka,Chelsea,Anelka,Chelsea
16,80.0,FREE_KICK,Malouda takes the free-kick.,Malouda,Chelsea,Mata,Chelsea
17,80.0,SUBSTITUTION,Balitsch (on) - L. Bender (off),L. Bender,Leverkusen,Balitsch,Leverkusen
18,80.0,FOUL,Renato Augusto fouls Malouda.,Renato Augusto,Leverkusen,Malouda,Chelsea
19,79.0,SAVE,Leno makes a save.,Leno,Leverkusen,Leno,Leverkusen
20,79.0,SHOT_ON_GOAL,Lampard has an effort on goal.,Lampard,Chelsea,Lampard,Chelsea
21,77.0,FREE_KICK,Malouda takes the free-kick.,Malouda,Chelsea,Mata,Chelsea
22,77.0,FOUL,Derdiyok fouls Mata.,Derdiyok,Leverkusen,Mata,Chelsea
23,76.0,FREE_KICK,Čech takes the free-kick.,Čech,Chelsea,Mata,Chelsea
24,76.0,SUBSTITUTION,Alex (on) - David Luiz (off),David Luiz,Chelsea,Alex,Chelsea
25,76.0,OFFSIDE,Schürrle is flagged for offside.,Schürrle,Leverkusen,Schürrle,Leverkusen
26,74.0,FREE_KICK,Malouda takes the free-kick.,Malouda,Chelsea,David Luiz,Chelsea
27,74.0,YELLOW_CARD,Derdiyok is cautioned by the referee.,Derdiyok,Leverkusen,Derdiyok,Leverkusen
28,74.0,FOUL,Derdiyok fouls Malouda.,Derdiyok,Leverkusen,Malouda,Chelsea
29,73.0,SUBSTITUTION,Derdiyok (on) - Sam (off),Sam,Leverkusen,Derdiyok,Leverkusen
30,72.0,FREE_KICK,A.Cole takes the free-kick.,A.Cole,Chelsea,David Luiz,Chelsea
31,72.0,YELLOW_CARD,L. Bender is cautioned by the referee.,L. Bender,Leverkusen,L. Bender,Leverkusen
32,72.0,FOUL,L. Bender fouls Mikel.,L. Bender,Leverkusen,Mikel,Chelsea
33,71.0,SHOT_WIDE,Anelka misses the target.,Anelka,Chelsea,Anelka,Chelsea
34,71.0,CORNER,Mata takes the corner.,Mata,Chelsea,Mata,Chelsea
35,71.0,SAVE,Leno makes a save.,Leno,Leverkusen,Leno,Leverkusen
36,71.0,SHOT_ON_GOAL,Mata has an effort on goal.,Mata,Chelsea,Mata,Chelsea
37,70.0,SAVE,Leno makes a save.,Leno,Leverkusen,Leno,Leverkusen
38,70.0,SHOT_ON_GOAL,Mata has an effort on goal.,Mata,Chelsea,Mata,Chelsea
39,69.0,SHOT_WIDE,Kiessling misses the target.,Kiessling,Leverkusen,Kiessling,Leverkusen
40,68.0,FREE_KICK,Lampard takes the free-kick.,Lampard,Chelsea,,
41,68.0,FOUL,Renato Augusto fouls Lampard.,Renato Augusto,Leverkusen,Lampard,Chelsea
42,67.0,GOAL,David Luiz scores!,David Luiz,Chelsea,Leno,Chelsea
43,66.0,SUBSTITUTION,Renato Augusto (on) - Ballack (off),Ballack,Leverkusen,Renato Augusto,Leverkusen
44,66.0,SHOT_WIDE,Kiessling misses the target.,Kiessling,Leverkusen,Kiessling,Leverkusen
45,66.0,ASSIST,Good assist from Torres.,Torres,Chelsea,Torres,Chelsea
46,64.0,SUBSTITUTION,Anelka (on) - Sturridge (off),Sturridge,Chelsea,Anelka,Chelsea
47,64.0,SUBSTITUTION,Lampard (on) - Raul Meireles (off),Raul Meireles,Chelsea,Lampard,Chelsea
48,64.0,SHOT_WIDE,Ivanović misses the target.,Ivanović,Chelsea,Ivanović,Chelsea
49,64.0,CORNER,Mata takes the corner.,Mata,Chelsea,Mata,Chelsea
50,64.0,SAVE,Leno makes a save.,Leno,Leverkusen,Leno,Leverkusen
51,64.0,SHOT_ON_GOAL,Sturridge has an effort on goal.,Sturridge,Chelsea,Sturridge,Chelsea
52,61.0,FREE_KICK,A.Cole takes the free-kick.,A.Cole,Chelsea,Mikel,Chelsea
53,61.0,FOUL,Kiessling fouls A.Cole.,Kiessling,Leverkusen,A.Cole,Chelsea
54,60.0,SAVE,Čech makes a save.,Čech,Chelsea,Čech,Chelsea
55,60.0,SHOT_ON_GOAL,Schürrle has an effort on goal.,Schürrle,Leverkusen,Schürrle,Leverkusen
56,60.0,FREE_KICK,Castro takes the free-kick.,Castro,Leverkusen,Ivanović,Chelsea
57,59.0,YELLOW_CARD,David Luiz is cautioned by the referee.,David Luiz,Chelsea,David Luiz,Chelsea
58,59.0,FOUL,David Luiz fouls Schürrle.,David Luiz,Chelsea,Schürrle,Leverkusen
59,59.0,FREE_KICK,Castro takes the free-kick.,Castro,Leverkusen,,
60,59.0,FOUL,Malouda fouls Ballack.,Malouda,Chelsea,Ballack,Leverkusen
61,58.0,FREE_KICK,Ömer Toprak takes the free-kick.,Ömer Toprak,Leverkusen,,
62,58.0,FOUL,Torres fouls Ömer Toprak.,Torres,Chelsea,Ömer Toprak,Leverkusen
63,57.0,SAVE,Čech makes a save.,Čech,Chelsea,Čech,Chelsea
64,57.0,SHOT_ON_GOAL,Ballack has an effort on goal.,Ballack,Leverkusen,Ballack,Leverkusen
65,57.0,SAVE,Leno makes a save.,Leno,Leverkusen,Leno,Leverkusen
66,57.0,SHOT_ON_GOAL,Torres has an effort on goal.,Torres,Chelsea,Torres,Chelsea
67,56.0,SHOT_WIDE,Schürrle misses the target.,Schürrle,Leverkusen,Schürrle,Leverkusen
68,53.0,SAVE,Leno makes a save.,Leno,Leverkusen,Leno,Leverkusen
69,53.0,SHOT_ON_GOAL,Sturridge has an effort on goal.,Sturridge,Chelsea,Sturridge,Chelsea
70,52.0,FREE_KICK,Mata takes the free-kick.,Mata,Chelsea,Bosingwa,Chelsea
71,52.0,FOUL,L. Bender fouls Bosingwa.,L. Bender,Leverkusen,Bosingwa,Chelsea
72,51.0,FREE_KICK,Castro takes the free-kick.,Castro,Leverkusen,Ömer Toprak,Leverkusen
73,51.0,FOUL,Mikel fouls Kiessling.,Mikel,Chelsea,Kiessling,Leverkusen
74,49.0,SHOT_WIDE,Ballack misses the target.,Ballack,Leverkusen,Ballack,Leverkusen
75,48.0,FREE_KICK,Castro takes the free-kick.,Castro,Leverkusen,Reinartz,Leverkusen
76,46.0,FOUL,David Luiz fouls Kiessling.,David Luiz,Chelsea,Kiessling,Leverkusen
77,46.0,START_PHASE,The second half begins.,,,,
78,,END_PHASE,The referee blows for half-time.,,,,
79,45.0,SAVE,Leno makes a save.,Leno,Leverkusen,Leno,Leverkusen
80,45.0,SHOT_ON_GOAL,Ivanović has an effort on goal.,Ivanović,Chelsea,Ivanović,Chelsea
81,45.0,FREE_KICK,Mata takes the free-kick.,Mata,Chelsea,Ivanović,Chelsea
82,45.0,FOUL,L. Bender fouls Bosingwa.,L. Bender,Leverkusen,Bosingwa,Chelsea
83,44.0,FREE_KICK,Mata takes the free-kick.,Mata,Chelsea,Leno,Leverkusen
84,44.0,FOUL,Reinartz fouls Torres.,Reinartz,Leverkusen,Torres,Chelsea
85,43.0,FREE_KICK,Čech takes the free-kick.,Čech,Chelsea,David Luiz,Chelsea
86,43.0,FREE_KICK,Ivanović takes the free-kick.,Ivanović,Chelsea,,
87,43.0,FOUL,Schürrle fouls Bosingwa.,Schürrle,Leverkusen,Bosingwa,Chelsea
88,43.0,SHOT_WIDE,Sturridge misses the target.,Sturridge,Chelsea,Sturridge,Chelsea
89,43.0,FREE_KICK,Raul Meireles takes the free-kick.,Raul Meireles,Chelsea,Sturridge,Chelsea
90,43.0,FOUL,Schürrle fouls Raul Meireles.,Schürrle,Leverkusen,Raul Meireles,Chelsea
91,41.0,FREE_KICK,Bosingwa takes the free-kick.,Bosingwa,Chelsea,Sturridge,Chelsea
92,41.0,FOUL,Kiessling fouls Ivanović.,Kiessling,Leverkusen,Ivanović,Chelsea
93,40.0,SHOT_WIDE,Kiessling misses the target.,Kiessling,Leverkusen,Kiessling,Leverkusen
94,39.0,SHOT_WIDE,Mikel misses the target.,Mikel,Chelsea,Mikel,Chelsea
95,39.0,FREE_KICK,Mata takes the free-kick.,Mata,Chelsea,Mikel,Chelsea
96,38.0,FREE_KICK,Malouda takes the free-kick.,Malouda,Chelsea,Mata,Chelsea
97,38.0,YELLOW_CARD,Castro is cautioned by the referee.,Castro,Leverkusen,Castro,Leverkusen
98,38.0,FOUL,Castro fouls Sturridge.,Castro,Leverkusen,Sturridge,Chelsea
99,37.0,CORNER,Mata takes the corner.,Mata,Chelsea,Mata,Chelsea
100,36.0,CORNER,Mata takes the corner.,Mata,Chelsea,Mata,Chelsea
101,36.0,SHOT_BLOCKED,Raul Meireles has a shot blocked.,Raul Meireles,Chelsea,Raul Meireles,Chelsea
102,35.0,CORNER,Mata takes the corner.,Mata,Chelsea,Mata,Chelsea
103,33.0,SHOT_WIDE,Torres misses the target.,Torres,Chelsea,Torres,Chelsea
104,33.0,SAVE,Leno makes a save.,Leno,Leverkusen,Leno,Leverkusen
105,33.0,SHOT_ON_GOAL,Sturridge has an effort on goal.,Sturridge,Chelsea,Sturridge,Chelsea
106,30.0,SHOT_WIDE,Mata misses the target.,Mata,Chelsea,Mata,Chelsea
107,29.0,FOUL,Rolfes fouls Sturridge.,Rolfes,Leverkusen,Sturridge,Chelsea
108,27.0,FOUL,Castro fouls Mata.,Castro,Leverkusen,Mata,Chelsea
109,27.0,FREE_KICK,Mata takes the free-kick.,Mata,Chelsea,Torres,Chelsea
110,27.0,FOUL,Schürrle fouls Ivanović.,Schürrle,Leverkusen,Ivanović,Chelsea
111,27.0,FREE_KICK,Mikel takes the free-kick.,Mikel,Chelsea,A.Cole,Chelsea
112,26.0,FREE_KICK,Sam takes the free-kick.,Sam,Leverkusen,A.Cole,Chelsea
113,26.0,FOUL,Raul Meireles fouls Ballack.,Raul Meireles,Chelsea,Ballack,Leverkusen
114,24.0,FREE_KICK,Mikel takes the free-kick.,Mikel,Chelsea,Malouda,Chelsea
115,24.0,FOUL,Kiessling fouls Mikel.,Kiessling,Leverkusen,Mikel,Chelsea
116,23.0,FREE_KICK,Castro takes the free-kick.,Castro,Leverkusen,Mikel,Chelsea
117,23.0,FOUL,Mikel fouls Ballack.,Mikel,Chelsea,Ballack,Leverkusen
118,21.0,FREE_KICK,A.Cole takes the free-kick.,A.Cole,Chelsea,David Luiz,Chelsea
119,21.0,FOUL,Schürrle fouls A.Cole.,Schürrle,Leverkusen,A.Cole,Chelsea
120,20.0,SHOT_BLOCKED,Schürrle has a shot blocked.,Schürrle,Leverkusen,Schürrle,Leverkusen
121,20.0,CORNER,Mata takes the corner.,Mata,Chelsea,Mata,Chelsea
122,20.0,SHOT_WIDE,Torres misses the target.,Torres,Chelsea,Torres,Chelsea
123,18.0,FREE_KICK,Castro takes the free-kick.,Castro,Leverkusen,,
124,18.0,FOUL,A.Cole fouls Schürrle.,A.Cole,Chelsea,Schürrle,Leverkusen
125,17.0,SHOT_WIDE,Malouda misses the target.,Malouda,Chelsea,Malouda,Chelsea
126,17.0,FREE_KICK,Čech takes the free-kick.,Čech,Chelsea,Raul Meireles,Chelsea
127,17.0,FOUL,Kiessling fouls Ivanović.,Kiessling,Leverkusen,Ivanović,Chelsea
128,17.0,SHOT_BLOCKED,Ballack has a shot blocked.,Ballack,Leverkusen,Ballack,Leverkusen
129,16.0,FOUL,Raul Meireles fouls Kiessling.,Raul Meireles,Chelsea,Kiessling,Leverkusen
130,14.0,FREE_KICK,Ömer Toprak takes the free-kick.,Ömer Toprak,Leverkusen,Kiessling,Leverkusen
131,14.0,FOUL,Bosingwa fouls Ballack.,Bosingwa,Chelsea,Ballack,Leverkusen
132,12.0,FOUL,Ballack fouls Sturridge.,Ballack,Leverkusen,Sturridge,Chelsea
133,12.0,FREE_KICK,Mikel takes the free-kick.,Mikel,Chelsea,Malouda,Chelsea
134,12.0,SHOT_BLOCKED,Sam has a shot blocked.,Sam,Leverkusen,Sam,Leverkusen
135,11.0,CORNER,Kadlec takes the corner.,Kadlec,Leverkusen,Kadlec,Leverkusen
136,11.0,SAVE,Leno makes a save.,Leno,Leverkusen,Leno,Leverkusen
137,10.0,FREE_KICK,Mikel takes the free-kick.,Mikel,Chelsea,Raul Meireles,Chelsea
138,10.0,FOUL,Kiessling fouls Sturridge.,Kiessling,Leverkusen,Sturridge,Chelsea
139,10.0,SHOT_ON_GOAL,Torres has an effort on goal.,Torres,Chelsea,Torres,Chelsea
140,9.0,FREE_KICK,Kadlec takes the free-kick.,Kadlec,Leverkusen,Rolfes,Leverkusen
141,9.0,YELLOW_CARD,Torres is cautioned by the referee.,Torres,Chelsea,Torres,Chelsea
142,9.0,FOUL,Torres fouls Rolfes.,Torres,Chelsea,Rolfes,Leverkusen
143,9.0,FOUL,Sturridge fouls Rolfes.,Sturridge,Chelsea,Rolfes,Leverkusen
144,4.0,FOUL,Raul Meireles fouls Kiessling.,Raul Meireles,Chelsea,Kiessling,Leverkusen
145,4.0,FREE_KICK,Leno takes the free-kick.,Leno,Leverkusen,Reinartz,Leverkusen
146,4.0,OFFSIDE,Raul Meireles is flagged for offside.,Raul Meireles,Chelsea,Raul Meireles,Chelsea
147,3.0,FREE_KICK,Mikel takes the free-kick.,Mikel,Chelsea,Torres,Chelsea
148,3.0,FOUL,Schürrle fouls Mikel.,Schürrle,Leverkusen,Mikel,Chelsea
149,3.0,CORNER,Castro takes the corner.,Castro,Leverkusen,Castro,Leverkusen
150,2.0,SHOT_WIDE,Torres misses the target.,Torres,Chelsea,Torres,Chelsea
151,1.0,SHOT_WIDE,Kiessling misses the target.,Kiessling,Leverkusen,Kiessling,Leverkusen
152,1.0,START_PHASE,The match is under way.,,,,
