,minute,eventType,autoText,primaryPlayer,primaryTeam,secondaryPlayer,secondaryTeam
0,,END_PHASE,The final whistle is blown.,,,,
1,90.0,FREE_KICK,Castro takes the free-kick.,Castro,Leverkusen,Kiessling,Leverkusen
2,90.0,OFFSIDE,Camus is flagged for offside.,Camus,Genk,Camus,Genk
3,90.0,CORNER,Tőzsér takes the corner.,Tőzsér,Genk,Tőzsér,Genk
4,90.0,SAVE,Leno makes a save.,Leno,Leverkusen,Leno,Leverkusen
5,90.0,SHOT_ON_GOAL,Buffel has an effort on goal.,Buffel,Genk,Buffel,Genk
6,90.0,CORNER,Buffel takes the corner.,Buffel,Genk,Buffel,Genk
7,90.0,SAVE,Leno makes a save.,Leno,Leverkusen,Leno,Leverkusen
8,90.0,SHOT_ON_GOAL,Camus has an effort on goal.,Camus,Genk,Camus,Genk
9,90.0,YELLOW_CARD,Simaeys is cautioned by the referee.,Simaeys,Genk,Simaeys,Genk
10,89.0,CORNER,Oczipka takes the corner.,Oczipka,Leverkusen,Oczipka,Leverkusen
11,89.0,SHOT_WIDE,Derdiyok misses the target.,Derdiyok,Leverkusen,Derdiyok,Leverkusen
12,88.0,SAVE,Leno makes a save.,Leno,Leverkusen,Leno,Leverkusen
13,88.0,SHOT_ON_GOAL,Barda has an effort on goal.,Barda,Genk,Barda,Genk
14,88.0,FREE_KICK,Vanden Borre takes the free-kick.,Vanden Borre,Genk,Schwaab,Leverkusen
15,87.0,FREE_KICK,Köteles takes the free-kick.,Köteles,Genk,Vanden Borre,Genk
16,87.0,SUBSTITUTION,N. Jørgensen (on) - Reinartz (off),Reinartz,Leverkusen,N. Jørgensen,Leverkusen
17,86.0,YELLOW_CARD,Derdiyok is cautioned by the referee.,Derdiyok,Leverkusen,Derdiyok,Leverkusen
18,86.0,FOUL,Derdiyok fouls Simaeys.,Derdiyok,Leverkusen,Simaeys,Genk
19,84.0,FREE_KICK,Oczipka takes the free-kick.,Oczipka,Leverkusen,Leno,Leverkusen
20,83.0,CORNER,Castro takes the corner.,Castro,Leverkusen,Castro,Leverkusen
21,83.0,SAVE,Köteles makes a save.,Köteles,Genk,Köteles,Genk
22,83.0,SHOT_ON_GOAL,Sam has an effort on goal.,Sam,Leverkusen,Sam,Leverkusen
23,83.0,SAVE,Köteles makes a save.,Köteles,Genk,Köteles,Genk
24,82.0,SHOT_ON_GOAL,Kiessling has an effort on goal.,Kiessling,Leverkusen,Kiessling,Leverkusen
25,82.0,FREE_KICK,Köteles takes the free-kick.,Köteles,Genk,Vanden Borre,Genk
26,81.0,SUBSTITUTION,Barda (on) - Vossen (off),Vossen,Genk,Barda,Genk
27,81.0,FOUL,Sam fouls Pudil.,Sam,Leverkusen,Pudil,Genk
28,79.0,GOAL,Derdiyok scores!,Derdiyok,Leverkusen,Köteles,Leverkusen
29,79.0,ASSIST,Good assist from Sam.,Sam,Leverkusen,Sam,Leverkusen
30,79.0,FREE_KICK,Rolfes takes the free-kick.,Rolfes,Leverkusen,Sam,Leverkusen
31,79.0,FOUL,Ngongca fouls Rolfes.,Ngongca,Genk,Rolfes,Leverkusen
32,75.0,SUBSTITUTION,Buffel (on) - Limbombe (off),Limbombe,Genk,Buffel,Genk
33,75.0,FREE_KICK,Leno takes the free-kick.,Leno,Leverkusen,Schwaab,Leverkusen
34,74.0,OFFSIDE,Camus is flagged for offside.,Camus,Genk,Camus,Genk
35,73.0,SUBSTITUTION,Oczipka (on) - Kadlec (off),Kadlec,Leverkusen,Oczipka,Leverkusen
36,71.0,FREE_KICK,Pudil takes the free-kick.,Pudil,Genk,Ballack,Leverkusen
37,70.0,FOUL,Sam fouls Pudil.,Sam,Leverkusen,Pudil,Genk
38,69.0,FOUL,Limbombe fouls Castro.,Limbombe,Genk,Castro,Leverkusen
39,68.0,SUBSTITUTION,Kiessling (on) - Schürrle (off),Schürrle,Leverkusen,Kiessling,Leverkusen
40,68.0,SHOT_WIDE,Derdiyok misses the target.,Derdiyok,Leverkusen,Derdiyok,Leverkusen
41,67.0,SHOT_BLOCKED,Derdiyok has a shot blocked.,Derdiyok,Leverkusen,Derdiyok,Leverkusen
42,66.0,CORNER,Castro takes the corner.,Castro,Leverkusen,Castro,Leverkusen
43,64.0,FREE_KICK,Schwaab takes the free-kick.,Schwaab,Leverkusen,L. Bender,Leverkusen
44,64.0,OFFSIDE,Pudil is flagged for offside.,Pudil,Genk,Pudil,Genk
45,63.0,FREE_KICK,Reinartz takes the free-kick.,Reinartz,Leverkusen,Schürrle,Leverkusen
46,63.0,OFFSIDE,Vossen is flagged for offside.,Vossen,Genk,Vossen,Genk
47,61.0,SHOT_WIDE,Derdiyok misses the target.,Derdiyok,Leverkusen,Derdiyok,Leverkusen
48,61.0,FREE_KICK,Castro takes the free-kick.,Castro,Leverkusen,Derdiyok,Leverkusen
49,61.0,FOUL,Ndabashinze fouls Kadlec.,Ndabashinze,Genk,Kadlec,Leverkusen
50,59.0,FREE_KICK,Tőzsér takes the free-kick.,Tőzsér,Genk,,
51,58.0,FREE_KICK,Camus takes the free-kick.,Camus,Genk,,
52,57.0,FOUL,Castro fouls Limbombe.,Castro,Leverkusen,Limbombe,Genk
53,55.0,SHOT_WIDE,Derdiyok misses the target.,Derdiyok,Leverkusen,Derdiyok,Leverkusen
54,55.0,SAVE,Köteles makes a save.,Köteles,Genk,Köteles,Genk
55,55.0,SHOT_ON_GOAL,Schürrle has an effort on goal.,Schürrle,Leverkusen,Schürrle,Leverkusen
56,54.0,SAVE,Köteles makes a save.,Köteles,Genk,Köteles,Genk
57,54.0,SHOT_ON_GOAL,Schürrle has an effort on goal.,Schürrle,Leverkusen,Schürrle,Leverkusen
58,53.0,SHOT_WIDE,Derdiyok misses the target.,Derdiyok,Leverkusen,Derdiyok,Leverkusen
59,52.0,CORNER,Castro takes the corner.,Castro,Leverkusen,Castro,Leverkusen
60,49.0,CORNER,Tőzsér takes the corner.,Tőzsér,Genk,Tőzsér,Genk
61,46.0,START_PHASE,The second half begins.,,,,
62,,END_PHASE,The referee blows for half-time.,,,,
63,45.0,FREE_KICK,Köteles takes the free-kick.,Köteles,Genk,Camus,Genk
64,43.0,SAVE,Köteles makes a save.,Köteles,Genk,Köteles,Genk
65,43.0,SHOT_ON_GOAL,Sam has an effort on goal.,Sam,Leverkusen,Sam,Leverkusen
66,42.0,YELLOW_CARD,Vossen is cautioned by the referee.,Vossen,Genk,Vossen,Genk
67,42.0,FOUL,Free-kick against Vossen for simulation.,Vossen,Genk,,
68,40.0,FOUL,Ndabashinze fouls Kadlec.,Ndabashinze,Genk,Kadlec,Leverkusen
69,39.0,SHOT_WIDE,Derdiyok misses the target.,Derdiyok,Leverkusen,Derdiyok,Leverkusen
70,38.0,CORNER,Castro takes the corner.,Castro,Leverkusen,Castro,Leverkusen
71,36.0,CORNER,Kadlec takes the corner.,Kadlec,Leverkusen,Kadlec,Leverkusen
72,35.0,CORNER,Kadlec takes the corner.,Kadlec,Leverkusen,Kadlec,Leverkusen
73,34.0,CORNER,Tőzsér takes the corner.,Tőzsér,Genk,Tőzsér,Genk
74,34.0,SAVE,Leno makes a save.,Leno,Leverkusen,Leno,Leverkusen
75,34.0,SHOT_ON_GOAL,Simaeys has an effort on goal.,Simaeys,Genk,Simaeys,Genk
76,33.0,CORNER,Tőzsér takes the corner.,Tőzsér,Genk,Tőzsér,Genk
77,32.0,SHOT_WIDE,Camus misses the target.,Camus,Genk,Camus,Genk
78,30.0,ASSIST,Good assist from Ndabashinze.,Ndabashinze,Genk,Ndabashinze,Genk
79,30.0,GOAL,Vossen scores!,Vossen,Genk,Leno,Genk
80,26.0,SHOT_BLOCKED,Vossen has a shot blocked.,Vossen,Genk,Vossen,Genk
81,24.0,SHOT_WIDE,Schürrle misses the target.,Schürrle,Leverkusen,Schürrle,Leverkusen
82,23.0,SHOT_BLOCKED,Sam has a shot blocked.,Sam,Leverkusen,Sam,Leverkusen
83,22.0,SAVE,Köteles makes a save.,Köteles,Genk,Köteles,Genk
84,22.0,SHOT_ON_GOAL,Derdiyok has an effort on goal.,Derdiyok,Leverkusen,Derdiyok,Leverkusen
85,16.0,SHOT_WIDE,Derdiyok misses the target.,Derdiyok,Leverkusen,Derdiyok,Leverkusen
86,16.0,FOUL,Ndabashinze fouls Sam.,Ndabashinze,Genk,Sam,Leverkusen
87,7.0,SAVE,Köteles makes a save.,Köteles,Genk,Köteles,Genk
88,7.0,SHOT_ON_GOAL,Schürrle has an effort on goal.,Schürrle,Leverkusen,Schürrle,Leverkusen
89,6.0,FOUL,Vanden Borre fouls Sam.,Vanden Borre,Genk,Sam,Leverkusen
90,5.0,FREE_KICK,Simaeys takes the free-kick.,Simaeys,Genk,Köteles,Genk
91,5.0,FOUL,Sam fouls Camus.,Sam,Leverkusen,Camus,Genk
92,1.0,START_PHASE,The match is under way.,,,,
