,minute,eventType,autoText,primaryPlayer,primaryTeam,secondaryPlayer,secondaryTeam
0,,END_PHASE,The final whistle is blown.,,,,
1,90.0,YELLOW_CARD,S. Bender is cautioned by the referee.,S. Bender,Dortmund,S. Bender,Dortmund
2,90.0,FOUL,S. Bender fouls Arteta.,S. Bender,Dortmund,Arteta,Arsenal
3,90.0,SHOT_BLOCKED,Zidan has a shot blocked.,Zidan,Dortmund,Zidan,Dortmund
4,90.0,FREE_KICK,Subotić takes the free-kick.,Subotić,Dortmund,Hummels,Dortmund
5,90.0,FOUL,André Santos handles the ball.,André Santos,Arsenal,,
6,90.0,FREE_KICK,Sagna takes the free-kick.,Sagna,Arsenal,Piszczek,Dortmund
7,90.0,FOUL,Lewandowski fouls Frimpong.,Lewandowski,Dortmund,Frimpong,Arsenal
8,89.0,SAVE,Szczęsny makes a save.,Szczęsny,Arsenal,Szczęsny,Arsenal
9,89.0,SHOT_ON_GOAL,Lewandowski has an effort on goal.,Lewandowski,Dortmund,Lewandowski,Dortmund
10,88.0,GOAL,Perišić scores!,Perišić,Dortmund,Szczęsny,Dortmund
11,88.0,FREE_KICK,Schmelzer takes the free-kick.,Schmelzer,Dortmund,André Santos,Arsenal
12,88.0,FOUL,Song fouls Błaszczykowski.,Song,Arsenal,Błaszczykowski,Dortmund
13,86.0,FREE_KICK,Subotić takes the free-kick.,Subotić,Dortmund,Hummels,Dortmund
14,86.0,OFFSIDE,Chamakh is flagged for offside.,Chamakh,Arsenal,Chamakh,Arsenal
15,86.0,SUBSTITUTION,André Santos (on) - Gervinho (off),Gervinho,Arsenal,André Santos,Arsenal
16,86.0,SUBSTITUTION,Chamakh (on) - Van Persie (off),Van Persie,Arsenal,Chamakh,Arsenal
17,85.0,SUBSTITUTION,Zidan (on) - Kagawa (off),Kagawa,Dortmund,Zidan,Dortmund
18,85.0,FOUL,Błaszczykowski fouls Benayoun.,Błaszczykowski,Dortmund,Benayoun,Arsenal
19,83.0,SHOT_WIDE,Götze misses the target.,Götze,Dortmund,Götze,Dortmund
20,83.0,FREE_KICK,Götze takes the free-kick.,Götze,Dortmund,Subotić,Dortmund
21,83.0,FOUL,Frimpong handles the ball.,Frimpong,Arsenal,,
22,81.0,SAVE,Szczęsny makes a save.,Szczęsny,Arsenal,Szczęsny,Arsenal
23,81.0,SHOT_ON_GOAL,Subotić has an effort on goal.,Subotić,Dortmund,Subotić,Dortmund
24,81.0,CORNER,Götze takes the corner.,Götze,Dortmund,Götze,Dortmund
25,81.0,SHOT_BLOCKED,Błaszczykowski has a shot blocked.,Błaszczykowski,Dortmund,Błaszczykowski,Dortmund
26,80.0,CORNER,Götze takes the corner.,Götze,Dortmund,Götze,Dortmund
27,80.0,SHOT_WIDE,Błaszczykowski misses the target.,Błaszczykowski,Dortmund,Błaszczykowski,Dortmund
28,80.0,FREE_KICK,Götze takes the free-kick.,Götze,Dortmund,Arteta,Arsenal
29,79.0,FOUL,Arteta fouls Götze.,Arteta,Arsenal,Götze,Dortmund
30,78.0,FREE_KICK,Weidenfeller takes the free-kick.,Weidenfeller,Dortmund,Schmelzer,Dortmund
31,78.0,OFFSIDE,Van Persie is flagged for offside.,Van Persie,Arsenal,Van Persie,Arsenal
32,77.0,OFFSIDE,Van Persie is flagged for offside.,Van Persie,Arsenal,Van Persie,Arsenal
33,77.0,FREE_KICK,Subotić takes the free-kick.,Subotić,Dortmund,Piszczek,Dortmund
34,77.0,FREE_KICK,Szczęsny takes the free-kick.,Szczęsny,Arsenal,Subotić,Dortmund
35,76.0,SUBSTITUTION,Frimpong (on) - Walcott (off),Walcott,Arsenal,Frimpong,Arsenal
36,76.0,YELLOW_CARD,Schmelzer is cautioned by the referee.,Schmelzer,Dortmund,Schmelzer,Dortmund
37,76.0,FOUL,Schmelzer fouls Gervinho.,Schmelzer,Dortmund,Gervinho,Arsenal
38,75.0,SHOT_WIDE,Kagawa misses the target.,Kagawa,Dortmund,Kagawa,Dortmund
39,75.0,YELLOW_CARD,Sagna is cautioned by the referee.,Sagna,Arsenal,Sagna,Arsenal
40,73.0,FREE_KICK,Arteta takes the free-kick.,Arteta,Arsenal,Koscielny,Arsenal
41,73.0,FOUL,S. Bender fouls Arteta.,S. Bender,Dortmund,Arteta,Arsenal
42,70.0,FOUL,Van Persie fouls Hummels.,Van Persie,Arsenal,Hummels,Dortmund
43,69.0,SHOT_BLOCKED,Schmelzer has a shot blocked.,Schmelzer,Dortmund,Schmelzer,Dortmund
44,68.0,SUBSTITUTION,Perišić (on) - Grosskreutz (off),Grosskreutz,Dortmund,Perišić,Dortmund
45,68.0,SUBSTITUTION,Błaszczykowski (on) - Kehl (off),Kehl,Dortmund,Błaszczykowski,Dortmund
46,68.0,FOUL,Arteta fouls Kehl.,Arteta,Arsenal,Kehl,Dortmund
47,67.0,SHOT_BLOCKED,S. Bender has a shot blocked.,S. Bender,Dortmund,S. Bender,Dortmund
48,67.0,SHOT_BLOCKED,Piszczek has a shot blocked.,Piszczek,Dortmund,Piszczek,Dortmund
49,66.0,SHOT_BLOCKED,Lewandowski has a shot blocked.,Lewandowski,Dortmund,Lewandowski,Dortmund
50,65.0,CORNER,Van Persie takes the corner.,Van Persie,Arsenal,Van Persie,Arsenal
51,64.0,SHOT_BLOCKED,Walcott has a shot blocked.,Walcott,Arsenal,Walcott,Arsenal
52,64.0,FOUL,S. Bender fouls Van Persie.,S. Bender,Dortmund,Van Persie,Arsenal
53,61.0,SAVE,Weidenfeller makes a save.,Weidenfeller,Dortmund,Weidenfeller,Dortmund
54,61.0,SHOT_ON_GOAL,Gervinho has an effort on goal.,Gervinho,Arsenal,Gervinho,Arsenal
55,60.0,FOUL,Van Persie fouls Subotić.,Van Persie,Arsenal,Subotić,Dortmund
56,60.0,FREE_KICK,Szczęsny takes the free-kick.,Szczęsny,Arsenal,Piszczek,Dortmund
57,59.0,FOUL,Hummels fouls Arteta.,Hummels,Dortmund,Arteta,Arsenal
58,58.0,CORNER,Götze takes the corner.,Götze,Dortmund,Götze,Dortmund
59,57.0,SHOT_WIDE,Walcott misses the target.,Walcott,Arsenal,Walcott,Arsenal
60,56.0,SHOT_BLOCKED,Arteta has a shot blocked.,Arteta,Arsenal,Arteta,Arsenal
61,56.0,FOUL,Piszczek fouls Gervinho.,Piszczek,Dortmund,Gervinho,Arsenal
62,55.0,SHOT_WIDE,Schmelzer misses the target.,Schmelzer,Dortmund,Schmelzer,Dortmund
63,54.0,OFFSIDE,Song is flagged for offside.,Song,Arsenal,Song,Arsenal
64,54.0,SHOT_BLOCKED,Walcott has a shot blocked.,Walcott,Arsenal,Walcott,Arsenal
65,53.0,SHOT_WIDE,Piszczek misses the target.,Piszczek,Dortmund,Piszczek,Dortmund
66,52.0,FREE_KICK,Mertesacker takes the free-kick.,Mertesacker,Arsenal,Sagna,Arsenal
67,52.0,FOUL,Kehl fouls Song.,Kehl,Dortmund,Song,Arsenal
68,50.0,FREE_KICK,Szczęsny takes the free-kick.,Szczęsny,Arsenal,Weidenfeller,Dortmund
69,50.0,OFFSIDE,Lewandowski is flagged for offside.,Lewandowski,Dortmund,Lewandowski,Dortmund
70,50.0,SHOT_BLOCKED,Kagawa has a shot blocked.,Kagawa,Dortmund,Kagawa,Dortmund
71,50.0,SHOT_BLOCKED,Subotić has a shot blocked.,Subotić,Dortmund,Subotić,Dortmund
72,46.0,START_PHASE,The second half begins.,,,,
73,,END_PHASE,The referee blows for half-time.,,,,
74,45.0,OFFSIDE,Grosskreutz is flagged for offside.,Grosskreutz,Dortmund,Grosskreutz,Dortmund
75,44.0,CORNER,Götze takes the corner.,Götze,Dortmund,Götze,Dortmund
76,42.0,GOAL,Van Persie scores!,Van Persie,Arsenal,Weidenfeller,Arsenal
77,42.0,ASSIST,Good assist from Walcott.,Walcott,Arsenal,Walcott,Arsenal
78,41.0,FREE_KICK,Szczęsny takes the free-kick.,Szczęsny,Arsenal,Gibbs,Arsenal
79,41.0,OFFSIDE,Kagawa is flagged for offside.,Kagawa,Dortmund,Kagawa,Dortmund
80,39.0,SAVE,Szczęsny makes a save.,Szczęsny,Arsenal,Szczęsny,Arsenal
81,39.0,SHOT_ON_GOAL,Lewandowski has an effort on goal.,Lewandowski,Dortmund,Lewandowski,Dortmund
82,37.0,SHOT_BLOCKED,Van Persie has a shot blocked.,Van Persie,Arsenal,Van Persie,Arsenal
83,35.0,FOUL,Hummels fouls Benayoun.,Hummels,Dortmund,Benayoun,Arsenal
84,33.0,CORNER,Arteta takes the corner.,Arteta,Arsenal,Arteta,Arsenal
85,33.0,SAVE,Weidenfeller makes a save.,Weidenfeller,Dortmund,Weidenfeller,Dortmund
86,33.0,SHOT_ON_GOAL,Van Persie has an effort on goal.,Van Persie,Arsenal,Van Persie,Arsenal
87,27.0,OFFSIDE,Götze is flagged for offside.,Götze,Dortmund,Götze,Dortmund
88,27.0,FREE_KICK,Szczęsny takes the free-kick.,Szczęsny,Arsenal,Mertesacker,Arsenal
89,26.0,OFFSIDE,Kagawa is flagged for offside.,Kagawa,Dortmund,Kagawa,Dortmund
90,26.0,FREE_KICK,Szczęsny takes the free-kick.,Szczęsny,Arsenal,Hummels,Dortmund
91,25.0,FOUL,Kehl fouls Arteta.,Kehl,Dortmund,Arteta,Arsenal
92,25.0,FREE_KICK,Szczęsny takes the free-kick.,Szczęsny,Arsenal,Weidenfeller,Dortmund
93,23.0,CORNER,Götze takes the corner.,Götze,Dortmund,Götze,Dortmund
94,20.0,CORNER,Van Persie takes the corner.,Van Persie,Arsenal,Van Persie,Arsenal
95,18.0,SHOT_WIDE,Grosskreutz misses the target.,Grosskreutz,Dortmund,Grosskreutz,Dortmund
96,17.0,CORNER,Arteta takes the corner.,Arteta,Arsenal,Arteta,Arsenal
97,16.0,FREE_KICK,Gibbs takes the free-kick.,Gibbs,Arsenal,Mertesacker,Arsenal
98,15.0,FOUL,Kagawa fouls Koscielny.,Kagawa,Dortmund,Koscielny,Arsenal
99,15.0,FREE_KICK,Gibbs takes the free-kick.,Gibbs,Arsenal,Mertesacker,Arsenal
100,14.0,FOUL,Götze fouls Van Persie.,Götze,Dortmund,Van Persie,Arsenal
101,13.0,SAVE,Szczęsny makes a save.,Szczęsny,Arsenal,Szczęsny,Arsenal
102,12.0,SHOT_ON_GOAL,Schmelzer has an effort on goal.,Schmelzer,Dortmund,Schmelzer,Dortmund
103,12.0,SHOT_ON_GOAL,Lewandowski has an effort on goal.,Lewandowski,Dortmund,Lewandowski,Dortmund
104,12.0,CORNER,Götze takes the corner.,Götze,Dortmund,Götze,Dortmund
105,12.0,FREE_KICK,Szczęsny takes the free-kick.,Szczęsny,Arsenal,Kehl,Dortmund
106,11.0,OFFSIDE,Götze is flagged for offside.,Götze,Dortmund,Götze,Dortmund
107,9.0,SHOT_WIDE,Kagawa misses the target.,Kagawa,Dortmund,Kagawa,Dortmund
108,5.0,SHOT_WIDE,Grosskreutz misses the target.,Grosskreutz,Dortmund,Grosskreutz,Dortmund
109,1.0,START_PHASE,The match is under way.,,,,
