,minute,eventType,autoText,primaryPlayer,primaryTeam,secondaryPlayer,secondaryTeam
0,,END_PHASE,The final whistle is blown.,,,,
1,90.0,CORNER,Castro takes the corner.,Castro,Leverkusen,Castro,Leverkusen
2,90.0,SHOT_WIDE,Derdiyok misses the target.,Derdiyok,Leverkusen,Derdiyok,Leverkusen
3,90.0,FOUL,Ngongca fouls Schürrle.,Ngongca,Genk,Schürrle,Leverkusen
4,90.0,FOUL,Simaeys fouls Castro.,Simaeys,Genk,Castro,Leverkusen
5,90.0,SUBSTITUTION,Derdiyok (on) - Kiessling (off),Kiessling,Leverkusen,Derdiyok,Leverkusen
6,90.0,GOAL,Ballack scores!,Ballack,Leverkusen,Köteles,Leverkusen
7,90.0,FREE_KICK,Ballack takes the free-kick.,Ballack,Leverkusen,Schürrle,Leverkusen
8,90.0,FOUL,Hyland fouls Balitsch.,Hyland,Genk,Balitsch,Leverkusen
9,90.0,FREE_KICK,Rolfes takes the free-kick.,Rolfes,Leverkusen,Balitsch,Leverkusen
10,90.0,FOUL,De Bruyne fouls Ballack.,De Bruyne,Genk,Ballack,Leverkusen
11,88.0,FREE_KICK,Pudil takes the free-kick.,Pudil,Genk,Simaeys,Genk
12,87.0,FREE_KICK,Ömer Toprak takes the free-kick.,Ömer Toprak,Leverkusen,Sam,Leverkusen
13,87.0,YELLOW_CARD,Ömer Toprak is cautioned by the referee.,Ömer Toprak,Leverkusen,Ömer Toprak,Leverkusen
14,87.0,FOUL,Nwanganga handles the ball.,Nwanganga,Genk,,
15,87.0,SHOT_WIDE,Schürrle misses the target.,Schürrle,Leverkusen,Schürrle,Leverkusen
16,86.0,FOUL,Buffel fouls Sam.,Buffel,Genk,Sam,Leverkusen
17,85.0,SAVE,Leno makes a save.,Leno,Leverkusen,Leno,Leverkusen
18,85.0,SHOT_ON_GOAL,Hyland has an effort on goal.,Hyland,Genk,Hyland,Genk
19,84.0,FREE_KICK,Castro takes the free-kick.,Castro,Leverkusen,Schürrle,Leverkusen
20,84.0,FOUL,De Bruyne fouls Sam.,De Bruyne,Genk,Sam,Leverkusen
21,83.0,FREE_KICK,Simaeys takes the free-kick.,Simaeys,Genk,Tőzsér,Genk
22,83.0,FOUL,Kiessling fouls Simaeys.,Kiessling,Leverkusen,Simaeys,Genk
23,83.0,FREE_KICK,De Bruyne takes the free-kick.,De Bruyne,Genk,Tőzsér,Genk
24,83.0,FOUL,Ballack fouls De Bruyne.,Ballack,Leverkusen,De Bruyne,Genk
25,83.0,FREE_KICK,Castro takes the free-kick.,Castro,Leverkusen,Köteles,Genk
26,82.0,FOUL,Simaeys fouls Kiessling.,Simaeys,Genk,Kiessling,Leverkusen
27,81.0,FOUL,Kiessling fouls Hyland.,Kiessling,Leverkusen,Hyland,Genk
28,81.0,SHOT_BLOCKED,Ogunjimi has a shot blocked.,Ogunjimi,Genk,Ogunjimi,Genk
29,80.0,SUBSTITUTION,Ballack (on) - Kadlec (off),Kadlec,Leverkusen,Ballack,Leverkusen
30,79.0,CORNER,Tőzsér takes the corner.,Tőzsér,Genk,Tőzsér,Genk
31,79.0,SHOT_WIDE,Barda misses the target.,Barda,Genk,Barda,Genk
32,78.0,SUBSTITUTION,Nwanganga (on) - Hubert (off),Hubert,Genk,Nwanganga,Genk
33,77.0,CORNER,Tőzsér takes the corner.,Tőzsér,Genk,Tőzsér,Genk
34,77.0,SAVE,Leno makes a save.,Leno,Leverkusen,Leno,Leverkusen
35,77.0,SHOT_ON_GOAL,Ogunjimi has an effort on goal.,Ogunjimi,Genk,Ogunjimi,Genk
36,77.0,SHOT_WIDE,Kiessling misses the target.,Kiessling,Leverkusen,Kiessling,Leverkusen
37,75.0,SAVE,Leno makes a save.,Leno,Leverkusen,Leno,Leverkusen
38,75.0,SHOT_ON_GOAL,Barda has an effort on goal.,Barda,Genk,Barda,Genk
39,69.0,SUBSTITUTION,Hyland (on) - Nadson (off),Nadson,Genk,Hyland,Genk
40,67.0,CORNER,Sam takes the corner.,Sam,Leverkusen,Sam,Leverkusen
41,65.0,SUBSTITUTION,Balitsch (on) - Renato Augusto (off),Renato Augusto,Leverkusen,Balitsch,Leverkusen
42,64.0,FREE_KICK,Hubert takes the free-kick.,Hubert,Genk,Simaeys,Genk
43,64.0,FOUL,Ömer Toprak fouls Barda.,Ömer Toprak,Leverkusen,Barda,Genk
44,63.0,CORNER,Castro takes the corner.,Castro,Leverkusen,Castro,Leverkusen
45,63.0,SAVE,Köteles makes a save.,Köteles,Genk,Köteles,Genk
46,63.0,SHOT_ON_GOAL,Schürrle has an effort on goal.,Schürrle,Leverkusen,Schürrle,Leverkusen
47,62.0,FREE_KICK,Köteles takes the free-kick.,Köteles,Genk,Buffel,Genk
48,61.0,CORNER,Castro takes the corner.,Castro,Leverkusen,Castro,Leverkusen
49,61.0,FREE_KICK,Ömer Toprak takes the free-kick.,Ömer Toprak,Leverkusen,L. Bender,Leverkusen
50,60.0,FOUL,Barda fouls Ömer Toprak.,Barda,Genk,Ömer Toprak,Leverkusen
51,60.0,FOUL,Kiessling handles the ball.,Kiessling,Leverkusen,,
52,57.0,CORNER,De Bruyne takes the corner.,De Bruyne,Genk,De Bruyne,Genk
53,55.0,CORNER,Castro takes the corner.,Castro,Leverkusen,Castro,Leverkusen
54,55.0,SHOT_WIDE,Renato Augusto misses the target.,Renato Augusto,Leverkusen,Renato Augusto,Leverkusen
55,55.0,FREE_KICK,Köteles takes the free-kick.,Köteles,Genk,,
56,54.0,CORNER,Castro takes the corner.,Castro,Leverkusen,Castro,Leverkusen
57,53.0,CORNER,De Bruyne takes the corner.,De Bruyne,Genk,De Bruyne,Genk
58,51.0,FOUL,Tőzsér fouls Renato Augusto.,Tőzsér,Genk,Renato Augusto,Leverkusen
59,51.0,FREE_KICK,Köteles takes the free-kick.,Köteles,Genk,Rolfes,Leverkusen
60,51.0,FREE_KICK,Tőzsér takes the free-kick.,Tőzsér,Genk,Kadlec,Leverkusen
61,50.0,YELLOW_CARD,Kadlec is cautioned by the referee.,Kadlec,Leverkusen,Kadlec,Leverkusen
62,50.0,FOUL,Kadlec fouls Buffel.,Kadlec,Leverkusen,Buffel,Genk
63,49.0,SAVE,Leno makes a save.,Leno,Leverkusen,Leno,Leverkusen
64,49.0,SHOT_ON_GOAL,De Bruyne has an effort on goal.,De Bruyne,Genk,De Bruyne,Genk
65,49.0,FREE_KICK,De Bruyne takes the free-kick.,De Bruyne,Genk,,
66,48.0,FOUL,L. Bender fouls Barda.,L. Bender,Leverkusen,Barda,Genk
67,48.0,FREE_KICK,Barda takes the free-kick.,Barda,Genk,Renato Augusto,Leverkusen
68,48.0,FOUL,Kadlec fouls Buffel.,Kadlec,Leverkusen,Buffel,Genk
69,47.0,SHOT_WIDE,Sam misses the target.,Sam,Leverkusen,Sam,Leverkusen
70,46.0,OFFSIDE,Barda is flagged for offside.,Barda,Genk,Barda,Genk
71,46.0,FREE_KICK,Leno takes the free-kick.,Leno,Leverkusen,Tőzsér,Genk
72,46.0,SUBSTITUTION,Barda (on) - Vossen (off),Vossen,Genk,Barda,Genk
73,46.0,START_PHASE,The second half begins.,,,,
74,,END_PHASE,The referee blows for half-time.,,,,
75,45.0,FOUL,De Bruyne fouls Sam.,De Bruyne,Genk,Sam,Leverkusen
76,45.0,SHOT_BLOCKED,Hubert has a shot blocked.,Hubert,Genk,Hubert,Genk
77,45.0,FOUL,Kiessling fouls Hubert.,Kiessling,Leverkusen,Hubert,Genk
78,45.0,FREE_KICK,Leno takes the free-kick.,Leno,Leverkusen,Renato Augusto,Leverkusen
79,45.0,FOUL,Buffel fouls Kadlec.,Buffel,Genk,Kadlec,Leverkusen
80,44.0,FREE_KICK,Tőzsér takes the free-kick.,Tőzsér,Genk,Castro,Leverkusen
81,43.0,FOUL,L. Bender fouls De Bruyne.,L. Bender,Leverkusen,De Bruyne,Genk
82,43.0,SHOT_WIDE,Ogunjimi misses the target.,Ogunjimi,Genk,Ogunjimi,Genk
83,42.0,CORNER,Tőzsér takes the corner.,Tőzsér,Genk,Tőzsér,Genk
84,42.0,FREE_KICK,Ngongca takes the free-kick.,Ngongca,Genk,Vossen,Genk
85,42.0,FOUL,Kadlec fouls Ogunjimi.,Kadlec,Leverkusen,Ogunjimi,Genk
86,41.0,CORNER,Castro takes the corner.,Castro,Leverkusen,Castro,Leverkusen
87,41.0,SAVE,Köteles makes a save.,Köteles,Genk,Köteles,Genk
88,41.0,SHOT_ON_GOAL,Renato Augusto has an effort on goal.,Renato Augusto,Leverkusen,Renato Augusto,Leverkusen
89,40.0,SHOT_WIDE,Kadlec misses the target.,Kadlec,Leverkusen,Kadlec,Leverkusen
90,39.0,YELLOW_CARD,Pudil is cautioned by the referee.,Pudil,Genk,Pudil,Genk
91,39.0,FOUL,Pudil fouls Kiessling.,Pudil,Genk,Kiessling,Leverkusen
92,38.0,SHOT_WIDE,Schürrle misses the target.,Schürrle,Leverkusen,Schürrle,Leverkusen
93,35.0,CORNER,Tőzsér takes the corner.,Tőzsér,Genk,Tőzsér,Genk
94,33.0,SAVE,Köteles makes a save.,Köteles,Genk,Köteles,Genk
95,33.0,SHOT_ON_GOAL,Sam has an effort on goal.,Sam,Leverkusen,Sam,Leverkusen
96,33.0,SHOT_BLOCKED,Renato Augusto has a shot blocked.,Renato Augusto,Leverkusen,Renato Augusto,Leverkusen
97,32.0,FREE_KICK,Tőzsér takes the free-kick.,Tőzsér,Genk,Rolfes,Leverkusen
98,32.0,FOUL,Ömer Toprak fouls Vossen.,Ömer Toprak,Leverkusen,Vossen,Genk
99,30.0,GOAL,L. Bender scores!,L. Bender,Leverkusen,Köteles,Leverkusen
100,28.0,FREE_KICK,Nadson takes the free-kick.,Nadson,Genk,Simaeys,Genk
101,27.0,OFFSIDE,Renato Augusto is flagged for offside.,Renato Augusto,Leverkusen,Renato Augusto,Leverkusen
102,27.0,SHOT_BLOCKED,Sam has a shot blocked.,Sam,Leverkusen,Sam,Leverkusen
103,26.0,FREE_KICK,Rolfes takes the free-kick.,Rolfes,Leverkusen,Sam,Leverkusen
104,26.0,FOUL,Ogunjimi fouls Rolfes.,Ogunjimi,Genk,Rolfes,Leverkusen
105,24.0,FOUL,Simaeys fouls Ömer Toprak.,Simaeys,Genk,Ömer Toprak,Leverkusen
106,23.0,CORNER,Tőzsér takes the corner.,Tőzsér,Genk,Tőzsér,Genk
107,23.0,FREE_KICK,Kadlec takes the free-kick.,Kadlec,Leverkusen,Köteles,Genk
108,23.0,YELLOW_CARD,Nadson is cautioned by the referee.,Nadson,Genk,,Genk
109,22.0,FOUL,Nadson fouls Kiessling.,Nadson,Genk,Kiessling,Leverkusen
110,21.0,SHOT_WIDE,Renato Augusto misses the target.,Renato Augusto,Leverkusen,Renato Augusto,Leverkusen
111,21.0,SAVE,Leno makes a save.,Leno,Leverkusen,Leno,Leverkusen
112,21.0,SHOT_ON_GOAL,Ogunjimi has an effort on goal.,Ogunjimi,Genk,Ogunjimi,Genk
113,20.0,FREE_KICK,Castro takes the free-kick.,Castro,Leverkusen,Ömer Toprak,Leverkusen
114,20.0,FOUL,Pudil fouls Sam.,Pudil,Genk,Sam,Leverkusen
115,18.0,SHOT_WIDE,De Bruyne misses the target.,De Bruyne,Genk,De Bruyne,Genk
116,17.0,OFFSIDE,Kiessling is flagged for offside.,Kiessling,Leverkusen,Kiessling,Leverkusen
117,16.0,FREE_KICK,Kadlec takes the free-kick.,Kadlec,Leverkusen,Schürrle,Leverkusen
118,16.0,FOUL,Tőzsér fouls Schürrle.,Tőzsér,Genk,Schürrle,Leverkusen
119,15.0,CORNER,De Bruyne takes the corner.,De Bruyne,Genk,De Bruyne,Genk
120,15.0,FREE_KICK,Nadson takes the free-kick.,Nadson,Genk,Pudil,Genk
121,14.0,FOUL,Kiessling fouls Nadson.,Kiessling,Leverkusen,Nadson,Genk
122,14.0,SHOT_WIDE,Schürrle misses the target.,Schürrle,Leverkusen,Schürrle,Leverkusen
123,13.0,SHOT_WIDE,Simaeys misses the target.,Simaeys,Genk,Simaeys,Genk
124,12.0,CORNER,Tőzsér takes the corner.,Tőzsér,Genk,Tőzsér,Genk
125,11.0,SHOT_WIDE,Renato Augusto misses the target.,Renato Augusto,Leverkusen,Renato Augusto,Leverkusen
126,10.0,FREE_KICK,Leno takes the free-kick.,Leno,Leverkusen,Reinartz,Leverkusen
127,10.0,OFFSIDE,Nadson is flagged for offside.,Nadson,Genk,Nadson,Genk
128,9.0,FOUL,Kadlec fouls Vossen.,Kadlec,Leverkusen,Vossen,Genk
129,7.0,SHOT_WIDE,Rolfes misses the target.,Rolfes,Leverkusen,Rolfes,Leverkusen
130,5.0,FREE_KICK,Köteles takes the free-kick.,Köteles,Genk,Nadson,Genk
131,4.0,FOUL,Kiessling fouls Nadson.,Kiessling,Leverkusen,Nadson,Genk
132,1.0,FREE_KICK,Nadson takes the free-kick.,Nadson,Genk,Simaeys,Genk
133,1.0,OFFSIDE,Kiessling is flagged for offside.,Kiessling,Leverkusen,Kiessling,Leverkusen
134,1.0,START_PHASE,The match is under way.,,,,
