,minute,eventType,autoText,primaryPlayer,primaryTeam,secondaryPlayer,secondaryTeam
0,,END_PHASE,The final whistle is blown.,,,,
1,88.0,SHOT_WIDE,Evra misses the target.,Evra,Man. United,Evra,Man. United
2,87.0,FREE_KICK,Uchida takes the free-kick.,Uchida,Schalke,Vidić,Man. United
3,87.0,FOUL,Giggs fouls Farfán.,Giggs,Man. United,Farfán,Schalke
4,83.0,SUBSTITUTION,Nani (on) - Rooney (off),Rooney,Man. United,Nani,Man. United
5,83.0,SUBSTITUTION,Draxler (on) - Jurado (off),Jurado,Schalke,Draxler,Schalke
6,82.0,SAVE,Van der Sar makes a save.,Van der Sar,Man. United,Van der Sar,Man. United
7,82.0,SHOT_ON_GOAL,Escudero has an effort on goal.,Escudero,Schalke,Escudero,Schalke
8,76.0,SHOT_WIDE,Farfán misses the target.,Farfán,Schalke,Farfán,Schalke
9,75.0,FOUL,Fabio fouls Edu.,Fabio,Man. United,Edu,Schalke
10,73.0,SUBSTITUTION,Scholes (on) - Park Ji-Sung (off),Park Ji-Sung,Man. United,Scholes,Man. United
11,73.0,SUBSTITUTION,Anderson (on) - Hernández (off),Hernández,Man. United,Anderson,Man. United
12,73.0,SUBSTITUTION,Escudero (on) - Sarpei (off),Sarpei,Schalke,Escudero,Schalke
13,72.0,FOUL,Hernández fouls Sarpei.,Hernández,Man. United,Sarpei,Schalke
14,71.0,FREE_KICK,Giggs takes the free-kick.,Giggs,Man. United,A. Valencia,Man. United
15,71.0,YELLOW_CARD,Sarpei is cautioned by the referee.,Sarpei,Schalke,Sarpei,Schalke
16,71.0,FOUL,Sarpei fouls Hernández.,Sarpei,Schalke,Hernández,Man. United
17,69.0,GOAL,Rooney scores!,Rooney,Man. United,Neuer,Man. United
18,69.0,ASSIST,Good assist from Hernández.,Hernández,Man. United,Hernández,Man. United
19,68.0,SHOT_WIDE,Giggs misses the target.,Giggs,Man. United,Giggs,Man. United
20,67.0,GOAL,Giggs scores!,Giggs,Man. United,Neuer,Man. United
21,67.0,ASSIST,Good assist from Rooney.,Rooney,Man. United,Rooney,Man. United
22,65.0,SAVE,Van der Sar makes a save.,Van der Sar,Man. United,Van der Sar,Man. United
23,65.0,SHOT_ON_GOAL,Edu has an effort on goal.,Edu,Schalke,Edu,Schalke
24,63.0,CORNER,Farfán takes the corner.,Farfán,Schalke,Jurado,Schalke
25,63.0,SHOT_BLOCKED,Kluge has a shot blocked.,Kluge,Schalke,Kluge,Schalke
26,63.0,CORNER,Raúl González takes the corner.,Raúl González,Schalke,Kluge,Schalke
27,62.0,FREE_KICK,Uchida takes the free-kick.,Uchida,Schalke,Edu,Schalke
28,62.0,FOUL,Hernández fouls Uchida.,Hernández,Man. United,Uchida,Schalke
29,61.0,FREE_KICK,Kluge takes the free-kick.,Kluge,Schalke,Fabio,Man. United
30,61.0,FOUL,Vidić fouls Raúl González.,Vidić,Man. United,Raúl González,Schalke
31,61.0,FREE_KICK,Carrick takes the free-kick.,Carrick,Man. United,Giggs,Man. United
32,61.0,FOUL,Raúl González fouls Carrick.,Raúl González,Schalke,Carrick,Man. United
33,59.0,FREE_KICK,Neuer takes the free-kick.,Neuer,Schalke,,
34,59.0,OFFSIDE,A. Valencia is flagged for offside.,A. Valencia,Man. United,A. Valencia,Man. United
35,58.0,YELLOW_CARD,Fabio is cautioned by the referee.,Fabio,Man. United,Fabio,Man. United
36,58.0,FOUL,Fabio fouls Jurado.,Fabio,Man. United,Jurado,Schalke
37,55.0,SHOT_BLOCKED,Vidić has a shot blocked.,Vidić,Man. United,Vidić,Man. United
38,54.0,CORNER,Giggs takes the corner.,Giggs,Man. United,Fabio,Man. United
39,53.0,SUBSTITUTION,Kluge (on) - Baumjohann (off),Baumjohann,Schalke,Kluge,Schalke
40,52.0,SHOT_WIDE,Jurado misses the target.,Jurado,Schalke,Jurado,Schalke
41,52.0,FREE_KICK,Neuer takes the free-kick.,Neuer,Schalke,Ferdinand,Man. United
42,51.0,OFFSIDE,Hernández is flagged for offside.,Hernández,Man. United,Hernández,Man. United
43,50.0,FREE_KICK,Giggs takes the free-kick.,Giggs,Man. United,Vidić,Man. United
44,50.0,FOUL,Metzelder fouls Hernández.,Metzelder,Schalke,Hernández,Man. United
45,49.0,FOUL,Sarpei fouls A. Valencia.,Sarpei,Schalke,A. Valencia,Man. United
46,48.0,SHOT_WIDE,Giggs misses the target.,Giggs,Man. United,Giggs,Man. United
47,47.0,SAVE,Neuer makes a save.,Neuer,Schalke,Neuer,Schalke
48,47.0,SHOT_ON_GOAL,Carrick has an effort on goal.,Carrick,Man. United,Carrick,Man. United
49,47.0,CORNER,Giggs takes the corner.,Giggs,Man. United,Metzelder,Schalke
50,47.0,FREE_KICK,Giggs takes the free-kick.,Giggs,Man. United,,
51,46.0,FOUL,Matip fouls Hernández.,Matip,Schalke,Hernández,Man. United
52,46.0,START_PHASE,The second half begins.,,,,
53,45.0,SAVE,Neuer makes a save.,Neuer,Schalke,Neuer,Schalke
54,45.0,SHOT_ON_GOAL,Giggs has an effort on goal.,Giggs,Man. United,Giggs,Man. United
55,44.0,CORNER,Giggs takes the corner.,Giggs,Man. United,A. Valencia,Man. United
56,42.0,FREE_KICK,Neuer takes the free-kick.,Neuer,Schalke,Edu,Schalke
57,41.0,FOUL,Park Ji-Sung fouls Matip.,Park Ji-Sung,Man. United,Matip,Schalke
58,40.0,SAVE,Van der Sar makes a save.,Van der Sar,Man. United,Van der Sar,Man. United
59,40.0,SHOT_ON_GOAL,Baumjohann has an effort on goal.,Baumjohann,Schalke,Baumjohann,Schalke
60,38.0,SHOT_WIDE,Fabio misses the target.,Fabio,Man. United,Fabio,Man. United
61,36.0,SHOT_BLOCKED,Park Ji-Sung has a shot blocked.,Park Ji-Sung,Man. United,Park Ji-Sung,Man. United
62,36.0,SAVE,Neuer makes a save.,Neuer,Schalke,Neuer,Schalke
63,36.0,SHOT_ON_GOAL,Hernández has an effort on goal.,Hernández,Man. United,Hernández,Man. United
64,35.0,FREE_KICK,Giggs takes the free-kick.,Giggs,Man. United,Evra,Man. United
65,35.0,FOUL,Edu fouls Park Ji-Sung.,Edu,Schalke,Park Ji-Sung,Man. United
66,35.0,FREE_KICK,Neuer takes the free-kick.,Neuer,Schalke,Evra,Man. United
67,35.0,OFFSIDE,Fabio is flagged for offside.,Fabio,Man. United,Fabio,Man. United
68,34.0,FREE_KICK,Carrick takes the free-kick.,Carrick,Man. United,Ferdinand,Man. United
69,34.0,YELLOW_CARD,Metzelder is cautioned by the referee.,Metzelder,Schalke,Metzelder,Schalke
70,34.0,FOUL,Metzelder fouls Rooney.,Metzelder,Schalke,Rooney,Man. United
71,27.0,SAVE,Neuer makes a save.,Neuer,Schalke,Neuer,Schalke
72,27.0,SHOT_ON_GOAL,Giggs has an effort on goal.,Giggs,Man. United,Giggs,Man. United
73,27.0,CORNER,A. Valencia takes the corner.,A. Valencia,Man. United,Giggs,Man. United
74,26.0,FREE_KICK,Ferdinand takes the free-kick.,Ferdinand,Man. United,Van der Sar,Man. United
75,26.0,FOUL,Edu handles the ball.,Edu,Schalke,,
76,26.0,SHOT_WIDE,Hernández misses the target.,Hernández,Man. United,Hernández,Man. United
77,25.0,FREE_KICK,Uchida takes the free-kick.,Uchida,Schalke,Farfán,Schalke
78,25.0,FOUL,Evra fouls Uchida.,Evra,Man. United,Uchida,Schalke
79,23.0,FREE_KICK,Neuer takes the free-kick.,Neuer,Schalke,Carrick,Man. United
80,23.0,FOUL,Hernández fouls Neuer.,Hernández,Man. United,Neuer,Schalke
81,22.0,CORNER,Giggs takes the corner.,Giggs,Man. United,,
82,21.0,SHOT_WIDE,Hernández misses the target.,Hernández,Man. United,Hernández,Man. United
83,20.0,FREE_KICK,Fabio takes the free-kick.,Fabio,Man. United,Carrick,Man. United
84,20.0,FOUL,Farfán fouls Fabio.,Farfán,Schalke,Fabio,Man. United
85,18.0,FREE_KICK,Jurado takes the free-kick.,Jurado,Schalke,Vidić,Man. United
86,18.0,FOUL,Park Ji-Sung fouls Uchida.,Park Ji-Sung,Man. United,Uchida,Schalke
87,16.0,FREE_KICK,Neuer takes the free-kick.,Neuer,Schalke,Carrick,Man. United
88,16.0,FOUL,Hernández fouls Neuer.,Hernández,Man. United,Neuer,Schalke
89,14.0,SAVE,Neuer makes a save.,Neuer,Schalke,Neuer,Schalke
90,14.0,SHOT_ON_GOAL,Hernández has an effort on goal.,Hernández,Man. United,Hernández,Man. United
91,13.0,FREE_KICK,Carrick takes the free-kick.,Carrick,Man. United,Vidić,Man. United
92,13.0,FOUL,Metzelder fouls Rooney.,Metzelder,Schalke,Rooney,Man. United
93,12.0,CORNER,Raúl González takes the corner.,Raúl González,Schalke,Baumjohann,Schalke
94,10.0,FREE_KICK,Carrick takes the free-kick.,Carrick,Man. United,Vidić,Man. United
95,10.0,FOUL,Edu fouls Fabio.,Edu,Schalke,Fabio,Man. United
96,9.0,SHOT_WIDE,Farfán misses the target.,Farfán,Schalke,Farfán,Schalke
97,8.0,FREE_KICK,Papadopoulos takes the free-kick.,Papadopoulos,Schalke,Matip,Schalke
98,8.0,FOUL,Fabio fouls Raúl González.,Fabio,Man. United,Raúl González,Schalke
99,7.0,SAVE,Van der Sar makes a save.,Van der Sar,Man. United,Van der Sar,Man. United
100,7.0,SHOT_ON_GOAL,Edu has an effort on goal.,Edu,Schalke,Edu,Schalke
101,6.0,SAVE,Neuer makes a save.,Neuer,Schalke,Neuer,Schalke
102,6.0,SHOT_ON_GOAL,Hernández has an effort on goal.,Hernández,Man. United,Hernández,Man. United
103,6.0,FREE_KICK,Neuer takes the free-kick.,Neuer,Schalke,Fabio,Man. United
104,6.0,OFFSIDE,Hernández is flagged for offside.,Hernández,Man. United,Hernández,Man. United
105,6.0,SAVE,Neuer makes a save.,Neuer,Schalke,Neuer,Schalke
106,6.0,SHOT_ON_GOAL,Park Ji-Sung has an effort on goal.,Park Ji-Sung,Man. United,Park Ji-Sung,Man. United
107,4.0,FREE_KICK,Raúl González takes the free-kick.,Raúl González,Schalke,Jurado,Schalke
108,4.0,FOUL,Fabio fouls Edu.,Fabio,Man. United,Edu,Schalke
109,4.0,FREE_KICK,Edu takes the free-kick.,Edu,Schalke,Jurado,Schalke
110,4.0,FOUL,Fabio fouls Edu.,Fabio,Man. United,Edu,Schalke
111,3.0,CORNER,Giggs takes the corner.,Giggs,Man. United,Neuer,Schalke
112,3.0,SAVE,Neuer makes a save.,Neuer,Schalke,Neuer,Schalke
113,3.0,SHOT_ON_GOAL,Rooney has an effort on goal.,Rooney,Man. United,Rooney,Man. United
114,2.0,FREE_KICK,Ferdinand takes the free-kick.,Ferdinand,Man. United,Carrick,Man. United
115,2.0,FOUL,Farfán handles the ball.,Farfán,Schalke,,
116,1.0,FREE_KICK,Jurado takes the free-kick.,Jurado,Schalke,Edu,Schalke
117,1.0,FOUL,Park Ji-Sung fouls Baumjohann.,Park Ji-Sung,Man. United,Baumjohann,Schalke
118,1.0,SAVE,Van der Sar makes a save.,Van der Sar,Man. United,Van der Sar,Man. United
119,1.0,SHOT_ON_GOAL,Baumjohann has an effort on goal.,Baumjohann,Schalke,Baumjohann,Schalke
120,1.0,START_PHASE,The match is under way.,,,,
