,minute,eventType,autoText,primaryPlayer,primaryTeam,secondaryPlayer,secondaryTeam
0,,END_PHASE,The final whistle is blown.,,,,
1,90.0,GOAL,M. Friedrich scores!,M. Friedrich,Leverkusen,Čech,Leverkusen
2,90.0,ASSIST,Good assist from Castro.,Castro,Leverkusen,,
3,90.0,CORNER,Castro takes the corner.,Castro,Leverkusen,Castro,Leverkusen
4,88.0,FREE_KICK,Derdiyok takes the free-kick.,Derdiyok,Leverkusen,M. Friedrich,Leverkusen
5,88.0,FOUL,Alex fouls Sam.,Alex,Chelsea,Sam,Leverkusen
6,85.0,FOUL,Castro fouls Malouda.,Castro,Leverkusen,Malouda,Chelsea
7,84.0,SHOT_WIDE,Drogba misses the target.,Drogba,Chelsea,Drogba,Chelsea
8,83.0,SUBSTITUTION,Oczipka (on) - Kiessling (off),Kiessling,Leverkusen,Oczipka,Leverkusen
9,81.0,FOUL,Ivanović fouls Leno.,Ivanović,Chelsea,Leno,Leverkusen
10,80.0,SUBSTITUTION,Mikel (on) - Raul Meireles (off),Raul Meireles,Chelsea,Mikel,Chelsea
11,77.0,CORNER,Castro takes the corner.,Castro,Leverkusen,Castro,Leverkusen
12,77.0,SHOT_WIDE,Derdiyok misses the target.,Derdiyok,Leverkusen,Derdiyok,Leverkusen
13,76.0,FOUL,Bosingwa fouls Derdiyok.,Bosingwa,Chelsea,Derdiyok,Leverkusen
14,74.0,OFFSIDE,Drogba is flagged for offside.,Drogba,Chelsea,Drogba,Chelsea
15,73.0,GOAL,Derdiyok scores!,Derdiyok,Leverkusen,Čech,Leverkusen
16,73.0,ASSIST,Good assist from Sam.,Sam,Leverkusen,Sam,Leverkusen
17,72.0,YELLOW_CARD,Raul Meireles is cautioned by the referee.,Raul Meireles,Chelsea,Raul Meireles,Chelsea
18,72.0,FOUL,Raul Meireles handles the ball.,Raul Meireles,Chelsea,,
19,72.0,SAVE,Leno makes a save.,Leno,Leverkusen,Leno,Leverkusen
20,72.0,SHOT_ON_GOAL,Malouda has an effort on goal.,Malouda,Chelsea,Malouda,Chelsea
21,71.0,SUBSTITUTION,Derdiyok (on) - Kadlec (off),Kadlec,Leverkusen,Derdiyok,Leverkusen
22,71.0,FOUL,Rolfes fouls Ramires.,Rolfes,Leverkusen,Ramires,Chelsea
23,70.0,FOUL,Castro fouls Malouda.,Castro,Leverkusen,Malouda,Chelsea
24,70.0,OFFSIDE,Kiessling is flagged for offside.,Kiessling,Leverkusen,Kiessling,Leverkusen
25,69.0,SUBSTITUTION,Alex (on) - David Luiz (off),David Luiz,Chelsea,Alex,Chelsea
26,68.0,CORNER,Castro takes the corner.,Castro,Leverkusen,Castro,Leverkusen
27,66.0,SUBSTITUTION,Malouda (on) - Mata (off),Mata,Chelsea,Malouda,Chelsea
28,65.0,FREE_KICK,Čech takes the free-kick.,Čech,Chelsea,Castro,Leverkusen
29,65.0,FOUL,L. Bender fouls Bosingwa.,L. Bender,Leverkusen,Bosingwa,Chelsea
30,64.0,FREE_KICK,Ballack takes the free-kick.,Ballack,Leverkusen,Sam,Leverkusen
31,64.0,FOUL,Ramires fouls Sam.,Ramires,Chelsea,Sam,Leverkusen
32,64.0,SAVE,Leno makes a save.,Leno,Leverkusen,Leno,Leverkusen
33,64.0,SHOT_ON_GOAL,Sturridge has an effort on goal.,Sturridge,Chelsea,Sturridge,Chelsea
34,62.0,SHOT_WIDE,Rolfes misses the target.,Rolfes,Leverkusen,Rolfes,Leverkusen
35,61.0,SAVE,Čech makes a save.,Čech,Chelsea,Čech,Chelsea
36,61.0,SHOT_ON_GOAL,Kiessling has an effort on goal.,Kiessling,Leverkusen,Kiessling,Leverkusen
37,60.0,FOUL,Mata fouls M. Friedrich.,Mata,Chelsea,M. Friedrich,Leverkusen
38,59.0,CORNER,Castro takes the corner.,Castro,Leverkusen,Castro,Leverkusen
39,59.0,SAVE,Čech makes a save.,Čech,Chelsea,Čech,Chelsea
40,59.0,SHOT_ON_GOAL,Ballack has an effort on goal.,Ballack,Leverkusen,Ballack,Leverkusen
41,58.0,CORNER,Castro takes the corner.,Castro,Leverkusen,Castro,Leverkusen
42,58.0,SAVE,Čech makes a save.,Čech,Chelsea,Čech,Chelsea
43,58.0,SHOT_ON_GOAL,Ballack has an effort on goal.,Ballack,Leverkusen,Ballack,Leverkusen
44,57.0,SUBSTITUTION,Schürrle (on) - Schwaab (off),Schwaab,Leverkusen,Schürrle,Leverkusen
45,55.0,YELLOW_CARD,Ivanović is cautioned by the referee.,Ivanović,Chelsea,Ivanović,Chelsea
46,54.0,OFFSIDE,Drogba is flagged for offside.,Drogba,Chelsea,Drogba,Chelsea
47,53.0,SAVE,Leno makes a save.,Leno,Leverkusen,Leno,Leverkusen
48,53.0,SHOT_ON_GOAL,Ivanović has an effort on goal.,Ivanović,Chelsea,Ivanović,Chelsea
49,51.0,CORNER,Kadlec takes the corner.,Kadlec,Leverkusen,Kadlec,Leverkusen
50,51.0,CORNER,Castro takes the corner.,Castro,Leverkusen,Castro,Leverkusen
51,50.0,SAVE,Leno makes a save.,Leno,Leverkusen,Leno,Leverkusen
52,50.0,SHOT_ON_GOAL,Lampard has an effort on goal.,Lampard,Chelsea,Lampard,Chelsea
53,48.0,GOAL,Drogba scores!,Drogba,Chelsea,Leno,Chelsea
54,46.0,START_PHASE,The second half begins.,,,,
55,,END_PHASE,The referee blows for half-time.,,,,
56,45.0,CORNER,Castro takes the corner.,Castro,Leverkusen,Castro,Leverkusen
57,44.0,YELLOW_CARD,Ballack is cautioned by the referee.,Ballack,Leverkusen,Ballack,Leverkusen
58,43.0,SAVE,Leno makes a save.,Leno,Leverkusen,Leno,Leverkusen
59,43.0,SHOT_ON_GOAL,Sturridge has an effort on goal.,Sturridge,Chelsea,Sturridge,Chelsea
60,43.0,SAVE,Leno makes a save.,Leno,Leverkusen,Leno,Leverkusen
61,43.0,SHOT_ON_GOAL,Mata has an effort on goal.,Mata,Chelsea,Mata,Chelsea
62,41.0,FREE_KICK,Mata takes the free-kick.,Mata,Chelsea,Leno,Leverkusen
63,40.0,FOUL,Kadlec handles the ball.,Kadlec,Leverkusen,,
64,39.0,YELLOW_CARD,Kadlec is cautioned by the referee.,Kadlec,Leverkusen,,Leverkusen
65,38.0,SHOT_WIDE,Drogba misses the target.,Drogba,Chelsea,Drogba,Chelsea
66,38.0,FREE_KICK,Terry takes the free-kick.,Terry,Chelsea,David Luiz,Chelsea
67,38.0,FOUL,Ballack fouls Raul Meireles.,Ballack,Leverkusen,Raul Meireles,Chelsea
68,36.0,YELLOW_CARD,Kiessling is cautioned by the referee.,Kiessling,Leverkusen,Kiessling,Leverkusen
69,36.0,FOUL,Schwaab fouls Bosingwa.,Schwaab,Leverkusen,Bosingwa,Chelsea
70,33.0,FREE_KICK,Raul Meireles takes the free-kick.,Raul Meireles,Chelsea,Terry,Chelsea
71,33.0,FOUL,Ballack handles the ball.,Ballack,Leverkusen,,
72,33.0,FOUL,M. Friedrich fouls David Luiz.,M. Friedrich,Leverkusen,David Luiz,Chelsea
73,33.0,SHOT_WIDE,Ballack misses the target.,Ballack,Leverkusen,Ballack,Leverkusen
74,32.0,CORNER,Castro takes the corner.,Castro,Leverkusen,Castro,Leverkusen
75,30.0,SAVE,Leno makes a save.,Leno,Leverkusen,Leno,Leverkusen
76,30.0,SHOT_ON_GOAL,Drogba has an effort on goal.,Drogba,Chelsea,Drogba,Chelsea
77,29.0,FOUL,Ömer Toprak fouls Sturridge.,Ömer Toprak,Leverkusen,Sturridge,Chelsea
78,28.0,CORNER,Castro takes the corner.,Castro,Leverkusen,Castro,Leverkusen
79,25.0,SHOT_WIDE,Lampard misses the target.,Lampard,Chelsea,Lampard,Chelsea
80,24.0,FOUL,Rolfes fouls Ramires.,Rolfes,Leverkusen,Ramires,Chelsea
81,24.0,FOUL,Kadlec fouls Sturridge.,Kadlec,Leverkusen,Sturridge,Chelsea
82,24.0,FOUL,Ballack fouls Ramires.,Ballack,Leverkusen,Ramires,Chelsea
83,22.0,FOUL,Raul Meireles fouls Ballack.,Raul Meireles,Chelsea,Ballack,Leverkusen
84,19.0,FREE_KICK,Čech takes the free-kick.,Čech,Chelsea,Lampard,Chelsea
85,17.0,FOUL,Kiessling fouls David Luiz.,Kiessling,Leverkusen,David Luiz,Chelsea
86,6.0,SHOT_WIDE,Drogba misses the target.,Drogba,Chelsea,Drogba,Chelsea
87,4.0,FOUL,Terry fouls Kiessling.,Terry,Chelsea,Kiessling,Leverkusen
88,1.0,FREE_KICK,Terry takes the free-kick.,Terry,Chelsea,Lampard,Chelsea
89,1.0,FOUL,Kiessling fouls Raul Meireles.,Kiessling,Leverkusen,Raul Meireles,Chelsea
90,1.0,START_PHASE,The match is under way.,,,,
