,minute,eventType,autoText,primaryPlayer,primaryTeam,secondaryPlayer,secondaryTeam
0,,END_PHASE,The final whistle is blown.,,,,
1,90.0,SAVE,Boerrigter makes a save.,Boerrigter,Ajax,,
2,90.0,SHOT_ON_GOAL,Lewandowski has an effort on goal.,Lewandowski,Dortmund,Lewandowski,Dortmund
3,90.0,SHOT_ON_GOAL,Perišić has an effort on goal.,Perišić,Dortmund,Perišić,Dortmund
4,90.0,SAVE,Eriksen makes a save.,Eriksen,Ajax,,
5,90.0,SAVE,Alderweireld makes a save.,Alderweireld,Ajax,,
6,90.0,SHOT_ON_GOAL,Perišić has an effort on goal.,Perišić,Dortmund,Perišić,Dortmund
7,90.0,FOUL,Moisander fouls Schieber.,Moisander,Ajax,Schieber,Dortmund
8,89.0,SUBSTITUTION,Sulejmani (on) - Sana (off),Sana,Ajax,Sulejmani,Ajax
9,89.0,SUBSTITUTION,Leitner (on) - Gündoğan (off),Gündoğan,Dortmund,Leitner,Dortmund
10,88.0,SUBSTITUTION,Schieber (on) - Götze (off),Götze,Dortmund,Schieber,Dortmund
11,87.0,GOAL,Lewandowski scores!,Lewandowski,Dortmund,Vermeer,Dortmund
12,87.0,ASSIST,Good assist from Piszczek.,Piszczek,Dortmund,Piszczek,Dortmund
13,79.0,SUBSTITUTION,Schöne (on) - Babel (off),Babel,Ajax,Schöne,Ajax
14,79.0,SHOT_WIDE,Kehl misses the target.,Kehl,Dortmund,Kehl,Dortmund
15,78.0,CORNER,Schmelzer takes the corner.,Schmelzer,Dortmund,,
16,77.0,FOUL,S. De Jong fouls Hummels.,S. De Jong,Ajax,Hummels,Dortmund
17,77.0,FOUL,Kehl fouls Babel.,Kehl,Dortmund,Babel,Ajax
18,75.0,OFFSIDE,Sana is flagged for offside.,Sana,Ajax,Sana,Ajax
19,75.0,SHOT_WIDE,Lewandowski misses the target.,Lewandowski,Dortmund,Lewandowski,Dortmund
20,74.0,FOUL,Reus fouls Van Rhijn.,Reus,Dortmund,Van Rhijn,Ajax
21,73.0,CORNER,Reus takes the corner.,Reus,Dortmund,,
22,73.0,SUBSTITUTION,Perišić (on) - Błaszczykowski (off),Błaszczykowski,Dortmund,Perišić,Dortmund
23,67.0,CORNER,Schmelzer takes the corner.,Schmelzer,Dortmund,,
24,64.0,FOUL,Kehl fouls Eriksen.,Kehl,Dortmund,Eriksen,Ajax
25,62.0,SAVE,Vermeer makes a save.,Vermeer,Ajax,,
26,62.0,SHOT_ON_GOAL,Reus has an effort on goal.,Reus,Dortmund,Reus,Dortmund
27,62.0,FOUL,S. De Jong fouls Lewandowski.,S. De Jong,Ajax,Lewandowski,Dortmund
28,58.0,PENALTY,Hummels's penalty is saved by the goalkeeper.,Hummels,Dortmund,,Dortmund
29,58.0,SAVE,Vermeer makes a save.,Vermeer,Ajax,,
30,57.0,YELLOW_CARD,Van Rhijn is cautioned by the referee.,Van Rhijn,Ajax,Van Rhijn,Ajax
31,57.0,FOUL,Van Rhijn fouls Götze.,Van Rhijn,Ajax,Götze,Dortmund
32,57.0,SHOT_ON_GOAL,Gündoğan has an effort on goal.,Gündoğan,Dortmund,Gündoğan,Dortmund
33,57.0,SAVE,Vermeer makes a save.,Vermeer,Ajax,,
34,56.0,CORNER,Reus takes the corner.,Reus,Dortmund,,
35,55.0,SHOT_WIDE,Gündoğan misses the target.,Gündoğan,Dortmund,Gündoğan,Dortmund
36,53.0,SAVE,S. De Jong makes a save.,S. De Jong,Ajax,,
37,53.0,SHOT_ON_GOAL,Götze has an effort on goal.,Götze,Dortmund,Götze,Dortmund
38,53.0,CORNER,Schmelzer takes the corner.,Schmelzer,Dortmund,,
39,52.0,SAVE,Vermeer makes a save.,Vermeer,Ajax,,
40,52.0,SHOT_ON_GOAL,Reus has an effort on goal.,Reus,Dortmund,Reus,Dortmund
41,51.0,FOUL,Schmelzer fouls Sana.,Schmelzer,Dortmund,Sana,Ajax
42,49.0,SHOT_WIDE,Lewandowski misses the target.,Lewandowski,Dortmund,Lewandowski,Dortmund
43,48.0,SHOT_WIDE,Babel misses the target.,Babel,Ajax,Babel,Ajax
44,48.0,SHOT_ON_GOAL,S. De Jong has an effort on goal.,S. De Jong,Ajax,S. De Jong,Ajax
45,48.0,SAVE,Weidenfeller makes a save.,Weidenfeller,Dortmund,,
46,47.0,CORNER,Eriksen takes the corner.,Eriksen,Ajax,,
47,47.0,SHOT_WIDE,Babel misses the target.,Babel,Ajax,Babel,Ajax
48,47.0,CORNER,Eriksen takes the corner.,Eriksen,Ajax,,
49,46.0,START_PHASE,The second half begins.,,,,
50,,END_PHASE,The referee blows for half-time.,,,,
51,42.0,SHOT_WIDE,Kehl misses the target.,Kehl,Dortmund,Kehl,Dortmund
52,39.0,SAVE,Subotić makes a save.,Subotić,Dortmund,,
53,39.0,SHOT_ON_GOAL,Sana has an effort on goal.,Sana,Ajax,Sana,Ajax
54,37.0,SAVE,Vermeer makes a save.,Vermeer,Ajax,,
55,37.0,SHOT_ON_GOAL,Reus has an effort on goal.,Reus,Dortmund,Reus,Dortmund
56,37.0,YELLOW_CARD,Sana is cautioned by the referee.,Sana,Ajax,Sana,Ajax
57,37.0,FOUL,Sana fouls Schmelzer.,Sana,Ajax,Schmelzer,Dortmund
58,36.0,CORNER,Eriksen takes the corner.,Eriksen,Ajax,,
59,35.0,SAVE,Kehl makes a save.,Kehl,Dortmund,,
60,35.0,SHOT_ON_GOAL,Babel has an effort on goal.,Babel,Ajax,Babel,Ajax
61,34.0,SAVE,S. De Jong makes a save.,S. De Jong,Ajax,,
62,34.0,SHOT_ON_GOAL,Schmelzer has an effort on goal.,Schmelzer,Dortmund,Schmelzer,Dortmund
63,33.0,FOUL,Eriksen fouls Gündoğan.,Eriksen,Ajax,Gündoğan,Dortmund
64,31.0,SHOT_WIDE,Kehl misses the target.,Kehl,Dortmund,Kehl,Dortmund
65,31.0,CORNER,Reus takes the corner.,Reus,Dortmund,,
66,31.0,SAVE,Vermeer makes a save.,Vermeer,Ajax,,
67,31.0,SHOT_ON_GOAL,Schmelzer has an effort on goal.,Schmelzer,Dortmund,Schmelzer,Dortmund
68,30.0,SHOT_WIDE,Lewandowski misses the target.,Lewandowski,Dortmund,Lewandowski,Dortmund
69,27.0,FOUL,S. De Jong fouls Götze.,S. De Jong,Ajax,Götze,Dortmund
70,26.0,FOUL,Piszczek fouls Boerrigter.,Piszczek,Dortmund,Boerrigter,Ajax
71,25.0,FOUL,Boerrigter fouls Piszczek.,Boerrigter,Ajax,Piszczek,Dortmund
72,24.0,OFFSIDE,Boerrigter is flagged for offside.,Boerrigter,Ajax,Boerrigter,Ajax
73,22.0,FOUL,C. Poulsen fouls Lewandowski.,C. Poulsen,Ajax,Lewandowski,Dortmund
74,19.0,OFFSIDE,Lewandowski is flagged for offside.,Lewandowski,Dortmund,Lewandowski,Dortmund
75,16.0,FOUL,Lewandowski fouls Alderweireld.,Lewandowski,Dortmund,Alderweireld,Ajax
76,16.0,OFFSIDE,Babel is flagged for offside.,Babel,Ajax,Babel,Ajax
77,15.0,FOUL,Schmelzer fouls Sana.,Schmelzer,Dortmund,Sana,Ajax
78,14.0,SAVE,Vermeer makes a save.,Vermeer,Ajax,,
79,14.0,SHOT_ON_GOAL,Piszczek has an effort on goal.,Piszczek,Dortmund,Piszczek,Dortmund
80,13.0,SAVE,Vermeer makes a save.,Vermeer,Ajax,,
81,13.0,SHOT_ON_GOAL,Götze has an effort on goal.,Götze,Dortmund,Götze,Dortmund
82,13.0,SAVE,Weidenfeller makes a save.,Weidenfeller,Dortmund,,
83,13.0,SHOT_ON_GOAL,S. De Jong has an effort on goal.,S. De Jong,Ajax,S. De Jong,Ajax
84,12.0,CORNER,Eriksen takes the corner.,Eriksen,Ajax,,
85,12.0,SHOT_WIDE,Eriksen misses the target.,Eriksen,Ajax,Eriksen,Ajax
86,11.0,FOUL,Götze fouls Moisander.,Götze,Dortmund,Moisander,Ajax
87,7.0,FOUL,Boerrigter fouls Piszczek.,Boerrigter,Ajax,Piszczek,Dortmund
88,6.0,OFFSIDE,Boerrigter is flagged for offside.,Boerrigter,Ajax,Boerrigter,Ajax
89,1.0,START_PHASE,The match is under way.,,,,
