,minute,eventType,autoText,primaryPlayer,primaryTeam,secondaryPlayer,secondaryTeam
0,,END_PHASE,The final whistle is blown.,,,,
1,90.0,OFFSIDE,Agüero is flagged for offside.,Agüero,Man. City,Agüero,Man. City
2,90.0,SAVE,S. De Jong makes a save.,S. De Jong,Ajax,,
3,90.0,SHOT_ON_GOAL,Kolarov has an effort on goal.,Kolarov,Man. City,Kolarov,Man. City
4,90.0,FOUL,Enoh fouls Balotelli.,Enoh,Ajax,Balotelli,Man. City
5,90.0,FOUL,Boerrigter fouls Clichy.,Boerrigter,Ajax,Clichy,Man. City
6,90.0,FOUL,Boerrigter fouls Clichy.,Boerrigter,Ajax,Clichy,Man. City
7,90.0,CORNER,Tévez takes the corner.,Tévez,Man. City,C. Poulsen,Ajax
8,90.0,CORNER,Tévez takes the corner.,Tévez,Man. City,,
9,89.0,SUBSTITUTION,Boerrigter (on) - Schöne (off),Schöne,Ajax,Boerrigter,Ajax
10,89.0,CORNER,Kolarov takes the corner.,Kolarov,Man. City,Agüero,Man. City
11,88.0,SAVE,Vermeer makes a save.,Vermeer,Ajax,,
12,88.0,SHOT_ON_GOAL,Džeko has an effort on goal.,Džeko,Man. City,Džeko,Man. City
13,88.0,CORNER,Kolarov takes the corner.,Kolarov,Man. City,Džeko,Man. City
14,86.0,SHOT_WIDE,Agüero misses the target.,Agüero,Man. City,Agüero,Man. City
15,85.0,FOUL,Nasri fouls Schöne.,Nasri,Man. City,Schöne,Ajax
16,80.0,FOUL,Blind fouls Balotelli.,Blind,Ajax,Balotelli,Man. City
17,80.0,FOUL,Enoh fouls Tévez.,Enoh,Ajax,Tévez,Man. City
18,79.0,YELLOW_CARD,Touré is cautioned by the referee.,Touré,Man. City,Touré,Man. City
19,79.0,FOUL,Touré fouls S. De Jong.,Touré,Man. City,S. De Jong,Ajax
20,78.0,SUBSTITUTION,Balotelli (on) - Milner (off),Milner,Man. City,Balotelli,Man. City
21,76.0,SHOT_WIDE,Nasri misses the target.,Nasri,Man. City,Nasri,Man. City
22,75.0,YELLOW_CARD,Kolarov is cautioned by the referee.,Kolarov,Man. City,Kolarov,Man. City
23,75.0,FOUL,Kolarov fouls Schöne.,Kolarov,Man. City,Schöne,Ajax
24,74.0,SUBSTITUTION,Enoh (on) - Sana (off),Sana,Ajax,Enoh,Ajax
25,73.0,SAVE,Hart makes a save.,Hart,Man. City,,
26,73.0,SHOT_ON_GOAL,Babel has an effort on goal.,Babel,Ajax,Babel,Ajax
27,73.0,SAVE,Vermeer makes a save.,Vermeer,Ajax,,
28,73.0,SHOT_ON_GOAL,Džeko has an effort on goal.,Džeko,Man. City,Džeko,Man. City
29,72.0,FOUL,Eriksen fouls Clichy.,Eriksen,Ajax,Clichy,Man. City
30,72.0,CORNER,Nasri takes the corner.,Nasri,Man. City,Blind,Ajax
31,71.0,SUBSTITUTION,Tévez (on) - Barry (off),Barry,Man. City,Tévez,Man. City
32,71.0,SAVE,Vermeer makes a save.,Vermeer,Ajax,,
33,71.0,SHOT_ON_GOAL,Džeko has an effort on goal.,Džeko,Man. City,Džeko,Man. City
34,70.0,SHOT_ON_GOAL,Sana has an effort on goal.,Sana,Ajax,Sana,Ajax
35,70.0,SAVE,Hart makes a save.,Hart,Man. City,,
36,70.0,SAVE,Richards makes a save.,Richards,Man. City,,
37,70.0,SHOT_ON_GOAL,Babel has an effort on goal.,Babel,Ajax,Babel,Ajax
38,68.0,GOAL,Eriksen scores!,Eriksen,Ajax,Hart,Ajax
39,66.0,SHOT_WIDE,Milner misses the target.,Milner,Man. City,Milner,Man. City
40,63.0,SUBSTITUTION,Kolarov (on) - Lescott (off),Lescott,Man. City,Kolarov,Man. City
41,61.0,FOUL,Džeko fouls Vermeer.,Džeko,Man. City,Vermeer,Ajax
42,59.0,CORNER,Nasri takes the corner.,Nasri,Man. City,Blind,Ajax
43,58.0,ASSIST,Good assist from Eriksen.,Eriksen,Ajax,Eriksen,Ajax
44,57.0,GOAL,Moisander scores!,Moisander,Ajax,Hart,Ajax
45,57.0,CORNER,Eriksen takes the corner.,Eriksen,Ajax,Moisander,Ajax
46,54.0,FOUL,Milner fouls S. De Jong.,Milner,Man. City,S. De Jong,Ajax
47,53.0,FOUL,Nasri fouls Van Rhijn.,Nasri,Man. City,Van Rhijn,Ajax
48,51.0,OFFSIDE,Džeko is flagged for offside.,Džeko,Man. City,Džeko,Man. City
49,51.0,CORNER,Eriksen takes the corner.,Eriksen,Ajax,,Man. City
50,50.0,SAVE,Kompany makes a save.,Kompany,Man. City,,
51,50.0,SHOT_ON_GOAL,Babel has an effort on goal.,Babel,Ajax,Babel,Ajax
52,49.0,SHOT_WIDE,Barry misses the target.,Barry,Man. City,Barry,Man. City
53,47.0,OFFSIDE,Džeko is flagged for offside.,Džeko,Man. City,Džeko,Man. City
54,46.0,SAVE,Alderweireld makes a save.,Alderweireld,Ajax,,
55,46.0,SHOT_ON_GOAL,Agüero has an effort on goal.,Agüero,Man. City,Agüero,Man. City
56,46.0,START_PHASE,The second half begins.,,,,
57,,END_PHASE,The referee blows for half-time.,,,,
58,45.0,ASSIST,Good assist from Van Rhijn.,Van Rhijn,Ajax,Van Rhijn,Ajax
59,45.0,GOAL,S. De Jong scores!,S. De Jong,Ajax,Hart,Ajax
60,43.0,SAVE,Hart makes a save.,Hart,Man. City,,
61,43.0,SHOT_ON_GOAL,Babel has an effort on goal.,Babel,Ajax,Babel,Ajax
62,41.0,SHOT_WIDE,Schöne misses the target.,Schöne,Ajax,Schöne,Ajax
63,38.0,FOUL,Milner fouls S. De Jong.,Milner,Man. City,S. De Jong,Ajax
64,36.0,OFFSIDE,Džeko is flagged for offside.,Džeko,Man. City,Džeko,Man. City
65,36.0,SHOT_ON_GOAL,Nasri has an effort on goal.,Nasri,Man. City,Nasri,Man. City
66,36.0,SAVE,Van Rhijn makes a save.,Van Rhijn,Ajax,,
67,33.0,SHOT_WIDE,Van Rhijn misses the target.,Van Rhijn,Ajax,Van Rhijn,Ajax
68,31.0,OFFSIDE,Džeko is flagged for offside.,Džeko,Man. City,Džeko,Man. City
69,29.0,YELLOW_CARD,Blind is cautioned by the referee.,Blind,Ajax,Blind,Ajax
70,29.0,FOUL,Blind fouls Džeko.,Blind,Ajax,Džeko,Man. City
71,29.0,SAVE,Vermeer makes a save.,Vermeer,Ajax,,
72,29.0,SHOT_ON_GOAL,Richards has an effort on goal.,Richards,Man. City,Richards,Man. City
73,24.0,CORNER,Nasri takes the corner.,Nasri,Man. City,Babel,Ajax
74,23.0,SAVE,Alderweireld makes a save.,Alderweireld,Ajax,,
75,23.0,SHOT_ON_GOAL,Agüero has an effort on goal.,Agüero,Man. City,Agüero,Man. City
76,22.0,GOAL,Nasri scores!,Nasri,Man. City,Vermeer,Man. City
77,22.0,ASSIST,Good assist from Milner.,Milner,Man. City,Milner,Man. City
78,21.0,SHOT_WIDE,Eriksen misses the target.,Eriksen,Ajax,Eriksen,Ajax
79,20.0,SHOT_WIDE,S. De Jong misses the target.,S. De Jong,Ajax,S. De Jong,Ajax
80,19.0,FOUL,Clichy fouls Sana.,Clichy,Man. City,Sana,Ajax
81,9.0,SHOT_WIDE,Eriksen misses the target.,Eriksen,Ajax,Eriksen,Ajax
82,7.0,SHOT_WIDE,Džeko misses the target.,Džeko,Man. City,Džeko,Man. City
83,5.0,SHOT_WIDE,S. De Jong misses the target.,S. De Jong,Ajax,S. De Jong,Ajax
84,2.0,FOUL,Sana fouls Džeko.,Sana,Ajax,Džeko,Man. City
85,2.0,CORNER,Eriksen takes the corner.,Eriksen,Ajax,Barry,Man. City
86,1.0,FOUL,Touré fouls Schöne.,Touré,Man. City,Schöne,Ajax
87,1.0,START_PHASE,The match is under way.,,,,
