,minute,eventType,autoText,primaryPlayer,primaryTeam,secondaryPlayer,secondaryTeam
0,,END_PHASE,The final whistle is blown.,,,,
1,90.0,SHOT_BLOCKED,Gormley has a shot blocked.,Gormley,Cliftonville,,
2,90.0,FREE_KICK,Seydak takes the free-kick.,Seydak,Cliftonville,,
3,88.0,OFFSIDE,McMullan is flagged for offside.,McMullan,Cliftonville,,
4,87.0,SHOT_WIDE,Rogić misses the target.,Rogić,Celtic,,
5,87.0,SHOT_BLOCKED,Hooper has a shot blocked.,Hooper,Celtic,,
6,85.0,SUBSTITUTION,Gormley (on) - Boyce (off),Boyce,Cliftonville,Gormley,Cliftonville
7,85.0,OFFSIDE,Baldé is flagged for offside.,Baldé,Celtic,,
8,82.0,FOUL,Boyce fouls Izaguirre.,Boyce,Cliftonville,Izaguirre,Celtic
9,79.0,SHOT_WIDE,Baldé misses the target.,Baldé,Celtic,,
10,78.0,SHOT_WIDE,Rogić misses the target.,Rogić,Celtic,,
11,77.0,SUBSTITUTION,O'Carroll (on) - Cosgrove (off),Cosgrove,Cliftonville,O'Carroll,Cliftonville
12,76.0,SUBSTITUTION,Baldé (on) - Forrest (off),Forrest,Celtic,Baldé,Celtic
13,74.0,SHOT_WIDE,Hooper misses the target.,Hooper,Celtic,,
14,74.0,CORNER,Commons takes the corner.,Commons,Celtic,,
15,72.0,SHOT_WIDE,Hooper misses the target.,Hooper,Celtic,,
16,72.0,CORNER,Samaras takes the corner.,Samaras,Celtic,,
17,70.0,ASSIST,Good assist from Izaguirre.,Izaguirre,Celtic,,
18,70.0,GOAL,Samaras scores!,Samaras,Celtic,Devlin,Celtic
19,70.0,CORNER,Commons takes the corner.,Commons,Celtic,,
20,70.0,SHOT_BLOCKED,Rogić has a shot blocked.,Rogić,Celtic,,
21,68.0,SHOT_WIDE,Samaras misses the target.,Samaras,Celtic,,
22,67.0,SHOT_WIDE,Ambrose misses the target.,Ambrose,Celtic,,
23,67.0,CORNER,Commons takes the corner.,Commons,Celtic,,
24,66.0,CORNER,Commons takes the corner.,Commons,Celtic,,
25,65.0,SUBSTITUTION,Hooper (on) - Stokes (off),Stokes,Celtic,Hooper,Celtic
26,65.0,SUBSTITUTION,Rogić (on) - Kayal (off),Kayal,Celtic,Rogić,Celtic
27,65.0,CORNER,Seydak takes the corner.,Seydak,Cliftonville,,
28,63.0,FREE_KICK,Seydak takes the free-kick.,Seydak,Cliftonville,,
29,63.0,FOUL,Wilson fouls Curran.,Wilson,Celtic,Curran,Cliftonville
30,62.0,SHOT_WIDE,Brown misses the target.,Brown,Celtic,,
31,60.0,SHOT_WIDE,Stokes misses the target.,Stokes,Celtic,,
32,59.0,SHOT_WIDE,Forrest misses the target.,Forrest,Celtic,,
33,58.0,SUBSTITUTION,Curran (on) - Caldwell (off),Caldwell,Cliftonville,Curran,Cliftonville
34,58.0,SHOT_WIDE,Samaras misses the target.,Samaras,Celtic,,
35,57.0,CORNER,Commons takes the corner.,Commons,Celtic,,
36,57.0,SAVE,Devlin makes a save.,Devlin,Cliftonville,,
37,57.0,SHOT_ON_GOAL,Stokes has an effort on goal.,Stokes,Celtic,,
38,56.0,SHOT_BLOCKED,Forrest has a shot blocked.,Forrest,Celtic,,
39,53.0,SHOT_WIDE,Commons misses the target.,Commons,Celtic,,
40,52.0,FOUL,Garrett fouls Commons.,Garrett,Cliftonville,Commons,Celtic
41,48.0,CORNER,McMullan takes the corner.,McMullan,Cliftonville,,
42,46.0,START_PHASE,The second half begins.,,,,
43,,END_PHASE,The referee blows for half-time.,,,,
44,45.0,SHOT_WIDE,Samaras misses the target.,Samaras,Celtic,,
45,42.0,CORNER,Seydak takes the corner.,Seydak,Cliftonville,,
46,41.0,FOUL,Garrett fouls Lustig.,Garrett,Cliftonville,Lustig,Celtic
47,36.0,OFFSIDE,Samaras is flagged for offside.,Samaras,Celtic,,
48,34.0,SHOT_WIDE,Commons misses the target.,Commons,Celtic,,
49,32.0,SHOT_BLOCKED,Commons has a shot blocked.,Commons,Celtic,,
50,31.0,OFFSIDE,Boyce is flagged for offside.,Boyce,Cliftonville,,
51,28.0,SHOT_WIDE,Seydak misses the target.,Seydak,Cliftonville,,
52,28.0,SHOT_BLOCKED,Smyth has a shot blocked.,Smyth,Cliftonville,,
53,28.0,CORNER,Seydak takes the corner.,Seydak,Cliftonville,,
54,26.0,SAVE,Devlin makes a save.,Devlin,Cliftonville,,
55,26.0,SHOT_ON_GOAL,Commons has an effort on goal.,Commons,Celtic,,
56,23.0,FOUL,Stokes fouls Johnston.,Stokes,Celtic,Johnston,Cliftonville
57,19.0,CORNER,Commons takes the corner.,Commons,Celtic,,
58,19.0,SHOT_WIDE,Kayal misses the target.,Kayal,Celtic,,
59,17.0,SHOT_WIDE,Caldwell misses the target.,Caldwell,Cliftonville,,
60,16.0,ASSIST,Good assist from Stokes.,Stokes,Celtic,,
61,16.0,GOAL,Ambrose scores!,Ambrose,Celtic,Devlin,Celtic
62,15.0,CORNER,Commons takes the corner.,Commons,Celtic,,
63,15.0,SAVE,Devlin makes a save.,Devlin,Cliftonville,,
64,15.0,SHOT_ON_GOAL,Lustig has an effort on goal.,Lustig,Celtic,,
65,10.0,FOUL,Seydak fouls Forrest.,Seydak,Cliftonville,Forrest,Celtic
66,9.0,SAVE,Devlin makes a save.,Devlin,Cliftonville,,
67,9.0,SHOT_ON_GOAL,Samaras has an effort on goal.,Samaras,Celtic,,
68,9.0,CORNER,Commons takes the corner.,Commons,Celtic,,
69,7.0,SHOT_WIDE,Brown misses the target.,Brown,Celtic,,
70,7.0,FREE_KICK,Commons takes the free-kick.,Commons,Celtic,,
71,7.0,FOUL,Garrett fouls Forrest.,Garrett,Cliftonville,Forrest,Celtic
72,5.0,FOUL,Ambrose fouls Seydak.,Ambrose,Celtic,Seydak,Cliftonville
73,5.0,SAVE,Devlin makes a save.,Devlin,Cliftonville,,
74,5.0,SHOT_ON_GOAL,Samaras has an effort on goal.,Samaras,Celtic,,
75,4.0,SHOT_WIDE,Stokes misses the target.,Stokes,Celtic,,
76,4.0,CORNER,Commons takes the corner.,Commons,Celtic,,
77,3.0,FOUL,Brown fouls Boyce.,Brown,Celtic,Boyce,Cliftonville
78,3.0,OFFSIDE,Samaras is flagged for offside.,Samaras,Celtic,,
79,1.0,START_PHASE,The match is under way.,,,,
