,minute,eventType,autoText,primaryPlayer,primaryTeam,secondaryPlayer,secondaryTeam
0,,END_PHASE,The final whistle is blown.,,,,
1,90.0,FREE_KICK,Neuer takes the free-kick.,Neuer,Bayern,Boateng,Bayern
2,90.0,FOUL,Kagawa fouls Lahm.,Kagawa,Man. United,Lahm,Bayern
3,90.0,FREE_KICK,De Gea takes the free-kick.,De Gea,Man. United,Fellaini,Man. United
4,90.0,RED_YELLOW_CARD,Schweinsteiger is shown a second yellow card and is dismissed.,Schweinsteiger,Bayern,Schweinsteiger,Bayern
5,90.0,FOUL,Schweinsteiger fouls Rooney.,Schweinsteiger,Bayern,Rooney,Man. United
6,89.0,FREE_KICK,Ferdinand takes the free-kick.,Ferdinand,Man. United,Fellaini,Man. United
7,89.0,YELLOW_CARD,Javi Martínez is cautioned by the referee.,Javi Martínez,Bayern,Javi Martínez,Bayern
8,89.0,FOUL,Javi Martínez fouls Hernández.,Javi Martínez,Bayern,Hernández,Man. United
9,88.0,FREE_KICK,Ribéry takes the free-kick.,Ribéry,Bayern,Rafinha,Bayern
10,88.0,FOUL,Young fouls Ribéry.,Young,Man. United,Ribéry,Bayern
11,87.0,FREE_KICK,Rafinha takes the free-kick.,Rafinha,Bayern,Javi Martínez,Bayern
12,87.0,FOUL,Vidić fouls Mandžukić.,Vidić,Man. United,Mandžukić,Bayern
13,86.0,FREE_KICK,De Gea takes the free-kick.,De Gea,Man. United,Fellaini,Man. United
14,86.0,FOUL,Robben fouls Jones.,Robben,Bayern,Jones,Man. United
15,85.0,SUBSTITUTION,Hernández (on) - Welbeck (off),Welbeck,Man. United,Hernández,Man. United
16,83.0,FREE_KICK,Neuer takes the free-kick.,Neuer,Bayern,Boateng,Bayern
17,83.0,FOUL,Rooney fouls Javi Martínez.,Rooney,Man. United,Javi Martínez,Bayern
18,82.0,YELLOW_CARD,Mandžukić is cautioned by the referee.,Mandžukić,Bayern,Mandžukić,Bayern
19,82.0,FOUL,Mandžukić fouls Vidić.,Mandžukić,Bayern,Vidić,Man. United
20,80.0,FREE_KICK,Boateng takes the free-kick.,Boateng,Bayern,Javi Martínez,Bayern
21,80.0,FOUL,Fellaini fouls Mandžukić.,Fellaini,Man. United,Mandžukić,Bayern
22,78.0,FREE_KICK,Alaba takes the free-kick.,Alaba,Bayern,Boateng,Bayern
23,78.0,FOUL,A. Valencia fouls Ribéry.,A. Valencia,Man. United,Ribéry,Bayern
24,78.0,SHOT_WIDE,Robben misses the target.,Robben,Bayern,Robben,Bayern
25,77.0,CORNER,Young takes the corner.,Young,Man. United,Rafinha,Bayern
26,74.0,FREE_KICK,Neuer takes the free-kick.,Neuer,Bayern,Lahm,Bayern
27,74.0,SUBSTITUTION,Götze (on) - Kroos (off),Kroos,Bayern,Götze,Bayern
28,74.0,SUBSTITUTION,Young (on) - Büttner (off),Büttner,Man. United,Young,Man. United
29,73.0,FOUL,A. Valencia fouls Boateng.,A. Valencia,Man. United,Boateng,Bayern
30,71.0,SHOT_WIDE,Robben misses the target.,Robben,Bayern,Robben,Bayern
31,67.0,ASSIST,Good assist from Mandžukić.,Mandžukić,Bayern,Mandžukić,Bayern
32,67.0,GOAL,Schweinsteiger scores!,Schweinsteiger,Bayern,De Gea,Bayern
33,66.0,SAVE,De Gea makes a save.,De Gea,Man. United,,
34,66.0,SHOT_ON_GOAL,Boateng has an effort on goal.,Boateng,Bayern,Boateng,Bayern
35,65.0,FREE_KICK,Mandžukić takes the free-kick.,Mandžukić,Bayern,Robben,Bayern
36,65.0,FOUL,Büttner fouls Mandžukić.,Büttner,Man. United,Mandžukić,Bayern
37,65.0,SAVE,Ferdinand makes a save.,Ferdinand,Man. United,,
38,65.0,SHOT_ON_GOAL,Kroos has an effort on goal.,Kroos,Bayern,Kroos,Bayern
39,64.0,FREE_KICK,Boateng takes the free-kick.,Boateng,Bayern,Alaba,Bayern
40,64.0,FOUL,A. Valencia fouls Boateng.,A. Valencia,Man. United,Boateng,Bayern
41,63.0,SUBSTITUTION,Mandžukić (on) - Müller (off),Müller,Bayern,Mandžukić,Bayern
42,62.0,FREE_KICK,Rooney takes the free-kick.,Rooney,Man. United,,
43,61.0,YELLOW_CARD,Schweinsteiger is cautioned by the referee.,Schweinsteiger,Bayern,Schweinsteiger,Bayern
44,61.0,FOUL,Schweinsteiger fouls Carrick.,Schweinsteiger,Bayern,Carrick,Man. United
45,61.0,FREE_KICK,Büttner takes the free-kick.,Büttner,Man. United,Neuer,Bayern
46,60.0,FOUL,Javi Martínez fouls Welbeck.,Javi Martínez,Bayern,Welbeck,Man. United
47,58.0,ASSIST,Good assist from Rooney.,Rooney,Man. United,Rooney,Man. United
48,58.0,GOAL,Vidić scores!,Vidić,Man. United,Neuer,Man. United
49,58.0,CORNER,Rooney takes the corner.,Rooney,Man. United,Vidić,Man. United
50,57.0,SAVE,Vidić makes a save.,Vidić,Man. United,,
51,57.0,SHOT_ON_GOAL,Kroos has an effort on goal.,Kroos,Bayern,Kroos,Bayern
52,54.0,FREE_KICK,Büttner takes the free-kick.,Büttner,Man. United,Boateng,Bayern
53,54.0,FOUL,Javi Martínez fouls Welbeck.,Javi Martínez,Bayern,Welbeck,Man. United
54,54.0,SAVE,Ferdinand makes a save.,Ferdinand,Man. United,,
55,54.0,SHOT_ON_GOAL,Robben has an effort on goal.,Robben,Bayern,Robben,Bayern
56,53.0,SAVE,Neuer makes a save.,Neuer,Bayern,,
57,53.0,SHOT_ON_GOAL,Rooney has an effort on goal.,Rooney,Man. United,Rooney,Man. United
58,47.0,SHOT_WIDE,Schweinsteiger misses the target.,Schweinsteiger,Bayern,Schweinsteiger,Bayern
59,46.0,SUBSTITUTION,Kagawa (on) - Giggs (off),Giggs,Man. United,Kagawa,Man. United
60,46.0,START_PHASE,The second half begins.,,,,
61,,END_PHASE,The referee blows for half-time.,,,,
62,45.0,CORNER,Giggs takes the corner.,Giggs,Man. United,Neuer,Bayern
63,45.0,SHOT_WIDE,A. Valencia misses the target.,A. Valencia,Man. United,A. Valencia,Man. United
64,45.0,FREE_KICK,De Gea takes the free-kick.,De Gea,Man. United,Javi Martínez,Bayern
65,44.0,FOUL,Ribéry fouls Fellaini.,Ribéry,Bayern,Fellaini,Man. United
66,42.0,FREE_KICK,Rafinha takes the free-kick.,Rafinha,Bayern,Javi Martínez,Bayern
67,42.0,FOUL,Welbeck fouls Rafinha.,Welbeck,Man. United,Rafinha,Bayern
68,42.0,CORNER,Robben takes the corner.,Robben,Bayern,De Gea,Man. United
69,40.0,SAVE,Neuer makes a save.,Neuer,Bayern,,
70,40.0,SHOT_ON_GOAL,Welbeck has an effort on goal.,Welbeck,Man. United,Welbeck,Man. United
71,35.0,CORNER,Robben takes the corner.,Robben,Bayern,Lahm,Bayern
72,34.0,SAVE,Büttner makes a save.,Büttner,Man. United,,
73,34.0,SHOT_ON_GOAL,Rafinha has an effort on goal.,Rafinha,Bayern,Rafinha,Bayern
74,33.0,SAVE,Lahm makes a save.,Lahm,Bayern,,
75,33.0,SHOT_ON_GOAL,Rooney has an effort on goal.,Rooney,Man. United,Rooney,Man. United
76,32.0,SAVE,Neuer makes a save.,Neuer,Bayern,,
77,32.0,SHOT_ON_GOAL,Welbeck has an effort on goal.,Welbeck,Man. United,Welbeck,Man. United
78,31.0,CORNER,Kroos takes the corner.,Kroos,Bayern,Ferdinand,Man. United
79,31.0,SAVE,De Gea makes a save.,De Gea,Man. United,,
80,31.0,SHOT_ON_GOAL,Robben has an effort on goal.,Robben,Bayern,Robben,Bayern
81,24.0,SAVE,Carrick makes a save.,Carrick,Man. United,,
82,24.0,SHOT_ON_GOAL,Kroos has an effort on goal.,Kroos,Bayern,Kroos,Bayern
83,21.0,SHOT_ON_GOAL,Rafinha has an effort on goal.,Rafinha,Bayern,Rafinha,Bayern
84,21.0,SAVE,Ferdinand makes a save.,Ferdinand,Man. United,,
85,20.0,FREE_KICK,Rooney takes the free-kick.,Rooney,Man. United,Büttner,Man. United
86,20.0,FOUL,Boateng fouls Rooney.,Boateng,Bayern,Rooney,Man. United
87,18.0,SHOT_WIDE,Ribéry misses the target.,Ribéry,Bayern,Ribéry,Bayern
88,17.0,CORNER,Kroos takes the corner.,Kroos,Bayern,Jones,Man. United
89,16.0,FREE_KICK,Schweinsteiger takes the free-kick.,Schweinsteiger,Bayern,Javi Martínez,Bayern
90,15.0,YELLOW_CARD,A. Valencia is cautioned by the referee.,A. Valencia,Man. United,A. Valencia,Man. United
91,15.0,FOUL,A. Valencia fouls Lahm.,A. Valencia,Man. United,Lahm,Bayern
92,13.0,CORNER,Kroos takes the corner.,Kroos,Bayern,Büttner,Man. United
93,13.0,CORNER,Kroos takes the corner.,Kroos,Bayern,A. Valencia,Man. United
94,13.0,SHOT_WIDE,Robben misses the target.,Robben,Bayern,Robben,Bayern
95,8.0,SHOT_WIDE,Robben misses the target.,Robben,Bayern,Robben,Bayern
96,6.0,FREE_KICK,De Gea takes the free-kick.,De Gea,Man. United,Welbeck,Man. United
97,5.0,FOUL,Müller fouls Vidić.,Müller,Bayern,Vidić,Man. United
98,4.0,FREE_KICK,Boateng takes the free-kick.,Boateng,Bayern,Rafinha,Bayern
99,3.0,FOUL,Welbeck fouls Javi Martínez.,Welbeck,Man. United,Javi Martínez,Bayern
100,1.0,START_PHASE,The match is under way.,,,,
