,minute,eventType,autoText,primaryPlayer,primaryTeam,secondaryPlayer,secondaryTeam
0,,END_PHASE,The final whistle is blown.,,,,
1,90.0,CORNER,Podolski takes the corner.,Podolski,Arsenal,Mandžukić,Bayern
2,90.0,SHOT_WIDE,Podolski misses the target.,Podolski,Arsenal,Podolski,Arsenal
3,90.0,SAVE,Dante makes a save.,Dante,Bayern,,
4,90.0,SHOT_ON_GOAL,Giroud has an effort on goal.,Giroud,Arsenal,Giroud,Arsenal
5,90.0,FREE_KICK,Fabiański takes the free-kick.,Fabiański,Arsenal,Javi Martínez,Bayern
6,90.0,FOUL,Müller fouls Fabiański.,Müller,Bayern,Fabiański,Arsenal
7,90.0,SAVE,Fabiański makes a save.,Fabiański,Arsenal,,
8,90.0,PENALTY,Müller's penalty is saved by the goalkeeper.,Müller,Bayern,Fabiański,Bayern
9,90.0,FOUL,Koscielny fouls Robben.,Koscielny,Arsenal,Robben,Bayern
10,90.0,SHOT_ON_GOAL,Gnabry has an effort on goal.,Gnabry,Arsenal,Gnabry,Arsenal
11,90.0,SAVE,Neuer makes a save.,Neuer,Bayern,,
12,89.0,SHOT_WIDE,Gnabry misses the target.,Gnabry,Arsenal,Gnabry,Arsenal
13,88.0,CORNER,Thiago Alcántara takes the corner.,Thiago Alcántara,Bayern,Müller,Bayern
14,88.0,FREE_KICK,Neuer takes the free-kick.,Neuer,Bayern,Müller,Bayern
15,87.0,OFFSIDE,Podolski is flagged for offside.,Podolski,Arsenal,Podolski,Arsenal
16,85.0,SUBSTITUTION,Müller (on) - Ribéry (off),Ribéry,Bayern,Müller,Bayern
17,84.0,SUBSTITUTION,Flamini (on) - Oxlade-Chamberlain (off),Oxlade-Chamberlain,Arsenal,Flamini,Arsenal
18,84.0,SHOT_WIDE,Kroos misses the target.,Kroos,Bayern,Kroos,Bayern
19,83.0,FREE_KICK,Kroos takes the free-kick.,Kroos,Bayern,Giroud,Arsenal
20,83.0,YELLOW_CARD,Vermaelen is cautioned by the referee.,Vermaelen,Arsenal,Vermaelen,Arsenal
21,81.0,FOUL,Vermaelen fouls Ribéry.,Vermaelen,Arsenal,Ribéry,Bayern
22,80.0,SAVE,Mertesacker makes a save.,Mertesacker,Arsenal,,
23,80.0,SHOT_ON_GOAL,Mandžukić has an effort on goal.,Mandžukić,Bayern,Mandžukić,Bayern
24,80.0,FREE_KICK,Podolski takes the free-kick.,Podolski,Arsenal,Rosický,Arsenal
25,79.0,YELLOW_CARD,Javi Martínez is cautioned by the referee.,Javi Martínez,Bayern,Javi Martínez,Bayern
26,79.0,FOUL,Javi Martínez fouls Podolski.,Javi Martínez,Bayern,Podolski,Arsenal
27,77.0,SUBSTITUTION,Gnabry (on) - Arteta (off),Arteta,Arsenal,Gnabry,Arsenal
28,75.0,SAVE,Fabiański makes a save.,Fabiański,Arsenal,,
29,75.0,SHOT_ON_GOAL,Robben has an effort on goal.,Robben,Bayern,Robben,Bayern
30,72.0,FREE_KICK,Kroos takes the free-kick.,Kroos,Bayern,Mertesacker,Arsenal
31,71.0,FOUL,Vermaelen fouls Robben.,Vermaelen,Arsenal,Robben,Bayern
32,70.0,FREE_KICK,Dante takes the free-kick.,Dante,Bayern,Neuer,Bayern
33,70.0,FOUL,Santi Cazorla fouls Javi Martínez.,Santi Cazorla,Arsenal,Javi Martínez,Bayern
34,68.0,CORNER,Santi Cazorla takes the corner.,Santi Cazorla,Arsenal,Neuer,Bayern
35,67.0,FREE_KICK,Neuer takes the free-kick.,Neuer,Bayern,Vermaelen,Arsenal
36,66.0,FOUL,Podolski fouls Mandžukić.,Podolski,Arsenal,Mandžukić,Bayern
37,64.0,SHOT_WIDE,Schweinsteiger misses the target.,Schweinsteiger,Bayern,Schweinsteiger,Bayern
38,59.0,SUBSTITUTION,Kroos (on) - Götze (off),Götze,Bayern,Kroos,Bayern
39,58.0,SAVE,Neuer makes a save.,Neuer,Bayern,,
40,58.0,SHOT_ON_GOAL,Oxlade-Chamberlain has an effort on goal.,Oxlade-Chamberlain,Arsenal,Oxlade-Chamberlain,Arsenal
41,58.0,CORNER,Santi Cazorla takes the corner.,Santi Cazorla,Arsenal,Mandžukić,Bayern
42,57.0,GOAL,Podolski scores!,Podolski,Arsenal,Neuer,Arsenal
43,56.0,FREE_KICK,Mertesacker takes the free-kick.,Mertesacker,Arsenal,Arteta,Arsenal
44,56.0,OFFSIDE,Ribéry is flagged for offside.,Ribéry,Bayern,Ribéry,Bayern
45,55.0,ASSIST,Good assist from Ribéry.,Ribéry,Bayern,Ribéry,Bayern
46,55.0,GOAL,Schweinsteiger scores!,Schweinsteiger,Bayern,Fabiański,Bayern
47,54.0,FREE_KICK,Dante takes the free-kick.,Dante,Bayern,Thiago Alcántara,Bayern
48,54.0,FOUL,Giroud fouls Dante.,Giroud,Arsenal,Dante,Bayern
49,54.0,SAVE,Fabiański makes a save.,Fabiański,Arsenal,,
50,54.0,SHOT_ON_GOAL,Mandžukić has an effort on goal.,Mandžukić,Bayern,Mandžukić,Bayern
51,53.0,CORNER,Robben takes the corner.,Robben,Bayern,Oxlade-Chamberlain,Arsenal
52,50.0,FREE_KICK,Dante takes the free-kick.,Dante,Bayern,Neuer,Bayern
53,50.0,FOUL,Arteta fouls Ribéry.,Arteta,Arsenal,Ribéry,Bayern
54,49.0,FREE_KICK,Schweinsteiger takes the free-kick.,Schweinsteiger,Bayern,Thiago Alcántara,Bayern
55,49.0,FOUL,Podolski fouls Javi Martínez.,Podolski,Arsenal,Javi Martínez,Bayern
56,49.0,FREE_KICK,Podolski takes the free-kick.,Podolski,Arsenal,Santi Cazorla,Arsenal
57,49.0,FOUL,Mandžukić fouls Rosický.,Mandžukić,Bayern,Rosický,Arsenal
58,48.0,FREE_KICK,Santi Cazorla takes the free-kick.,Santi Cazorla,Arsenal,Sagna,Arsenal
59,48.0,FOUL,Mandžukić fouls Koscielny.,Mandžukić,Bayern,Koscielny,Arsenal
60,47.0,FREE_KICK,Neuer takes the free-kick.,Neuer,Bayern,Alaba,Bayern
61,47.0,OFFSIDE,Giroud is flagged for offside.,Giroud,Arsenal,Giroud,Arsenal
62,46.0,FREE_KICK,Arteta takes the free-kick.,Arteta,Arsenal,Sagna,Arsenal
63,46.0,FOUL,Ribéry fouls Oxlade-Chamberlain.,Ribéry,Bayern,Oxlade-Chamberlain,Arsenal
64,46.0,SUBSTITUTION,Rosický (on) - Özil (off),Özil,Arsenal,Rosický,Arsenal
65,46.0,START_PHASE,The second half begins.,,,,
66,45.0,CORNER,Robben takes the corner.,Robben,Bayern,Ribéry,Bayern
67,45.0,SAVE,Fabiański makes a save.,Fabiański,Arsenal,,
68,45.0,SHOT_ON_GOAL,Götze has an effort on goal.,Götze,Bayern,Götze,Bayern
69,42.0,FREE_KICK,Fabiański takes the free-kick.,Fabiański,Arsenal,Giroud,Arsenal
70,42.0,FOUL,Ribéry fouls Sagna.,Ribéry,Bayern,Sagna,Arsenal
71,41.0,FREE_KICK,Lahm takes the free-kick.,Lahm,Bayern,Dante,Bayern
72,41.0,FOUL,Giroud fouls Robben.,Giroud,Arsenal,Robben,Bayern
73,41.0,FREE_KICK,Santi Cazorla takes the free-kick.,Santi Cazorla,Arsenal,Mertesacker,Arsenal
74,40.0,FOUL,Lahm fouls Oxlade-Chamberlain.,Lahm,Bayern,Oxlade-Chamberlain,Arsenal
75,39.0,SHOT_WIDE,Mandžukić misses the target.,Mandžukić,Bayern,Mandžukić,Bayern
76,38.0,SAVE,Koscielny makes a save.,Koscielny,Arsenal,,
77,38.0,SHOT_ON_GOAL,Robben has an effort on goal.,Robben,Bayern,Robben,Bayern
78,37.0,FREE_KICK,Fabiański takes the free-kick.,Fabiański,Arsenal,,
79,36.0,FOUL,Thiago Alcántara fouls Oxlade-Chamberlain.,Thiago Alcántara,Bayern,Oxlade-Chamberlain,Arsenal
80,35.0,SHOT_WIDE,Alaba misses the target.,Alaba,Bayern,Alaba,Bayern
81,34.0,CORNER,Robben takes the corner.,Robben,Bayern,Mertesacker,Arsenal
82,34.0,FREE_KICK,Thiago Alcántara takes the free-kick.,Thiago Alcántara,Bayern,Alaba,Bayern
83,33.0,FOUL,Podolski fouls Javi Martínez.,Podolski,Arsenal,Javi Martínez,Bayern
84,32.0,FREE_KICK,Schweinsteiger takes the free-kick.,Schweinsteiger,Bayern,Thiago Alcántara,Bayern
85,32.0,OFFSIDE,Giroud is flagged for offside.,Giroud,Arsenal,Giroud,Arsenal
86,31.0,SHOT_ON_GOAL,Giroud has an effort on goal.,Giroud,Arsenal,Giroud,Arsenal
87,31.0,SAVE,Neuer makes a save.,Neuer,Bayern,,
88,31.0,CORNER,Özil takes the corner.,Özil,Arsenal,Giroud,Arsenal
89,31.0,SHOT_WIDE,Santi Cazorla misses the target.,Santi Cazorla,Arsenal,Santi Cazorla,Arsenal
90,30.0,FOUL,Thiago Alcántara fouls Oxlade-Chamberlain.,Thiago Alcántara,Bayern,Oxlade-Chamberlain,Arsenal
91,29.0,FREE_KICK,Schweinsteiger takes the free-kick.,Schweinsteiger,Bayern,Lahm,Bayern
92,29.0,YELLOW_CARD,Arteta is cautioned by the referee.,Arteta,Arsenal,Arteta,Arsenal
93,29.0,FOUL,Arteta fouls Thiago Alcántara.,Arteta,Arsenal,Thiago Alcántara,Bayern
94,27.0,FREE_KICK,Fabiański takes the free-kick.,Fabiański,Arsenal,Sagna,Arsenal
95,26.0,OFFSIDE,Javi Martínez is flagged for offside.,Javi Martínez,Bayern,Javi Martínez,Bayern
96,26.0,FREE_KICK,Thiago Alcántara takes the free-kick.,Thiago Alcántara,Bayern,Javi Martínez,Bayern
97,26.0,YELLOW_CARD,Podolski is cautioned by the referee.,Podolski,Arsenal,Podolski,Arsenal
98,26.0,FOUL,Vermaelen fouls Lahm.,Vermaelen,Arsenal,Lahm,Bayern
99,21.0,FREE_KICK,Santi Cazorla takes the free-kick.,Santi Cazorla,Arsenal,Mertesacker,Arsenal
100,20.0,FOUL,Dante fouls Giroud.,Dante,Bayern,Giroud,Arsenal
101,20.0,SHOT_WIDE,Robben misses the target.,Robben,Bayern,Robben,Bayern
102,19.0,CORNER,Santi Cazorla takes the corner.,Santi Cazorla,Arsenal,Neuer,Bayern
103,18.0,SAVE,Fabiański makes a save.,Fabiański,Arsenal,,
104,18.0,SHOT_ON_GOAL,Schweinsteiger has an effort on goal.,Schweinsteiger,Bayern,Schweinsteiger,Bayern
105,15.0,FREE_KICK,Schweinsteiger takes the free-kick.,Schweinsteiger,Bayern,Dante,Bayern
106,15.0,FOUL,Oxlade-Chamberlain fouls Schweinsteiger.,Oxlade-Chamberlain,Arsenal,Schweinsteiger,Bayern
107,15.0,FREE_KICK,Fabiański takes the free-kick.,Fabiański,Arsenal,,
108,14.0,OFFSIDE,Lahm is flagged for offside.,Lahm,Bayern,Lahm,Bayern
109,9.0,FREE_KICK,Fabiański takes the free-kick.,Fabiański,Arsenal,Sagna,Arsenal
110,9.0,OFFSIDE,Mandžukić is flagged for offside.,Mandžukić,Bayern,Mandžukić,Bayern
111,9.0,FREE_KICK,Santi Cazorla takes the free-kick.,Santi Cazorla,Arsenal,Javi Martínez,Bayern
112,8.0,YELLOW_CARD,Dante is cautioned by the referee.,Dante,Bayern,Dante,Bayern
113,8.0,FOUL,Dante fouls Oxlade-Chamberlain.,Dante,Bayern,Oxlade-Chamberlain,Arsenal
114,7.0,CORNER,Robben takes the corner.,Robben,Bayern,Mandžukić,Bayern
115,6.0,FREE_KICK,Arteta takes the free-kick.,Arteta,Arsenal,Sagna,Arsenal
116,5.0,FOUL,Mandžukić fouls Arteta.,Mandžukić,Bayern,Arteta,Arsenal
117,5.0,FREE_KICK,Fabiański takes the free-kick.,Fabiański,Arsenal,Dante,Bayern
118,5.0,FOUL,Schweinsteiger fouls Mertesacker.,Schweinsteiger,Bayern,Mertesacker,Arsenal
119,5.0,CORNER,Robben takes the corner.,Robben,Bayern,Mandžukić,Bayern
120,4.0,SAVE,Fabiański makes a save.,Fabiański,Arsenal,,
121,4.0,SHOT_ON_GOAL,Schweinsteiger has an effort on goal.,Schweinsteiger,Bayern,Schweinsteiger,Bayern
122,3.0,FREE_KICK,Lahm takes the free-kick.,Lahm,Bayern,Thiago Alcántara,Bayern
123,2.0,FOUL,Koscielny fouls Mandžukić.,Koscielny,Arsenal,Mandžukić,Bayern
124,1.0,FREE_KICK,Arteta takes the free-kick.,Arteta,Arsenal,Özil,Arsenal
125,1.0,FOUL,Götze fouls Arteta.,Götze,Bayern,Arteta,Arsenal
126,1.0,START_PHASE,The match is under way.,,,,
