,minute,eventType,autoText,primaryPlayer,primaryTeam,secondaryPlayer,secondaryTeam
0,,END_PHASE,The final whistle is blown.,,,,
1,89.0,SUBSTITUTION,Heylen (on) - A. Mitrović (off),A. Mitrović,Anderlecht,Heylen,Anderlecht
2,86.0,FOUL,Deschacht fouls Błaszczykowski.,Deschacht,Anderlecht,Błaszczykowski,Dortmund
3,84.0,SUBSTITUTION,Błaszczykowski (on) - Kagawa (off),Kagawa,Dortmund,Błaszczykowski,Dortmund
4,84.0,ASSIST,Good assist from Vanden Borre.,Vanden Borre,Anderlecht,Vanden Borre,Anderlecht
5,84.0,GOAL,A. Mitrović scores!,A. Mitrović,Anderlecht,Langerak,Anderlecht
6,83.0,SHOT_ON_GOAL,Mkhitaryan has an effort on goal.,Mkhitaryan,Dortmund,Mkhitaryan,Dortmund
7,83.0,SAVE,Proto makes a save.,Proto,Anderlecht,,
8,82.0,SAVE,Langerak makes a save.,Langerak,Dortmund,,
9,82.0,SHOT_ON_GOAL,Praet has an effort on goal.,Praet,Anderlecht,Praet,Anderlecht
10,82.0,CORNER,Tielemans takes the corner.,Tielemans,Anderlecht,Immobile,Dortmund
11,82.0,SAVE,Subotić makes a save.,Subotić,Dortmund,,
12,82.0,SHOT_BLOCKED,A. Mitrović has a shot blocked.,A. Mitrović,Anderlecht,A. Mitrović,Anderlecht
13,80.0,SHOT_WIDE,Mkhitaryan misses the target.,Mkhitaryan,Dortmund,Mkhitaryan,Dortmund
14,79.0,FOUL,Kagawa fouls N'Sakala.,Kagawa,Dortmund,N'Sakala,Anderlecht
15,79.0,SUBSTITUTION,Cyriac (on) - Conté (off),Conté,Anderlecht,Cyriac,Anderlecht
16,75.0,SUBSTITUTION,Aubameyang (on) - Schmelzer (off),Schmelzer,Dortmund,Aubameyang,Dortmund
17,72.0,FREE_KICK,Tielemans takes the free-kick.,Tielemans,Anderlecht,N'Sakala,Anderlecht
18,71.0,FOUL,Kirch fouls Tielemans.,Kirch,Dortmund,Tielemans,Anderlecht
19,71.0,FREE_KICK,Nuri Şahin takes the free-kick.,Nuri Şahin,Dortmund,Durm,Dortmund
20,71.0,FOUL,Acheampong fouls Ginter.,Acheampong,Anderlecht,Ginter,Dortmund
21,70.0,SAVE,Proto makes a save.,Proto,Anderlecht,,
22,70.0,SHOT_ON_GOAL,Immobile has an effort on goal.,Immobile,Dortmund,Immobile,Dortmund
23,70.0,CORNER,Schmelzer takes the corner.,Schmelzer,Dortmund,Immobile,Dortmund
24,70.0,SAVE,Proto makes a save.,Proto,Anderlecht,,
25,70.0,SHOT_ON_GOAL,Mkhitaryan has an effort on goal.,Mkhitaryan,Dortmund,Mkhitaryan,Dortmund
26,70.0,SAVE,Deschacht makes a save.,Deschacht,Anderlecht,,
27,70.0,SHOT_BLOCKED,Immobile has a shot blocked.,Immobile,Dortmund,Immobile,Dortmund
28,69.0,SUBSTITUTION,Tielemans (on) - Kljestan (off),Kljestan,Anderlecht,Tielemans,Anderlecht
29,66.0,FREE_KICK,Vanden Borre takes the free-kick.,Vanden Borre,Anderlecht,Mbemba,Anderlecht
30,66.0,OFFSIDE,Immobile is flagged for offside.,Immobile,Dortmund,Immobile,Dortmund
31,66.0,SUBSTITUTION,Kirch (on) - Gündoğan (off),Gündoğan,Dortmund,Kirch,Dortmund
32,63.0,SHOT_WIDE,A. Mitrović misses the target.,A. Mitrović,Anderlecht,A. Mitrović,Anderlecht
33,63.0,FREE_KICK,Kljestan takes the free-kick.,Kljestan,Anderlecht,A. Mitrović,Anderlecht
34,63.0,FOUL,Immobile fouls Acheampong.,Immobile,Dortmund,Acheampong,Anderlecht
35,63.0,FREE_KICK,Subotić takes the free-kick.,Subotić,Dortmund,Kagawa,Dortmund
36,62.0,FOUL,Deschacht fouls Immobile.,Deschacht,Anderlecht,Immobile,Dortmund
37,62.0,FREE_KICK,Gündoğan takes the free-kick.,Gündoğan,Dortmund,Nuri Şahin,Dortmund
38,61.0,FOUL,Dendoncker handles the ball.,Dendoncker,Anderlecht,,
39,60.0,SHOT_WIDE,Kagawa misses the target.,Kagawa,Dortmund,Kagawa,Dortmund
40,58.0,ASSIST,Good assist from Nuri Şahin.,Nuri Şahin,Dortmund,Nuri Şahin,Dortmund
41,58.0,GOAL,Immobile scores!,Immobile,Dortmund,Proto,Dortmund
42,56.0,FOUL,Schmelzer fouls Conté.,Schmelzer,Dortmund,Conté,Anderlecht
43,54.0,SAVE,Proto makes a save.,Proto,Anderlecht,,
44,54.0,SHOT_ON_GOAL,Mkhitaryan has an effort on goal.,Mkhitaryan,Dortmund,Mkhitaryan,Dortmund
45,52.0,SHOT_WIDE,Immobile misses the target.,Immobile,Dortmund,Immobile,Dortmund
46,50.0,FREE_KICK,Kljestan takes the free-kick.,Kljestan,Anderlecht,Acheampong,Anderlecht
47,50.0,FOUL,Subotić fouls A. Mitrović.,Subotić,Dortmund,A. Mitrović,Anderlecht
48,50.0,FREE_KICK,Gündoğan takes the free-kick.,Gündoğan,Dortmund,Ginter,Dortmund
49,50.0,FOUL,Conté fouls Schmelzer.,Conté,Anderlecht,Schmelzer,Dortmund
50,49.0,SAVE,Proto makes a save.,Proto,Anderlecht,,
51,49.0,SHOT_ON_GOAL,Mkhitaryan has an effort on goal.,Mkhitaryan,Dortmund,Mkhitaryan,Dortmund
52,49.0,SHOT_WIDE,Immobile misses the target.,Immobile,Dortmund,Immobile,Dortmund
53,48.0,FREE_KICK,Nuri Şahin takes the free-kick.,Nuri Şahin,Dortmund,Gündoğan,Dortmund
54,48.0,FOUL,A. Mitrović fouls Ginter.,A. Mitrović,Anderlecht,Ginter,Dortmund
55,47.0,SHOT_WIDE,Kagawa misses the target.,Kagawa,Dortmund,Kagawa,Dortmund
56,46.0,START_PHASE,The second half begins.,,,,
57,,END_PHASE,The referee blows for half-time.,,,,
58,44.0,FREE_KICK,Acheampong takes the free-kick.,Acheampong,Anderlecht,Deschacht,Anderlecht
59,44.0,FOUL,Immobile fouls Acheampong.,Immobile,Dortmund,Acheampong,Anderlecht
60,43.0,SHOT_WIDE,Kljestan misses the target.,Kljestan,Anderlecht,Kljestan,Anderlecht
61,41.0,SHOT_WIDE,Durm misses the target.,Durm,Dortmund,Durm,Dortmund
62,40.0,CORNER,Mkhitaryan takes the corner.,Mkhitaryan,Dortmund,Kljestan,Anderlecht
63,31.0,SAVE,Proto makes a save.,Proto,Anderlecht,,
64,31.0,SHOT_ON_GOAL,Mkhitaryan has an effort on goal.,Mkhitaryan,Dortmund,Mkhitaryan,Dortmund
65,31.0,CORNER,Praet takes the corner.,Praet,Anderlecht,Schmelzer,Dortmund
66,30.0,SHOT_WIDE,Grosskreutz misses the target.,Grosskreutz,Dortmund,Grosskreutz,Dortmund
67,30.0,CORNER,Schmelzer takes the corner.,Schmelzer,Dortmund,Grosskreutz,Dortmund
68,29.0,SAVE,Proto makes a save.,Proto,Anderlecht,,
69,29.0,SHOT_ON_GOAL,Immobile has an effort on goal.,Immobile,Dortmund,Immobile,Dortmund
70,27.0,SHOT_WIDE,Kagawa misses the target.,Kagawa,Dortmund,Kagawa,Dortmund
71,26.0,SHOT_WIDE,Immobile misses the target.,Immobile,Dortmund,Immobile,Dortmund
72,25.0,FOUL,Mkhitaryan fouls Vanden Borre.,Mkhitaryan,Dortmund,Vanden Borre,Anderlecht
73,24.0,SHOT_WIDE,Mbemba misses the target.,Mbemba,Anderlecht,Mbemba,Anderlecht
74,24.0,CORNER,Praet takes the corner.,Praet,Anderlecht,Subotić,Dortmund
75,23.0,SAVE,Ginter makes a save.,Ginter,Dortmund,,
76,23.0,SHOT_BLOCKED,Praet has a shot blocked.,Praet,Anderlecht,Praet,Anderlecht
77,23.0,OFFSIDE,Schmelzer is flagged for offside.,Schmelzer,Dortmund,Schmelzer,Dortmund
78,20.0,FOUL,Kagawa fouls Kljestan.,Kagawa,Dortmund,Kljestan,Anderlecht
79,19.0,OFFSIDE,Durm is flagged for offside.,Durm,Dortmund,Durm,Dortmund
80,14.0,FREE_KICK,Gündoğan takes the free-kick.,Gündoğan,Dortmund,Ginter,Dortmund
81,14.0,FOUL,Vanden Borre fouls Immobile.,Vanden Borre,Anderlecht,Immobile,Dortmund
82,13.0,FREE_KICK,Vanden Borre takes the free-kick.,Vanden Borre,Anderlecht,Dendoncker,Anderlecht
83,12.0,FOUL,Ginter fouls A. Mitrović.,Ginter,Dortmund,A. Mitrović,Anderlecht
84,11.0,SAVE,Langerak makes a save.,Langerak,Dortmund,,
85,11.0,SHOT_ON_GOAL,A. Mitrović has an effort on goal.,A. Mitrović,Anderlecht,A. Mitrović,Anderlecht
86,10.0,OFFSIDE,Grosskreutz is flagged for offside.,Grosskreutz,Dortmund,Grosskreutz,Dortmund
87,7.0,FOUL,Durm fouls N'Sakala.,Durm,Dortmund,N'Sakala,Anderlecht
88,5.0,SAVE,Kljestan makes a save.,Kljestan,Anderlecht,,
89,5.0,SHOT_BLOCKED,Ginter has a shot blocked.,Ginter,Dortmund,Ginter,Dortmund
90,5.0,CORNER,Schmelzer takes the corner.,Schmelzer,Dortmund,Ginter,Dortmund
91,4.0,SAVE,Proto makes a save.,Proto,Anderlecht,,
92,4.0,SHOT_ON_GOAL,Immobile has an effort on goal.,Immobile,Dortmund,Immobile,Dortmund
93,1.0,START_PHASE,The match is under way.,,,,
