,minute,eventType,autoText,primaryPlayer,primaryTeam,secondaryPlayer,secondaryTeam
0,,END_PHASE,The final whistle is blown.,,,,
1,90.0,SHOT_WIDE,Cyriac misses the target.,Cyriac,Anderlecht,Cyriac,Anderlecht
2,90.0,SAVE,Proto makes a save.,Proto,Anderlecht,,
3,90.0,SHOT_ON_GOAL,Ramos has an effort on goal.,Ramos,Dortmund,Ramos,Dortmund
4,90.0,FOUL,Kabasele fouls Durm.,Kabasele,Anderlecht,Durm,Dortmund
5,90.0,SHOT_WIDE,Papastathopoulos misses the target.,Papastathopoulos,Dortmund,Papastathopoulos,Dortmund
6,90.0,CORNER,Piszczek takes the corner.,Piszczek,Dortmund,Papastathopoulos,Dortmund
7,89.0,CORNER,Defour takes the corner.,Defour,Anderlecht,Ramos,Dortmund
8,89.0,CORNER,Defour takes the corner.,Defour,Anderlecht,Piszczek,Dortmund
9,88.0,SHOT_WIDE,Aubameyang misses the target.,Aubameyang,Dortmund,Aubameyang,Dortmund
10,87.0,SHOT_WIDE,Tielemans misses the target.,Tielemans,Anderlecht,Tielemans,Anderlecht
11,86.0,FOUL,Kehl fouls Kabasele.,Kehl,Dortmund,Kabasele,Anderlecht
12,85.0,FREE_KICK,Tielemans takes the free-kick.,Tielemans,Anderlecht,Defour,Anderlecht
13,85.0,FOUL,Hummels fouls Acheampong.,Hummels,Dortmund,Acheampong,Anderlecht
14,85.0,CORNER,Defour takes the corner.,Defour,Anderlecht,Hummels,Dortmund
15,82.0,SUBSTITUTION,Kabasele (on) - A. Mitrović (off),A. Mitrović,Anderlecht,Kabasele,Anderlecht
16,82.0,SUBSTITUTION,Hummels (on) - S. Bender (off),S. Bender,Dortmund,Hummels,Dortmund
17,82.0,SUBSTITUTION,Cyriac (on) - Suárez (off),Suárez,Anderlecht,Cyriac,Anderlecht
18,80.0,SAVE,Proto makes a save.,Proto,Anderlecht,,
19,80.0,SHOT_ON_GOAL,Aubameyang has an effort on goal.,Aubameyang,Dortmund,Aubameyang,Dortmund
20,79.0,ASSIST,Good assist from Aubameyang.,Aubameyang,Dortmund,Aubameyang,Dortmund
21,79.0,GOAL,Ramos scores!,Ramos,Dortmund,Proto,Dortmund
22,78.0,FREE_KICK,Weidenfeller takes the free-kick.,Weidenfeller,Dortmund,Durm,Dortmund
23,77.0,OFFSIDE,Acheampong is flagged for offside.,Acheampong,Anderlecht,Acheampong,Anderlecht
24,76.0,SAVE,Subotić makes a save.,Subotić,Dortmund,,
25,76.0,SHOT_BLOCKED,Suárez has a shot blocked.,Suárez,Anderlecht,Suárez,Anderlecht
26,75.0,SAVE,Proto makes a save.,Proto,Anderlecht,,
27,75.0,SHOT_ON_GOAL,Kagawa has an effort on goal.,Kagawa,Dortmund,Kagawa,Dortmund
28,75.0,SAVE,Kehl makes a save.,Kehl,Dortmund,,
29,75.0,SHOT_BLOCKED,Najar has a shot blocked.,Najar,Anderlecht,Najar,Anderlecht
30,75.0,SHOT_WIDE,A. Mitrović misses the target.,A. Mitrović,Anderlecht,A. Mitrović,Anderlecht
31,73.0,SUBSTITUTION,Acheampong (on) - Conté (off),Conté,Anderlecht,Acheampong,Anderlecht
32,72.0,FREE_KICK,Subotić takes the free-kick.,Subotić,Dortmund,Kagawa,Dortmund
33,72.0,SUBSTITUTION,Durm (on) - Immobile (off),Immobile,Dortmund,Durm,Dortmund
34,71.0,OFFSIDE,A. Mitrović is flagged for offside.,A. Mitrović,Anderlecht,A. Mitrović,Anderlecht
35,69.0,ASSIST,Good assist from Piszczek.,Piszczek,Dortmund,Piszczek,Dortmund
36,69.0,GOAL,Ramos scores!,Ramos,Dortmund,Proto,Dortmund
37,68.0,FREE_KICK,Deschacht takes the free-kick.,Deschacht,Anderlecht,Mbemba,Anderlecht
38,68.0,FOUL,Kagawa fouls Deschacht.,Kagawa,Dortmund,Deschacht,Anderlecht
39,66.0,CORNER,Piszczek takes the corner.,Piszczek,Dortmund,A. Mitrović,Anderlecht
40,65.0,SUBSTITUTION,Ramos (on) - Grosskreutz (off),Grosskreutz,Dortmund,Ramos,Dortmund
41,64.0,SHOT_WIDE,Subotić misses the target.,Subotić,Dortmund,Subotić,Dortmund
42,60.0,FREE_KICK,Kagawa takes the free-kick.,Kagawa,Dortmund,Piszczek,Dortmund
43,60.0,FOUL,Mbemba fouls Immobile.,Mbemba,Anderlecht,Immobile,Dortmund
44,58.0,SHOT_WIDE,Mbemba misses the target.,Mbemba,Anderlecht,Mbemba,Anderlecht
45,57.0,CORNER,Defour takes the corner.,Defour,Anderlecht,S. Bender,Dortmund
46,56.0,FREE_KICK,Tielemans takes the free-kick.,Tielemans,Anderlecht,Nuytinck,Anderlecht
47,56.0,FOUL,Immobile fouls Tielemans.,Immobile,Dortmund,Tielemans,Anderlecht
48,55.0,FOUL,Tielemans fouls Kehl.,Tielemans,Anderlecht,Kehl,Dortmund
49,53.0,SAVE,Proto makes a save.,Proto,Anderlecht,,
50,53.0,SHOT_ON_GOAL,Immobile has an effort on goal.,Immobile,Dortmund,Immobile,Dortmund
51,52.0,CORNER,Piszczek takes the corner.,Piszczek,Dortmund,Najar,Anderlecht
52,52.0,SAVE,Proto makes a save.,Proto,Anderlecht,,
53,52.0,SHOT_ON_GOAL,Aubameyang has an effort on goal.,Aubameyang,Dortmund,Aubameyang,Dortmund
54,46.0,START_PHASE,The second half begins.,,,,
55,,END_PHASE,The referee blows for half-time.,,,,
56,45.0,SHOT_WIDE,Piszczek misses the target.,Piszczek,Dortmund,Piszczek,Dortmund
57,45.0,CORNER,Schmelzer takes the corner.,Schmelzer,Dortmund,Mbemba,Anderlecht
58,42.0,FOUL,S. Bender fouls Suárez.,S. Bender,Dortmund,Suárez,Anderlecht
59,40.0,CORNER,Piszczek takes the corner.,Piszczek,Dortmund,Nuytinck,Anderlecht
60,39.0,FREE_KICK,Schmelzer takes the free-kick.,Schmelzer,Dortmund,Defour,Anderlecht
61,38.0,FOUL,Conté fouls Kagawa.,Conté,Anderlecht,Kagawa,Dortmund
62,35.0,SAVE,Papastathopoulos makes a save.,Papastathopoulos,Dortmund,,
63,35.0,SHOT_BLOCKED,Defour has a shot blocked.,Defour,Anderlecht,Defour,Anderlecht
64,32.0,CORNER,Piszczek takes the corner.,Piszczek,Dortmund,Papastathopoulos,Dortmund
65,31.0,FREE_KICK,Proto takes the free-kick.,Proto,Anderlecht,Nuytinck,Anderlecht
66,31.0,OFFSIDE,Kagawa is flagged for offside.,Kagawa,Dortmund,Kagawa,Dortmund
67,30.0,SAVE,Proto makes a save.,Proto,Anderlecht,,
68,30.0,SHOT_ON_GOAL,Schmelzer has an effort on goal.,Schmelzer,Dortmund,Schmelzer,Dortmund
69,29.0,SHOT_WIDE,Piszczek misses the target.,Piszczek,Dortmund,Piszczek,Dortmund
70,27.0,FOUL,A. Mitrović fouls Kehl.,A. Mitrović,Anderlecht,Kehl,Dortmund
71,26.0,OFFSIDE,Grosskreutz is flagged for offside.,Grosskreutz,Dortmund,Grosskreutz,Dortmund
72,23.0,SHOT_WIDE,Aubameyang misses the target.,Aubameyang,Dortmund,Aubameyang,Dortmund
73,19.0,OFFSIDE,Deschacht is flagged for offside.,Deschacht,Anderlecht,Deschacht,Anderlecht
74,18.0,SAVE,Proto makes a save.,Proto,Anderlecht,,
75,18.0,SHOT_ON_GOAL,Aubameyang has an effort on goal.,Aubameyang,Dortmund,Aubameyang,Dortmund
76,17.0,YELLOW_CARD,Suárez is cautioned by the referee.,Suárez,Anderlecht,Suárez,Anderlecht
77,16.0,FOUL,Suárez fouls Papastathopoulos.,Suárez,Anderlecht,Papastathopoulos,Dortmund
78,16.0,CORNER,Defour takes the corner.,Defour,Anderlecht,Subotić,Dortmund
79,15.0,SAVE,Weidenfeller makes a save.,Weidenfeller,Dortmund,,
80,15.0,SHOT_ON_GOAL,Praet has an effort on goal.,Praet,Anderlecht,Praet,Anderlecht
81,12.0,FREE_KICK,Kehl takes the free-kick.,Kehl,Dortmund,Kagawa,Dortmund
82,12.0,FOUL,Najar fouls Kagawa.,Najar,Anderlecht,Kagawa,Dortmund
83,12.0,CORNER,Defour takes the corner.,Defour,Anderlecht,Subotić,Dortmund
84,10.0,SHOT_WIDE,Aubameyang misses the target.,Aubameyang,Dortmund,Aubameyang,Dortmund
85,9.0,FREE_KICK,Weidenfeller takes the free-kick.,Weidenfeller,Dortmund,Schmelzer,Dortmund
86,9.0,OFFSIDE,A. Mitrović is flagged for offside.,A. Mitrović,Anderlecht,A. Mitrović,Anderlecht
87,6.0,FREE_KICK,Mbemba takes the free-kick.,Mbemba,Anderlecht,Nuytinck,Anderlecht
88,6.0,FOUL,Kehl fouls A. Mitrović.,Kehl,Dortmund,A. Mitrović,Anderlecht
89,6.0,FREE_KICK,Weidenfeller takes the free-kick.,Weidenfeller,Dortmund,Subotić,Dortmund
90,5.0,OFFSIDE,A. Mitrović is flagged for offside.,A. Mitrović,Anderlecht,A. Mitrović,Anderlecht
91,3.0,ASSIST,Good assist from Kagawa.,Kagawa,Dortmund,Kagawa,Dortmund
92,3.0,GOAL,Immobile scores!,Immobile,Dortmund,Proto,Dortmund
93,2.0,SAVE,Deschacht makes a save.,Deschacht,Anderlecht,,
94,2.0,SHOT_BLOCKED,S. Bender has a shot blocked.,S. Bender,Dortmund,S. Bender,Dortmund
95,1.0,START_PHASE,The match is under way.,,,,
