,minute,eventType,autoText,primaryPlayer,primaryTeam,secondaryPlayer,secondaryTeam
0,,END_PHASE,The final whistle is blown.,,,,
1,90.0,SUBSTITUTION,Demichelis (on) - Agüero (off),Agüero,Man. City,Demichelis,Man. City
2,90.0,YELLOW_CARD,Agüero is cautioned by the referee.,Agüero,Man. City,Agüero,Man. City
3,90.0,GOAL,Agüero scores!,Agüero,Man. City,Neuer,Man. City
4,90.0,FREE_KICK,Xabi Alonso takes the free-kick.,Xabi Alonso,Bayern,Dante,Bayern
5,90.0,FOUL,Zabaleta fouls Højbjerg.,Zabaleta,Man. City,Højbjerg,Bayern
6,90.0,FREE_KICK,Neuer takes the free-kick.,Neuer,Bayern,,
7,89.0,YELLOW_CARD,Zabaleta is cautioned by the referee.,Zabaleta,Man. City,Zabaleta,Man. City
8,89.0,FOUL,Zabaleta fouls Bernat.,Zabaleta,Man. City,Bernat,Bayern
9,88.0,FREE_KICK,Neuer takes the free-kick.,Neuer,Bayern,Højbjerg,Bayern
10,87.0,FOUL,Agüero fouls Bernat.,Agüero,Man. City,Bernat,Bayern
11,85.0,GOAL,Agüero scores!,Agüero,Man. City,Neuer,Man. City
12,85.0,FREE_KICK,Xabi Alonso takes the free-kick.,Xabi Alonso,Bayern,Schweinsteiger,Bayern
13,85.0,FOUL,Zabaleta fouls Højbjerg.,Zabaleta,Man. City,Højbjerg,Bayern
14,84.0,SUBSTITUTION,Shaqiri (on) - Lewandowski (off),Lewandowski,Bayern,Shaqiri,Bayern
15,82.0,FOUL,Lewandowski handles the ball.,Lewandowski,Bayern,,
16,81.0,FREE_KICK,Boateng takes the free-kick.,Boateng,Bayern,Dante,Bayern
17,81.0,SUBSTITUTION,Schweinsteiger (on) - Ribéry (off),Ribéry,Bayern,Schweinsteiger,Bayern
18,81.0,OFFSIDE,Lampard is flagged for offside.,Lampard,Man. City,Lampard,Man. City
19,81.0,FREE_KICK,Dante takes the free-kick.,Dante,Bayern,Rafinha,Bayern
20,80.0,FOUL,Nasri fouls Ribéry.,Nasri,Man. City,Ribéry,Bayern
21,78.0,YELLOW_CARD,Neuer is cautioned by the referee.,Neuer,Bayern,Neuer,Bayern
22,78.0,SHOT_WIDE,Kompany misses the target.,Kompany,Man. City,Kompany,Man. City
23,78.0,CORNER,Nasri takes the corner.,Nasri,Man. City,Mangala,Man. City
24,77.0,SAVE,Robben makes a save.,Robben,Bayern,,
25,77.0,SHOT_ON_GOAL,Zabaleta has an effort on goal.,Zabaleta,Man. City,Zabaleta,Man. City
26,76.0,FOUL,Dante fouls Agüero.,Dante,Bayern,Agüero,Man. City
27,71.0,FREE_KICK,Zabaleta takes the free-kick.,Zabaleta,Man. City,Kompany,Man. City
28,71.0,FOUL,Ribéry fouls Zabaleta.,Ribéry,Bayern,Zabaleta,Man. City
29,70.0,CORNER,Nasri takes the corner.,Nasri,Man. City,Neuer,Bayern
30,70.0,SAVE,Neuer makes a save.,Neuer,Bayern,,
31,70.0,SHOT_ON_GOAL,Lampard has an effort on goal.,Lampard,Man. City,Lampard,Man. City
32,69.0,FREE_KICK,Zabaleta takes the free-kick.,Zabaleta,Man. City,Agüero,Man. City
33,69.0,FOUL,Dante fouls Agüero.,Dante,Bayern,Agüero,Man. City
34,68.0,SUBSTITUTION,Zabaleta (on) - Sagna (off),Sagna,Man. City,Zabaleta,Man. City
35,66.0,SUBSTITUTION,Jovetić (on) - Milner (off),Milner,Man. City,Jovetić,Man. City
36,65.0,SAVE,Hart makes a save.,Hart,Man. City,,
37,65.0,SHOT_ON_GOAL,Robben has an effort on goal.,Robben,Bayern,Robben,Bayern
38,64.0,OFFSIDE,Agüero is flagged for offside.,Agüero,Man. City,Agüero,Man. City
39,63.0,FREE_KICK,Hart takes the free-kick.,Hart,Man. City,Rafinha,Bayern
40,63.0,FOUL,Xabi Alonso fouls Lampard.,Xabi Alonso,Bayern,Lampard,Man. City
41,61.0,FREE_KICK,Nasri takes the free-kick.,Nasri,Man. City,Clichy,Man. City
42,61.0,FOUL,Xabi Alonso fouls Jesús Navas.,Xabi Alonso,Bayern,Jesús Navas,Man. City
43,61.0,FREE_KICK,Boateng takes the free-kick.,Boateng,Bayern,Jesús Navas,Man. City
44,60.0,YELLOW_CARD,Clichy is cautioned by the referee.,Clichy,Man. City,Clichy,Man. City
45,60.0,FOUL,Clichy fouls Boateng.,Clichy,Man. City,Boateng,Bayern
46,60.0,FREE_KICK,Xabi Alonso takes the free-kick.,Xabi Alonso,Bayern,Ribéry,Bayern
47,59.0,FOUL,Lampard fouls Ribéry.,Lampard,Man. City,Ribéry,Bayern
48,58.0,FREE_KICK,Clichy takes the free-kick.,Clichy,Man. City,Fernando,Man. City
49,58.0,FOUL,Lewandowski fouls Clichy.,Lewandowski,Bayern,Clichy,Man. City
50,56.0,FREE_KICK,Boateng takes the free-kick.,Boateng,Bayern,Neuer,Bayern
51,55.0,OFFSIDE,Milner is flagged for offside.,Milner,Man. City,Milner,Man. City
52,54.0,FREE_KICK,Clichy takes the free-kick.,Clichy,Man. City,Kompany,Man. City
53,54.0,FOUL,Rafinha handles the ball.,Rafinha,Bayern,,
54,53.0,FREE_KICK,Xabi Alonso takes the free-kick.,Xabi Alonso,Bayern,Boateng,Bayern
55,53.0,FOUL,Nasri fouls Xabi Alonso.,Nasri,Man. City,Xabi Alonso,Bayern
56,53.0,FREE_KICK,Rafinha takes the free-kick.,Rafinha,Bayern,Højbjerg,Bayern
57,53.0,FOUL,Lampard fouls Robben.,Lampard,Man. City,Robben,Bayern
58,52.0,SHOT_WIDE,Milner misses the target.,Milner,Man. City,Milner,Man. City
59,51.0,CORNER,Nasri takes the corner.,Nasri,Man. City,Lewandowski,Bayern
60,50.0,SAVE,Neuer makes a save.,Neuer,Bayern,,
61,50.0,SHOT_ON_GOAL,Jesús Navas has an effort on goal.,Jesús Navas,Man. City,Jesús Navas,Man. City
62,50.0,OFFSIDE,Jesús Navas is flagged for offside.,Jesús Navas,Man. City,Jesús Navas,Man. City
63,48.0,FOUL,Mangala fouls Lewandowski.,Mangala,Man. City,Lewandowski,Bayern
64,47.0,SHOT_WIDE,Xabi Alonso misses the target.,Xabi Alonso,Bayern,Xabi Alonso,Bayern
65,46.0,START_PHASE,The second half begins.,,,,
66,,END_PHASE,The referee blows for half-time.,,,,
67,45.0,CORNER,Nasri takes the corner.,Nasri,Man. City,Jesús Navas,Man. City
68,45.0,FREE_KICK,Sagna takes the free-kick.,Sagna,Man. City,Kompany,Man. City
69,45.0,FOUL,Dante fouls Sagna.,Dante,Bayern,Sagna,Man. City
70,45.0,ASSIST,Good assist from Boateng.,Boateng,Bayern,Boateng,Bayern
71,45.0,GOAL,Lewandowski scores!,Lewandowski,Bayern,Hart,Bayern
72,42.0,FREE_KICK,Xabi Alonso takes the free-kick.,Xabi Alonso,Bayern,Ribéry,Bayern
73,42.0,FOUL,Mangala fouls Lewandowski.,Mangala,Man. City,Lewandowski,Bayern
74,40.0,GOAL,Xabi Alonso scores!,Xabi Alonso,Bayern,Hart,Bayern
75,38.0,FOUL,Mangala fouls Lewandowski.,Mangala,Man. City,Lewandowski,Bayern
76,36.0,FREE_KICK,Dante takes the free-kick.,Dante,Bayern,Xabi Alonso,Bayern
77,36.0,OFFSIDE,Nasri is flagged for offside.,Nasri,Man. City,Nasri,Man. City
78,35.0,SHOT_WIDE,Lampard misses the target.,Lampard,Man. City,Lampard,Man. City
79,34.0,FOUL,Ribéry fouls Jesús Navas.,Ribéry,Bayern,Jesús Navas,Man. City
80,33.0,FREE_KICK,Xabi Alonso takes the free-kick.,Xabi Alonso,Bayern,Dante,Bayern
81,33.0,OFFSIDE,Agüero is flagged for offside.,Agüero,Man. City,Agüero,Man. City
82,30.0,FOUL,Dante fouls Jesús Navas.,Dante,Bayern,Jesús Navas,Man. City
83,28.0,CORNER,Nasri takes the corner.,Nasri,Man. City,Xabi Alonso,Bayern
84,25.0,FREE_KICK,Xabi Alonso takes the free-kick.,Xabi Alonso,Bayern,Robben,Bayern
85,25.0,SUBSTITUTION,Dante (on) - Rode (off),Rode,Bayern,Dante,Bayern
86,25.0,FOUL,Mangala fouls Lewandowski.,Mangala,Man. City,Lewandowski,Bayern
87,24.0,FREE_KICK,Fernando takes the free-kick.,Fernando,Man. City,Nasri,Man. City
88,24.0,FOUL,Robben fouls Milner.,Robben,Bayern,Milner,Man. City
89,22.0,GOAL,Agüero scores from the penalty spot.,Agüero,Man. City,Neuer,Man. City
90,20.0,RED_CARD,Benatia is dismissed.,Benatia,Bayern,Benatia,Bayern
91,20.0,FOUL,Benatia fouls Agüero.,Benatia,Bayern,Agüero,Man. City
92,20.0,SAVE,Clichy makes a save.,Clichy,Man. City,,
93,20.0,SHOT_BLOCKED,Rafinha has a shot blocked.,Rafinha,Bayern,Rafinha,Bayern
94,18.0,FOUL,Robben fouls Milner.,Robben,Bayern,Milner,Man. City
95,16.0,FREE_KICK,Boateng takes the free-kick.,Boateng,Bayern,Bernat,Bayern
96,16.0,OFFSIDE,Nasri is flagged for offside.,Nasri,Man. City,Nasri,Man. City
97,15.0,CORNER,Nasri takes the corner.,Nasri,Man. City,Lewandowski,Bayern
98,13.0,FREE_KICK,Neuer takes the free-kick.,Neuer,Bayern,Xabi Alonso,Bayern
99,13.0,FOUL,Milner fouls Rode.,Milner,Man. City,Rode,Bayern
100,11.0,FREE_KICK,Fernando takes the free-kick.,Fernando,Man. City,Milner,Man. City
101,11.0,FOUL,Rode fouls Fernando.,Rode,Bayern,Fernando,Man. City
102,11.0,SHOT_WIDE,Robben misses the target.,Robben,Bayern,Robben,Bayern
103,9.0,SAVE,Hart makes a save.,Hart,Man. City,,
104,9.0,SHOT_ON_GOAL,Rode has an effort on goal.,Rode,Bayern,Rode,Bayern
105,5.0,SHOT_WIDE,Lampard misses the target.,Lampard,Man. City,Lampard,Man. City
106,1.0,SAVE,Rafinha makes a save.,Rafinha,Bayern,,
107,1.0,SHOT_BLOCKED,Nasri has a shot blocked.,Nasri,Man. City,Nasri,Man. City
108,1.0,START_PHASE,The match is under way.,,,,
