,minute,eventType,autoText,primaryPlayer,primaryTeam,secondaryPlayer,secondaryTeam
0,,END_PHASE,The final whistle is blown.,,,,
1,90.0,FOUL,Rémy fouls Neustädter.,Rémy,Chelsea,Neustädter,Schalke
2,90.0,CORNER,Fàbregas takes the corner.,Fàbregas,Chelsea,Kaan Ayhan,Schalke
3,90.0,SAVE,Fuchs makes a save.,Fuchs,Schalke,,
4,90.0,SHOT_BLOCKED,Terry has a shot blocked.,Terry,Chelsea,Terry,Chelsea
5,90.0,CORNER,Fàbregas takes the corner.,Fàbregas,Chelsea,Terry,Chelsea
6,90.0,SAVE,Kaan Ayhan makes a save.,Kaan Ayhan,Schalke,,
7,90.0,SHOT_BLOCKED,Ivanović has a shot blocked.,Ivanović,Chelsea,Ivanović,Chelsea
8,90.0,CORNER,Fàbregas takes the corner.,Fàbregas,Chelsea,Ivanović,Chelsea
9,89.0,FREE_KICK,Fàbregas takes the free-kick.,Fàbregas,Chelsea,E. Hazard,Chelsea
10,89.0,FOUL,Huntelaar fouls Cahill.,Huntelaar,Schalke,Cahill,Chelsea
11,89.0,SAVE,Neustädter makes a save.,Neustädter,Schalke,,
12,89.0,SHOT_BLOCKED,Diego Costa has a shot blocked.,Diego Costa,Chelsea,Diego Costa,Chelsea
13,89.0,FREE_KICK,Fàbregas takes the free-kick.,Fàbregas,Chelsea,Matić,Chelsea
14,89.0,FOUL,Neustädter fouls Diego Costa.,Neustädter,Schalke,Diego Costa,Chelsea
15,88.0,FREE_KICK,Terry takes the free-kick.,Terry,Chelsea,E. Hazard,Chelsea
16,88.0,FOUL,Obasi fouls Diego Costa.,Obasi,Schalke,Diego Costa,Chelsea
17,87.0,YELLOW_CARD,Höger is cautioned by the referee.,Höger,Schalke,Höger,Schalke
18,86.0,CORNER,Oscar takes the corner.,Oscar,Chelsea,Fährmann,Schalke
19,86.0,SUBSTITUTION,Obasi (on) - Draxler (off),Draxler,Schalke,Obasi,Schalke
20,85.0,SHOT_WIDE,Cahill misses the target.,Cahill,Chelsea,Cahill,Chelsea
21,85.0,CORNER,Fàbregas takes the corner.,Fàbregas,Chelsea,Kaan Ayhan,Schalke
22,84.0,SAVE,Fährmann makes a save.,Fährmann,Schalke,,
23,84.0,SHOT_ON_GOAL,E. Hazard has an effort on goal.,E. Hazard,Chelsea,E. Hazard,Chelsea
24,83.0,SHOT_WIDE,E. Hazard misses the target.,E. Hazard,Chelsea,E. Hazard,Chelsea
25,83.0,SAVE,Fuchs makes a save.,Fuchs,Schalke,,
26,83.0,SHOT_BLOCKED,E. Hazard has a shot blocked.,E. Hazard,Chelsea,E. Hazard,Chelsea
27,80.0,FREE_KICK,Fuchs takes the free-kick.,Fuchs,Schalke,Choupo-Moting,Schalke
28,79.0,FOUL,Ivanović fouls Draxler.,Ivanović,Chelsea,Draxler,Schalke
29,79.0,SAVE,Schalke make a save.,,Schalke,,
30,79.0,SHOT_BLOCKED,Rémy has a shot blocked.,Rémy,Chelsea,Rémy,Chelsea
31,78.0,SUBSTITUTION,Barnetta (on) - Sam (off),Sam,Schalke,Barnetta,Schalke
32,77.0,FOUL,Huntelaar fouls Ivanović.,Huntelaar,Schalke,Ivanović,Chelsea
33,76.0,SAVE,Neustädter makes a save.,Neustädter,Schalke,,
34,76.0,SHOT_BLOCKED,Rémy has a shot blocked.,Rémy,Chelsea,Rémy,Chelsea
35,75.0,FOUL,Höger fouls Rémy.,Höger,Schalke,Rémy,Chelsea
36,74.0,SUBSTITUTION,Rémy (on) - Willian (off),Willian,Chelsea,Rémy,Chelsea
37,74.0,SUBSTITUTION,Diego Costa (on) - Drogba (off),Drogba,Chelsea,Diego Costa,Chelsea
38,74.0,SUBSTITUTION,Choupo-Moting (on) - Meyer (off),Meyer,Schalke,Choupo-Moting,Schalke
39,71.0,YELLOW_CARD,Willian is cautioned by the referee.,Willian,Chelsea,Willian,Chelsea
40,70.0,FOUL,Willian fouls Fuchs.,Willian,Chelsea,Fuchs,Schalke
41,70.0,SAVE,Courtois makes a save.,Courtois,Chelsea,,
42,70.0,SHOT_ON_GOAL,Draxler has an effort on goal.,Draxler,Schalke,Draxler,Schalke
43,67.0,SUBSTITUTION,Oscar (on) - Ramires (off),Ramires,Chelsea,Oscar,Chelsea
44,67.0,SHOT_WIDE,Drogba misses the target.,Drogba,Chelsea,Drogba,Chelsea
45,64.0,FOUL,Höger fouls E. Hazard.,Höger,Schalke,E. Hazard,Chelsea
46,62.0,ASSIST,Good assist from Draxler.,Draxler,Schalke,Draxler,Schalke
47,62.0,GOAL,Huntelaar scores!,Huntelaar,Schalke,Courtois,Schalke
48,61.0,CORNER,Fàbregas takes the corner.,Fàbregas,Chelsea,Boateng,Schalke
49,60.0,SHOT_WIDE,Drogba misses the target.,Drogba,Chelsea,Drogba,Chelsea
50,59.0,FREE_KICK,Fährmann takes the free-kick.,Fährmann,Schalke,Neustädter,Schalke
51,59.0,YELLOW_CARD,Terry is cautioned by the referee.,Terry,Chelsea,Terry,Chelsea
52,59.0,FOUL,Terry fouls Huntelaar.,Terry,Chelsea,Huntelaar,Schalke
53,58.0,FREE_KICK,Boateng takes the free-kick.,Boateng,Schalke,Neustädter,Schalke
54,58.0,FOUL,Fàbregas fouls Boateng.,Fàbregas,Chelsea,Boateng,Schalke
55,56.0,SAVE,Courtois makes a save.,Courtois,Chelsea,,
56,56.0,SHOT_ON_GOAL,Boateng has an effort on goal.,Boateng,Schalke,Boateng,Schalke
57,54.0,SHOT_WIDE,E. Hazard misses the target.,E. Hazard,Chelsea,E. Hazard,Chelsea
58,53.0,FOUL,Drogba fouls Sam.,Drogba,Chelsea,Sam,Schalke
59,52.0,SAVE,Fährmann makes a save.,Fährmann,Schalke,,
60,52.0,SHOT_ON_GOAL,Ivanović has an effort on goal.,Ivanović,Chelsea,Ivanović,Chelsea
61,51.0,FREE_KICK,Ramires takes the free-kick.,Ramires,Chelsea,Fàbregas,Chelsea
62,51.0,FOUL,Meyer fouls E. Hazard.,Meyer,Schalke,E. Hazard,Chelsea
63,49.0,FREE_KICK,Kaan Ayhan takes the free-kick.,Kaan Ayhan,Schalke,Boateng,Schalke
64,49.0,FOUL,Ramires fouls Sam.,Ramires,Chelsea,Sam,Schalke
65,47.0,FREE_KICK,Fuchs takes the free-kick.,Fuchs,Schalke,Kaan Ayhan,Schalke
66,47.0,FOUL,Matić fouls Meyer.,Matić,Chelsea,Meyer,Schalke
67,46.0,START_PHASE,The second half begins.,,,,
68,45.0,FREE_KICK,Boateng takes the free-kick.,Boateng,Schalke,Neustädter,Schalke
69,45.0,FOUL,Drogba fouls Kaan Ayhan.,Drogba,Chelsea,Kaan Ayhan,Schalke
70,45.0,SHOT_WIDE,Draxler misses the target.,Draxler,Schalke,Draxler,Schalke
71,43.0,FREE_KICK,Boateng takes the free-kick.,Boateng,Schalke,Neustädter,Schalke
72,43.0,FOUL,Matić fouls Sam.,Matić,Chelsea,Sam,Schalke
73,42.0,SAVE,Matić makes a save.,Matić,Chelsea,,
74,42.0,SHOT_BLOCKED,Draxler has a shot blocked.,Draxler,Schalke,Draxler,Schalke
75,39.0,CORNER,Sam takes the corner.,Sam,Schalke,Drogba,Chelsea
76,39.0,SAVE,Courtois makes a save.,Courtois,Chelsea,,
77,39.0,SHOT_ON_GOAL,Boateng has an effort on goal.,Boateng,Schalke,Boateng,Schalke
78,37.0,SHOT_WIDE,Fàbregas misses the target.,Fàbregas,Chelsea,Fàbregas,Chelsea
79,35.0,FREE_KICK,Fährmann takes the free-kick.,Fährmann,Schalke,Neustädter,Schalke
80,34.0,OFFSIDE,Ivanović is flagged for offside.,Ivanović,Chelsea,Ivanović,Chelsea
81,34.0,SAVE,Höger makes a save.,Höger,Schalke,,
82,34.0,SHOT_BLOCKED,Fàbregas has a shot blocked.,Fàbregas,Chelsea,Fàbregas,Chelsea
83,33.0,OFFSIDE,Neustädter is flagged for offside.,Neustädter,Schalke,Neustädter,Schalke
84,32.0,FOUL,Terry fouls Huntelaar.,Terry,Chelsea,Huntelaar,Schalke
85,32.0,SAVE,Fährmann makes a save.,Fährmann,Schalke,,
86,32.0,SHOT_ON_GOAL,Drogba has an effort on goal.,Drogba,Chelsea,Drogba,Chelsea
87,31.0,FREE_KICK,Filipe Luís takes the free-kick.,Filipe Luís,Chelsea,Terry,Chelsea
88,31.0,FOUL,Höger fouls Drogba.,Höger,Schalke,Drogba,Chelsea
89,31.0,SAVE,Matić makes a save.,Matić,Chelsea,,
90,31.0,SHOT_BLOCKED,Sam has a shot blocked.,Sam,Schalke,Sam,Schalke
91,31.0,SAVE,Cahill makes a save.,Cahill,Chelsea,,
92,31.0,SHOT_BLOCKED,Huntelaar has a shot blocked.,Huntelaar,Schalke,Huntelaar,Schalke
93,29.0,FREE_KICK,Höger takes the free-kick.,Höger,Schalke,Boateng,Schalke
94,29.0,FOUL,Filipe Luís fouls Sam.,Filipe Luís,Chelsea,Sam,Schalke
95,26.0,FREE_KICK,Fàbregas takes the free-kick.,Fàbregas,Chelsea,Matić,Chelsea
96,26.0,FOUL,Höger fouls E. Hazard.,Höger,Schalke,E. Hazard,Chelsea
97,26.0,FREE_KICK,Filipe Luís takes the free-kick.,Filipe Luís,Chelsea,Fàbregas,Chelsea
98,25.0,YELLOW_CARD,Boateng is cautioned by the referee.,Boateng,Schalke,Boateng,Schalke
99,25.0,FOUL,Boateng fouls E. Hazard.,Boateng,Schalke,E. Hazard,Chelsea
100,25.0,SAVE,Cahill makes a save.,Cahill,Chelsea,,
101,25.0,SHOT_BLOCKED,Boateng has a shot blocked.,Boateng,Schalke,Boateng,Schalke
102,25.0,SAVE,Terry makes a save.,Terry,Chelsea,,
103,25.0,SHOT_BLOCKED,Boateng has a shot blocked.,Boateng,Schalke,Boateng,Schalke
104,24.0,FREE_KICK,Boateng takes the free-kick.,Boateng,Schalke,Aogo,Schalke
105,24.0,FOUL,Matić fouls Boateng.,Matić,Chelsea,Boateng,Schalke
106,22.0,OFFSIDE,Drogba is flagged for offside.,Drogba,Chelsea,Drogba,Chelsea
107,21.0,SHOT_WIDE,Draxler misses the target.,Draxler,Schalke,Draxler,Schalke
108,20.0,SAVE,Courtois makes a save.,Courtois,Chelsea,,
109,20.0,SHOT_ON_GOAL,Sam has an effort on goal.,Sam,Schalke,Sam,Schalke
110,19.0,FOUL,E. Hazard fouls Sam.,E. Hazard,Chelsea,Sam,Schalke
111,18.0,CORNER,Fàbregas takes the corner.,Fàbregas,Chelsea,Höger,Schalke
112,16.0,SAVE,Kaan Ayhan makes a save.,Kaan Ayhan,Schalke,,
113,16.0,SHOT_BLOCKED,E. Hazard has a shot blocked.,E. Hazard,Chelsea,E. Hazard,Chelsea
114,15.0,FREE_KICK,Boateng takes the free-kick.,Boateng,Schalke,Kaan Ayhan,Schalke
115,15.0,FOUL,Matić fouls Meyer.,Matić,Chelsea,Meyer,Schalke
116,13.0,FOUL,Huntelaar fouls Matić.,Huntelaar,Schalke,Matić,Chelsea
117,11.0,YELLOW_CARD,Huntelaar is cautioned by the referee.,Huntelaar,Schalke,Huntelaar,Schalke
118,11.0,ASSIST,Good assist from E. Hazard.,E. Hazard,Chelsea,E. Hazard,Chelsea
119,11.0,GOAL,Fàbregas scores!,Fàbregas,Chelsea,Fährmann,Chelsea
120,9.0,SAVE,Fährmann makes a save.,Fährmann,Schalke,,
121,9.0,SHOT_ON_GOAL,Ramires has an effort on goal.,Ramires,Chelsea,Ramires,Chelsea
122,7.0,FREE_KICK,Boateng takes the free-kick.,Boateng,Schalke,Kaan Ayhan,Schalke
123,7.0,FOUL,Fàbregas fouls Boateng.,Fàbregas,Chelsea,Boateng,Schalke
124,7.0,SHOT_WIDE,Sam misses the target.,Sam,Schalke,Sam,Schalke
125,1.0,START_PHASE,The match is under way.,,,,
