,minute,eventType,autoText,primaryPlayer,primaryTeam,secondaryPlayer,secondaryTeam
0,,END_PHASE,The final whistle is blown.,,,,
1,90.0,FOUL,L. Nielsen fouls Rodríguez.,L. Nielsen,Gent,Rodríguez,Wolfsburg
2,90.0,CORNER,Kums takes the corner.,Kums,Gent,,
3,90.0,FREE_KICK,Kums takes the free-kick.,Kums,Gent,Asare,Gent
4,90.0,FOUL,Dante fouls Dejaegere.,Dante,Wolfsburg,Dejaegere,Gent
5,90.0,SUBSTITUTION,Putaro (on) - Kruse (off),Kruse,Wolfsburg,Putaro,Wolfsburg
6,89.0,ASSIST,Good assist from Saief.,Saief,Gent,Saief,Gent
7,89.0,GOAL,K. Coulibaly scores!,K. Coulibaly,Gent,Casteels,Gent
8,88.0,SAVE,Casteels makes a save.,Casteels,Wolfsburg,,
9,88.0,SHOT_ON_GOAL,K. Coulibaly has an effort on goal.,K. Coulibaly,Gent,K. Coulibaly,Gent
10,88.0,FREE_KICK,Casteels takes the free-kick.,Casteels,Wolfsburg,Schürrle,Wolfsburg
11,87.0,OFFSIDE,K. Coulibaly is flagged for offside.,K. Coulibaly,Gent,K. Coulibaly,Gent
12,85.0,SHOT_WIDE,Saief misses the target.,Saief,Gent,Saief,Gent
13,85.0,FREE_KICK,Asare takes the free-kick.,Asare,Gent,Renato Neto,Gent
14,85.0,FOUL,Draxler fouls Renato Neto.,Draxler,Wolfsburg,Renato Neto,Gent
15,84.0,SAVE,Casteels makes a save.,Casteels,Wolfsburg,,
16,84.0,SHOT_ON_GOAL,Dejaegere has an effort on goal.,Dejaegere,Gent,Dejaegere,Gent
17,84.0,FREE_KICK,Kums takes the free-kick.,Kums,Gent,Asare,Gent
18,84.0,FOUL,Luiz Gustavo fouls Renato Neto.,Luiz Gustavo,Wolfsburg,Renato Neto,Gent
19,83.0,SAVE,Casteels makes a save.,Casteels,Wolfsburg,,
20,83.0,SHOT_ON_GOAL,Foket has an effort on goal.,Foket,Gent,Foket,Gent
21,80.0,GOAL,Kums scores!,Kums,Gent,Casteels,Gent
22,80.0,SUBSTITUTION,K. Coulibaly (on) - Depoitre (off),Depoitre,Gent,K. Coulibaly,Gent
23,80.0,SUBSTITUTION,Schäfer (on) - Vieirinha (off),Vieirinha,Wolfsburg,Schäfer,Wolfsburg
24,78.0,SAVE,Casteels makes a save.,Casteels,Wolfsburg,,
25,78.0,SHOT_ON_GOAL,Asare has an effort on goal.,Asare,Gent,Asare,Gent
26,74.0,SHOT_WIDE,Luiz Gustavo misses the target.,Luiz Gustavo,Wolfsburg,Luiz Gustavo,Wolfsburg
27,73.0,FREE_KICK,Kums takes the free-kick.,Kums,Gent,Asare,Gent
28,72.0,FOUL,Arnold fouls Saief.,Arnold,Wolfsburg,Saief,Gent
29,71.0,FREE_KICK,Kums takes the free-kick.,Kums,Gent,Draxler,Wolfsburg
30,71.0,FOUL,Luiz Gustavo fouls Dejaegere.,Luiz Gustavo,Wolfsburg,Dejaegere,Gent
31,70.0,FREE_KICK,Casteels takes the free-kick.,Casteels,Wolfsburg,S. Mitrović,Gent
32,70.0,FOUL,Dejaegere fouls Knoche.,Dejaegere,Gent,Knoche,Wolfsburg
33,69.0,FREE_KICK,Knoche takes the free-kick.,Knoche,Wolfsburg,Träsch,Wolfsburg
34,69.0,FOUL,Renato Neto fouls Arnold.,Renato Neto,Gent,Arnold,Wolfsburg
35,67.0,FREE_KICK,Casteels takes the free-kick.,Casteels,Wolfsburg,Kruse,Wolfsburg
36,66.0,OFFSIDE,Depoitre is flagged for offside.,Depoitre,Gent,Depoitre,Gent
37,64.0,CORNER,Kums takes the corner.,Kums,Gent,Schürrle,Wolfsburg
38,63.0,SAVE,Casteels makes a save.,Casteels,Wolfsburg,,
39,63.0,SHOT_ON_GOAL,Kums has an effort on goal.,Kums,Gent,Kums,Gent
40,62.0,SHOT_WIDE,Kruse misses the target.,Kruse,Wolfsburg,Kruse,Wolfsburg
41,61.0,SUBSTITUTION,Saief (on) - Milicevic (off),Milicevic,Gent,Saief,Gent
42,60.0,SUBSTITUTION,Matton (on) - Simon (off),Simon,Gent,Matton,Gent
43,60.0,ASSIST,Good assist from Träsch.,Träsch,Wolfsburg,Träsch,Wolfsburg
44,60.0,GOAL,Kruse scores!,Kruse,Wolfsburg,Sels,Wolfsburg
45,60.0,FREE_KICK,Vieirinha takes the free-kick.,Vieirinha,Wolfsburg,Arnold,Wolfsburg
46,59.0,YELLOW_CARD,Kums is cautioned by the referee.,Kums,Gent,Kums,Gent
47,59.0,FOUL,Kums fouls Vieirinha.,Kums,Gent,Vieirinha,Wolfsburg
48,54.0,GOAL,Draxler scores!,Draxler,Wolfsburg,Sels,Wolfsburg
49,53.0,FREE_KICK,Knoche takes the free-kick.,Knoche,Wolfsburg,Luiz Gustavo,Wolfsburg
50,53.0,FOUL,Dejaegere fouls Vieirinha.,Dejaegere,Gent,Vieirinha,Wolfsburg
51,53.0,FREE_KICK,Kums takes the free-kick.,Kums,Gent,Dejaegere,Gent
52,52.0,FOUL,Vieirinha fouls Simon.,Vieirinha,Wolfsburg,Simon,Gent
53,52.0,FREE_KICK,Dante takes the free-kick.,Dante,Wolfsburg,Asare,Gent
54,52.0,FOUL,Dejaegere fouls Rodríguez.,Dejaegere,Gent,Rodríguez,Wolfsburg
55,52.0,CORNER,Milicevic takes the corner.,Milicevic,Gent,Simon,Gent
56,51.0,SAVE,Knoche makes a save.,Knoche,Wolfsburg,,
57,51.0,SHOT_BLOCKED,Dejaegere has a shot blocked.,Dejaegere,Gent,Dejaegere,Gent
58,51.0,FREE_KICK,Asare takes the free-kick.,Asare,Gent,Kums,Gent
59,51.0,FOUL,Arnold fouls Asare.,Arnold,Wolfsburg,Asare,Gent
60,50.0,CORNER,Milicevic takes the corner.,Milicevic,Gent,Arnold,Wolfsburg
61,48.0,FREE_KICK,Kums takes the free-kick.,Kums,Gent,Foket,Gent
62,48.0,YELLOW_CARD,Vieirinha is cautioned by the referee.,Vieirinha,Wolfsburg,Vieirinha,Wolfsburg
63,48.0,FOUL,Vieirinha fouls Milicevic.,Vieirinha,Wolfsburg,Milicevic,Gent
64,48.0,SAVE,Casteels makes a save.,Casteels,Wolfsburg,,
65,48.0,SHOT_ON_GOAL,Depoitre has an effort on goal.,Depoitre,Gent,Depoitre,Gent
66,47.0,YELLOW_CARD,Luiz Gustavo is cautioned by the referee.,Luiz Gustavo,Wolfsburg,Luiz Gustavo,Wolfsburg
67,46.0,FOUL,Luiz Gustavo fouls Dejaegere.,Luiz Gustavo,Wolfsburg,Dejaegere,Gent
68,46.0,SHOT_WIDE,Schürrle misses the target.,Schürrle,Wolfsburg,Schürrle,Wolfsburg
69,46.0,START_PHASE,The second half begins.,,,,
70,,END_PHASE,The referee blows for half-time.,,,,
71,45.0,CORNER,Milicevic takes the corner.,Milicevic,Gent,Träsch,Wolfsburg
72,45.0,CORNER,Milicevic takes the corner.,Milicevic,Gent,Depoitre,Gent
73,45.0,SUBSTITUTION,Schürrle (on) - Jung (off),Jung,Wolfsburg,Schürrle,Wolfsburg
74,44.0,ASSIST,Good assist from Vieirinha.,Vieirinha,Wolfsburg,Vieirinha,Wolfsburg
75,44.0,GOAL,Draxler scores!,Draxler,Wolfsburg,Sels,Wolfsburg
76,38.0,SAVE,Renato Neto makes a save.,Renato Neto,Gent,,
77,38.0,SHOT_BLOCKED,Draxler has a shot blocked.,Draxler,Wolfsburg,Draxler,Wolfsburg
78,38.0,SAVE,Sels makes a save.,Sels,Gent,,
79,38.0,SHOT_ON_GOAL,Kruse has an effort on goal.,Kruse,Wolfsburg,Kruse,Wolfsburg
80,38.0,FREE_KICK,Knoche takes the free-kick.,Knoche,Wolfsburg,Asare,Gent
81,37.0,FOUL,Kums fouls Arnold.,Kums,Gent,Arnold,Wolfsburg
82,36.0,CORNER,Milicevic takes the corner.,Milicevic,Gent,Depoitre,Gent
83,35.0,FREE_KICK,Kums takes the free-kick.,Kums,Gent,S. Mitrović,Gent
84,35.0,FOUL,Rodríguez fouls Dejaegere.,Rodríguez,Wolfsburg,Dejaegere,Gent
85,34.0,FREE_KICK,L. Nielsen takes the free-kick.,L. Nielsen,Gent,Asare,Gent
86,34.0,FOUL,Rodríguez fouls Foket.,Rodríguez,Wolfsburg,Foket,Gent
87,34.0,FREE_KICK,Milicevic takes the free-kick.,Milicevic,Gent,Dante,Wolfsburg
88,33.0,FOUL,Luiz Gustavo fouls Depoitre.,Luiz Gustavo,Wolfsburg,Depoitre,Gent
89,33.0,FREE_KICK,Kums takes the free-kick.,Kums,Gent,Asare,Gent
90,33.0,FOUL,Luiz Gustavo fouls Dejaegere.,Luiz Gustavo,Wolfsburg,Dejaegere,Gent
91,32.0,FREE_KICK,Casteels takes the free-kick.,Casteels,Wolfsburg,Vieirinha,Wolfsburg
92,32.0,FOUL,Dejaegere fouls Vieirinha.,Dejaegere,Gent,Vieirinha,Wolfsburg
93,32.0,SAVE,Knoche makes a save.,Knoche,Wolfsburg,,
94,32.0,SHOT_BLOCKED,Simon has a shot blocked.,Simon,Gent,Simon,Gent
95,30.0,FREE_KICK,Arnold takes the free-kick.,Arnold,Wolfsburg,Luiz Gustavo,Wolfsburg
96,29.0,FOUL,Kums fouls Arnold.,Kums,Gent,Arnold,Wolfsburg
97,28.0,CORNER,Vieirinha takes the corner.,Vieirinha,Wolfsburg,Kums,Gent
98,26.0,FREE_KICK,Renato Neto takes the free-kick.,Renato Neto,Gent,Kums,Gent
99,26.0,FOUL,Luiz Gustavo fouls Dejaegere.,Luiz Gustavo,Wolfsburg,Dejaegere,Gent
100,25.0,SHOT_WIDE,Luiz Gustavo misses the target.,Luiz Gustavo,Wolfsburg,Luiz Gustavo,Wolfsburg
101,25.0,CORNER,Rodríguez takes the corner.,Rodríguez,Wolfsburg,Kums,Gent
102,24.0,FREE_KICK,Knoche takes the free-kick.,Knoche,Wolfsburg,Arnold,Wolfsburg
103,24.0,FOUL,Depoitre fouls Knoche.,Depoitre,Gent,Knoche,Wolfsburg
104,23.0,SHOT_WIDE,Vieirinha misses the target.,Vieirinha,Wolfsburg,Vieirinha,Wolfsburg
105,20.0,SAVE,Kums makes a save.,Kums,Gent,,
106,20.0,SHOT_BLOCKED,Arnold has a shot blocked.,Arnold,Wolfsburg,Arnold,Wolfsburg
107,20.0,CORNER,Rodríguez takes the corner.,Rodríguez,Wolfsburg,Arnold,Wolfsburg
108,19.0,SAVE,Renato Neto makes a save.,Renato Neto,Gent,,
109,19.0,SHOT_BLOCKED,Kruse has a shot blocked.,Kruse,Wolfsburg,Kruse,Wolfsburg
110,15.0,SHOT_WIDE,Träsch misses the target.,Träsch,Wolfsburg,Träsch,Wolfsburg
111,13.0,SHOT_WIDE,Arnold misses the target.,Arnold,Wolfsburg,Arnold,Wolfsburg
112,13.0,FREE_KICK,Jung takes the free-kick.,Jung,Wolfsburg,Knoche,Wolfsburg
113,12.0,FOUL,Kums fouls Vieirinha.,Kums,Gent,Vieirinha,Wolfsburg
114,11.0,SHOT_WIDE,Foket misses the target.,Foket,Gent,Foket,Gent
115,10.0,FREE_KICK,Sels takes the free-kick.,Sels,Gent,Asare,Gent
116,9.0,FOUL,Jung fouls Asare.,Jung,Wolfsburg,Asare,Gent
117,7.0,FOUL,L. Nielsen fouls Kruse.,L. Nielsen,Gent,Kruse,Wolfsburg
118,6.0,FREE_KICK,Renato Neto takes the free-kick.,Renato Neto,Gent,Kums,Gent
119,6.0,FOUL,Rodríguez fouls Depoitre.,Rodríguez,Wolfsburg,Depoitre,Gent
120,5.0,SHOT_WIDE,Draxler misses the target.,Draxler,Wolfsburg,Draxler,Wolfsburg
121,3.0,FREE_KICK,Foket takes the free-kick.,Foket,Gent,L. Nielsen,Gent
122,3.0,FOUL,Draxler fouls Dejaegere.,Draxler,Wolfsburg,Dejaegere,Gent
123,1.0,SHOT_WIDE,Träsch misses the target.,Träsch,Wolfsburg,Träsch,Wolfsburg
124,1.0,START_PHASE,The match is under way.,,,,
