,minute,eventType,autoText,primaryPlayer,primaryTeam,secondaryPlayer,secondaryTeam
0,,END_PHASE,The final whistle is blown.,,,,
1,90.0,YELLOW_CARD,Arias is cautioned by the referee.,Arias,PSV,Arias,PSV
2,90.0,YELLOW_CARD,Lingard is cautioned by the referee.,Lingard,Man. United,Lingard,Man. United
3,90.0,FOUL,Arias fouls Lingard.,Arias,PSV,Lingard,Man. United
4,90.0,FREE_KICK,Zoet takes the free-kick.,Zoet,PSV,Smalling,Man. United
5,90.0,FOUL,Mata fouls Guardado.,Mata,Man. United,Guardado,PSV
6,90.0,FREE_KICK,De Gea takes the free-kick.,De Gea,Man. United,Rooney,Man. United
7,90.0,FOUL,L. de Jong fouls Rojo.,L. de Jong,PSV,Rojo,Man. United
8,90.0,FREE_KICK,Rojo takes the free-kick.,Rojo,Man. United,Blind,Man. United
9,90.0,FOUL,Bruma fouls Martial.,Bruma,PSV,Martial,Man. United
10,90.0,FREE_KICK,Schneiderlin takes the free-kick.,Schneiderlin,Man. United,Smalling,Man. United
11,89.0,FOUL,L. de Jong fouls Blind.,L. de Jong,PSV,Blind,Man. United
12,88.0,FREE_KICK,Guardado takes the free-kick.,Guardado,PSV,Pereiro,PSV
13,88.0,FOUL,Fellaini fouls Guardado.,Fellaini,Man. United,Guardado,PSV
14,87.0,FREE_KICK,Moreno takes the free-kick.,Moreno,PSV,L. de Jong,PSV
15,87.0,FOUL,Schneiderlin fouls Guardado.,Schneiderlin,Man. United,Guardado,PSV
16,85.0,FOUL,Fellaini fouls Bruma.,Fellaini,Man. United,Bruma,PSV
17,85.0,SUBSTITUTION,Mata (on) - Darmian (off),Darmian,Man. United,Mata,Man. United
18,82.0,FOUL,Arias fouls Young.,Arias,PSV,Young,Man. United
19,82.0,FREE_KICK,Darmian takes the free-kick.,Darmian,Man. United,Rooney,Man. United
20,82.0,YELLOW_CARD,L. de Jong is cautioned by the referee.,L. de Jong,PSV,L. de Jong,PSV
21,82.0,FOUL,L. de Jong fouls Lingard.,L. de Jong,PSV,Lingard,Man. United
22,81.0,CORNER,Pröpper takes the corner.,Pröpper,PSV,L. de Jong,PSV
23,81.0,SAVE,Rojo makes a save.,Rojo,Man. United,,
24,81.0,SHOT_BLOCKED,Pröpper has a shot blocked.,Pröpper,PSV,Pröpper,PSV
25,78.0,FREE_KICK,Bruma takes the free-kick.,Bruma,PSV,Isimat-Mirin,PSV
26,78.0,OFFSIDE,Fellaini is flagged for offside.,Fellaini,Man. United,Fellaini,Man. United
27,75.0,FREE_KICK,Moreno takes the free-kick.,Moreno,PSV,Brenet,PSV
28,75.0,FOUL,Lingard fouls Brenet.,Lingard,Man. United,Brenet,PSV
29,73.0,SHOT_WIDE,Lingard misses the target.,Lingard,Man. United,Lingard,Man. United
30,72.0,SAVE,De Gea makes a save.,De Gea,Man. United,,
31,72.0,SHOT_ON_GOAL,Pröpper has an effort on goal.,Pröpper,PSV,Pröpper,PSV
32,70.0,FREE_KICK,Arias takes the free-kick.,Arias,PSV,Isimat-Mirin,PSV
33,70.0,FOUL,Rojo fouls Bruma.,Rojo,Man. United,Bruma,PSV
34,68.0,SHOT_WIDE,Locadia misses the target.,Locadia,PSV,Locadia,PSV
35,68.0,CORNER,Blind takes the corner.,Blind,Man. United,Bruma,PSV
36,66.0,FREE_KICK,Smalling takes the free-kick.,Smalling,Man. United,Rojo,Man. United
37,66.0,FOUL,L. de Jong fouls Smalling.,L. de Jong,PSV,Smalling,Man. United
38,66.0,FREE_KICK,Isimat-Mirin takes the free-kick.,Isimat-Mirin,PSV,Moreno,PSV
39,65.0,FOUL,Martial fouls Isimat-Mirin.,Martial,Man. United,Isimat-Mirin,PSV
40,65.0,FREE_KICK,Moreno takes the free-kick.,Moreno,PSV,Isimat-Mirin,PSV
41,65.0,FOUL,Schneiderlin fouls Guardado.,Schneiderlin,Man. United,Guardado,PSV
42,62.0,SAVE,De Gea makes a save.,De Gea,Man. United,,
43,62.0,SHOT_ON_GOAL,Pröpper has an effort on goal.,Pröpper,PSV,Pröpper,PSV
44,60.0,SUBSTITUTION,Isimat-Mirin (on) - Hendrix (off),Hendrix,PSV,Isimat-Mirin,PSV
45,59.0,SUBSTITUTION,Young (on) - Depay (off),Depay,Man. United,Young,Man. United
46,58.0,SUBSTITUTION,Fellaini (on) - Schweinsteiger (off),Schweinsteiger,Man. United,Fellaini,Man. United
47,56.0,FREE_KICK,Moreno takes the free-kick.,Moreno,PSV,L. de Jong,PSV
48,55.0,FOUL,Schneiderlin fouls Locadia.,Schneiderlin,Man. United,Locadia,PSV
49,53.0,FREE_KICK,Schweinsteiger takes the free-kick.,Schweinsteiger,Man. United,Schneiderlin,Man. United
50,53.0,FOUL,L. de Jong fouls Schweinsteiger.,L. de Jong,PSV,Schweinsteiger,Man. United
51,53.0,SHOT_WIDE,L. de Jong misses the target.,L. de Jong,PSV,L. de Jong,PSV
52,50.0,CORNER,Blind takes the corner.,Blind,Man. United,L. de Jong,PSV
53,49.0,SAVE,Zoet makes a save.,Zoet,PSV,,
54,49.0,SHOT_ON_GOAL,Depay has an effort on goal.,Depay,Man. United,Depay,Man. United
55,48.0,SHOT_WIDE,Lingard misses the target.,Lingard,Man. United,Lingard,Man. United
56,46.0,SHOT_WIDE,Schneiderlin misses the target.,Schneiderlin,Man. United,Schneiderlin,Man. United
57,46.0,CORNER,Blind takes the corner.,Blind,Man. United,Schneiderlin,Man. United
58,46.0,START_PHASE,The second half begins.,,,,
59,,END_PHASE,The referee blows for half-time.,,,,
60,45.0,CORNER,Blind takes the corner.,Blind,Man. United,Hendrix,PSV
61,45.0,SAVE,Zoet makes a save.,Zoet,PSV,,
62,45.0,SHOT_ON_GOAL,Martial has an effort on goal.,Martial,Man. United,Martial,Man. United
63,42.0,OFFSIDE,Schweinsteiger is flagged for offside.,Schweinsteiger,Man. United,Schweinsteiger,Man. United
64,42.0,SAVE,Bruma makes a save.,Bruma,PSV,,
65,42.0,SHOT_BLOCKED,Smalling has a shot blocked.,Smalling,Man. United,Smalling,Man. United
66,42.0,CORNER,Blind takes the corner.,Blind,Man. United,Smalling,Man. United
67,41.0,SAVE,De Gea makes a save.,De Gea,Man. United,,
68,41.0,SHOT_ON_GOAL,Pröpper has an effort on goal.,Pröpper,PSV,Pröpper,PSV
69,38.0,FOUL,Blind fouls L. de Jong.,Blind,Man. United,L. de Jong,PSV
70,37.0,SAVE,Zoet makes a save.,Zoet,PSV,,
71,37.0,SHOT_ON_GOAL,Lingard has an effort on goal.,Lingard,Man. United,Lingard,Man. United
72,37.0,SAVE,Zoet makes a save.,Zoet,PSV,,
73,37.0,SHOT_ON_GOAL,Martial has an effort on goal.,Martial,Man. United,Martial,Man. United
74,37.0,SAVE,Arias makes a save.,Arias,PSV,,
75,37.0,SHOT_BLOCKED,Lingard has a shot blocked.,Lingard,Man. United,Lingard,Man. United
76,36.0,FREE_KICK,Schweinsteiger takes the free-kick.,Schweinsteiger,Man. United,Rojo,Man. United
77,36.0,FOUL,Moreno fouls De Gea.,Moreno,PSV,De Gea,Man. United
78,36.0,CORNER,Guardado takes the corner.,Guardado,PSV,Rojo,Man. United
79,35.0,SHOT_WIDE,Moreno misses the target.,Moreno,PSV,Moreno,PSV
80,35.0,CORNER,Guardado takes the corner.,Guardado,PSV,Moreno,PSV
81,33.0,SAVE,De Gea makes a save.,De Gea,Man. United,,
82,33.0,SHOT_ON_GOAL,Hendrix has an effort on goal.,Hendrix,PSV,Hendrix,PSV
83,31.0,FREE_KICK,Smalling takes the free-kick.,Smalling,Man. United,Schneiderlin,Man. United
84,31.0,FOUL,Hendrix fouls Lingard.,Hendrix,PSV,Lingard,Man. United
85,31.0,SAVE,Zoet makes a save.,Zoet,PSV,,
86,31.0,SHOT_ON_GOAL,Schneiderlin has an effort on goal.,Schneiderlin,Man. United,Schneiderlin,Man. United
87,31.0,CORNER,Blind takes the corner.,Blind,Man. United,Schneiderlin,Man. United
88,28.0,FREE_KICK,Martial takes the free-kick.,Martial,Man. United,Depay,Man. United
89,28.0,FOUL,Guardado fouls Martial.,Guardado,PSV,Martial,Man. United
90,25.0,SAVE,Moreno makes a save.,Moreno,PSV,,
91,25.0,SHOT_BLOCKED,Rooney has a shot blocked.,Rooney,Man. United,Rooney,Man. United
92,20.0,CORNER,Depay takes the corner.,Depay,Man. United,Locadia,PSV
93,18.0,SUBSTITUTION,Pereiro (on) - Narsingh (off),Narsingh,PSV,Pereiro,PSV
94,15.0,SAVE,Zoet makes a save.,Zoet,PSV,,
95,15.0,SHOT_ON_GOAL,Depay has an effort on goal.,Depay,Man. United,Depay,Man. United
96,15.0,CORNER,Blind takes the corner.,Blind,Man. United,Bruma,PSV
97,13.0,FREE_KICK,Moreno takes the free-kick.,Moreno,PSV,Narsingh,PSV
98,13.0,FOUL,Schneiderlin fouls Hendrix.,Schneiderlin,Man. United,Hendrix,PSV
99,8.0,FREE_KICK,Guardado takes the free-kick.,Guardado,PSV,Narsingh,PSV
100,8.0,FOUL,Darmian fouls Locadia.,Darmian,Man. United,Locadia,PSV
101,6.0,FREE_KICK,Schneiderlin takes the free-kick.,Schneiderlin,Man. United,Smalling,Man. United
102,6.0,FOUL,Guardado fouls Rooney.,Guardado,PSV,Rooney,Man. United
103,6.0,SAVE,Zoet makes a save.,Zoet,PSV,,
104,6.0,SHOT_ON_GOAL,Schweinsteiger has an effort on goal.,Schweinsteiger,Man. United,Schweinsteiger,Man. United
105,5.0,FREE_KICK,Schweinsteiger takes the free-kick.,Schweinsteiger,Man. United,Blind,Man. United
106,5.0,FOUL,Hendrix fouls Schneiderlin.,Hendrix,PSV,Schneiderlin,Man. United
107,5.0,FREE_KICK,Moreno takes the free-kick.,Moreno,PSV,Guardado,PSV
108,4.0,FOUL,Martial fouls Hendrix.,Martial,Man. United,Hendrix,PSV
109,3.0,CORNER,Blind takes the corner.,Blind,Man. United,Brenet,PSV
110,1.0,START_PHASE,The match is under way.,,,,
