,minute,eventType,autoText,primaryPlayer,primaryTeam,secondaryPlayer,secondaryTeam
0,,END_PHASE,The final whistle is blown.,,,,
1,90.0,SUBSTITUTION,Prosenik (on) - Berić (off),Berić,Rapid Wien,Prosenik,Rapid Wien
2,90.0,FOUL,Alar fouls Schöne.,Alar,Rapid Wien,Schöne,Ajax
3,90.0,OFFSIDE,Berić is flagged for offside.,Berić,Rapid Wien,,
4,89.0,FOUL,Sanogo fouls Alar.,Sanogo,Ajax,Alar,Rapid Wien
5,88.0,CORNER,Schöne takes the corner.,Schöne,Ajax,,
6,88.0,SUBSTITUTION,Alar (on) - Schaub (off),Schaub,Rapid Wien,Alar,Rapid Wien
7,87.0,SUBSTITUTION,Schöne (on) - Sinkgraven (off),Sinkgraven,Ajax,Schöne,Ajax
8,87.0,FOUL,Schaub fouls El Ghazi.,Schaub,Rapid Wien,El Ghazi,Ajax
9,84.0,OFFSIDE,Schobesberger is flagged for offside.,Schobesberger,Rapid Wien,,
10,84.0,SAVE,Novota makes a save.,Novota,Rapid Wien,,
11,83.0,SHOT_ON_GOAL,El Ghazi has an effort on goal.,El Ghazi,Ajax,,
12,82.0,YELLOW_CARD,Tete is cautioned by the referee.,Tete,Ajax,,
13,82.0,FOUL,Tete fouls Schobesberger.,Tete,Ajax,Schobesberger,Rapid Wien
14,80.0,FOUL,El Ghazi fouls Stangl.,El Ghazi,Ajax,Stangl,Rapid Wien
15,79.0,FOUL,Tete fouls Berić.,Tete,Ajax,Berić,Rapid Wien
16,77.0,GOAL,Schaub scores!,Schaub,Rapid Wien,Cillessen,Rapid Wien
17,76.0,ASSIST,Good assist from Milik.,Milik,Ajax,,
18,75.0,GOAL,Gudelj scores!,Gudelj,Ajax,Novota,Ajax
19,71.0,YELLOW_CARD,Novota is cautioned by the referee.,Novota,Rapid Wien,,
20,71.0,SUBSTITUTION,Sanogo (on) - Veltman (off),Veltman,Ajax,Sanogo,Ajax
21,70.0,SHOT_WIDE,Bazoer misses the target.,Bazoer,Ajax,,
22,67.0,FOUL,El Ghazi fouls Novota.,El Ghazi,Ajax,Novota,Rapid Wien
23,65.0,SHOT_WIDE,Gudelj misses the target.,Gudelj,Ajax,,
24,63.0,FOUL,Schaub fouls Bazoer.,Schaub,Rapid Wien,Bazoer,Ajax
25,61.0,FOUL,El Ghazi fouls Stangl.,El Ghazi,Ajax,Stangl,Rapid Wien
26,61.0,SAVE,Novota makes a save.,Novota,Rapid Wien,,
27,61.0,SHOT_ON_GOAL,El Ghazi has an effort on goal.,El Ghazi,Ajax,,
28,61.0,FOUL,Auer fouls Sinkgraven.,Auer,Rapid Wien,Sinkgraven,Ajax
29,59.0,SUBSTITUTION,Gudelj (on) - Fischer (off),Fischer,Ajax,Gudelj,Ajax
30,58.0,SUBSTITUTION,Schobesberger (on) - S. Hofmann (off),S. Hofmann,Rapid Wien,Schobesberger,Rapid Wien
31,57.0,FOUL,Schaub fouls Sinkgraven.,Schaub,Rapid Wien,Sinkgraven,Ajax
32,55.0,FOUL,Klaassen fouls Petsos.,Klaassen,Ajax,Petsos,Rapid Wien
33,54.0,YELLOW_CARD,Auer is cautioned by the referee.,Auer,Rapid Wien,,
34,54.0,FOUL,Auer fouls Fischer.,Auer,Rapid Wien,Fischer,Ajax
35,53.0,ASSIST,Good assist from Dijks.,Dijks,Ajax,,
36,52.0,GOAL,Milik scores!,Milik,Ajax,Novota,Ajax
37,47.0,SHOT_WIDE,Milik misses the target.,Milik,Ajax,,
38,46.0,FOUL,Milik fouls Dibon.,Milik,Ajax,Dibon,Rapid Wien
39,46.0,START_PHASE,The second half begins.,,,,
40,,END_PHASE,The referee blows for half-time.,,,,
41,45.0,SHOT_WIDE,Fischer misses the target.,Fischer,Ajax,,
42,43.0,OFFSIDE,Dijks is flagged for offside.,Dijks,Ajax,,
43,41.0,CORNER,Sinkgraven takes the corner.,Sinkgraven,Ajax,,
44,40.0,ASSIST,Good assist from S. Hofmann.,S. Hofmann,Rapid Wien,,
45,39.0,GOAL,Schaub scores!,Schaub,Rapid Wien,Cillessen,Rapid Wien
46,29.0,FOUL,Dijks fouls Petsos.,Dijks,Ajax,Petsos,Rapid Wien
47,22.0,SHOT_WIDE,Fischer misses the target.,Fischer,Ajax,,
48,22.0,FOUL,Berić fouls Veltman.,Berić,Rapid Wien,Veltman,Ajax
49,19.0,FOUL,Stangl fouls El Ghazi.,Stangl,Rapid Wien,El Ghazi,Ajax
50,16.0,FOUL,Milik fouls Novota.,Milik,Ajax,Novota,Rapid Wien
51,14.0,FOUL,El Ghazi fouls Stangl.,El Ghazi,Ajax,Stangl,Rapid Wien
52,13.0,ASSIST,Good assist from Stangl.,Stangl,Rapid Wien,,
53,12.0,GOAL,Berić scores!,Berić,Rapid Wien,Cillessen,Rapid Wien
54,12.0,FOUL,Klaassen fouls Stangl.,Klaassen,Ajax,Stangl,Rapid Wien
55,12.0,SHOT_BLOCKED,S. Hofmann has a shot blocked.,S. Hofmann,Rapid Wien,,
56,11.0,CORNER,S. Hofmann takes the corner.,S. Hofmann,Rapid Wien,,
57,9.0,SHOT_BLOCKED,El Ghazi has a shot blocked.,El Ghazi,Ajax,,
58,7.0,FOUL,Dijks fouls Schaub.,Dijks,Ajax,Schaub,Rapid Wien
59,5.0,CORNER,Sinkgraven takes the corner.,Sinkgraven,Ajax,,
60,1.0,START_PHASE,The match is under way.,,,,
