,minute,eventType,autoText,primaryPlayer,primaryTeam,secondaryPlayer,secondaryTeam
0,,END_PHASE,The final whistle is blown.,,,,
1,90.0,SHOT_WIDE,Guardado misses the target.,Guardado,PSV,Guardado,PSV
2,90.0,YELLOW_CARD,Benaglio is cautioned by the referee.,Benaglio,Wolfsburg,Benaglio,Wolfsburg
3,90.0,FOUL,Naldo fouls Pröpper.,Naldo,Wolfsburg,Pröpper,PSV
4,90.0,CORNER,Guardado takes the corner.,Guardado,PSV,Naldo,Wolfsburg
5,90.0,PENALTY,Locadia misses from the penalty spot.,Locadia,PSV,,PSV
6,90.0,SAVE,Benaglio makes a save.,Benaglio,Wolfsburg,,
7,90.0,FOUL,Benaglio fouls Locadia.,Benaglio,Wolfsburg,Locadia,PSV
8,89.0,CORNER,Narsingh takes the corner.,Narsingh,PSV,Luiz Gustavo,Wolfsburg
9,87.0,FREE_KICK,Naldo takes the free-kick.,Naldo,Wolfsburg,Moreno,PSV
10,86.0,FOUL,Brenet fouls Schürrle.,Brenet,PSV,Schürrle,Wolfsburg
11,85.0,SUBSTITUTION,Arnold (on) - Guilavogui (off),Guilavogui,Wolfsburg,Arnold,Wolfsburg
12,84.0,SHOT_WIDE,Kruse misses the target.,Kruse,Wolfsburg,Kruse,Wolfsburg
13,83.0,FREE_KICK,Guardado takes the free-kick.,Guardado,PSV,Bruma,PSV
14,83.0,FOUL,Dante fouls Pereiro.,Dante,Wolfsburg,Pereiro,PSV
15,82.0,FREE_KICK,Guardado takes the free-kick.,Guardado,PSV,Moreno,PSV
16,82.0,FOUL,Luiz Gustavo fouls Guardado.,Luiz Gustavo,Wolfsburg,Guardado,PSV
17,81.0,SUBSTITUTION,Pereiro (on) - L. de Jong (off),L. de Jong,PSV,Pereiro,PSV
18,80.0,FREE_KICK,Benaglio takes the free-kick.,Benaglio,Wolfsburg,Bruma,PSV
19,80.0,SUBSTITUTION,Schürrle (on) - Draxler (off),Draxler,Wolfsburg,Schürrle,Wolfsburg
20,79.0,FOUL,L. de Jong handles the ball.,L. de Jong,PSV,,
21,77.0,SAVE,Benaglio makes a save.,Benaglio,Wolfsburg,,
22,77.0,SHOT_ON_GOAL,L. de Jong has an effort on goal.,L. de Jong,PSV,L. de Jong,PSV
23,74.0,SUBSTITUTION,De Wijs (on) - S. Poulsen (off),S. Poulsen,PSV,De Wijs,PSV
24,73.0,SUBSTITUTION,Locadia (on) - Hendrix (off),Hendrix,PSV,Locadia,PSV
25,73.0,SUBSTITUTION,Vieirinha (on) - Caligiuri (off),Caligiuri,Wolfsburg,Vieirinha,Wolfsburg
26,71.0,CORNER,Caligiuri takes the corner.,Caligiuri,Wolfsburg,Draxler,Wolfsburg
27,66.0,SHOT_WIDE,Guardado misses the target.,Guardado,PSV,Guardado,PSV
28,62.0,FREE_KICK,Benaglio takes the free-kick.,Benaglio,Wolfsburg,Dante,Wolfsburg
29,62.0,OFFSIDE,Narsingh is flagged for offside.,Narsingh,PSV,Narsingh,PSV
30,60.0,SHOT_WIDE,Caligiuri misses the target.,Caligiuri,Wolfsburg,Caligiuri,Wolfsburg
31,59.0,ASSIST,Good assist from Caligiuri.,Caligiuri,Wolfsburg,Caligiuri,Wolfsburg
32,57.0,ASSIST,Good assist from Caligiuri.,Caligiuri,Wolfsburg,Caligiuri,Wolfsburg
33,57.0,GOAL,Kruse scores!,Kruse,Wolfsburg,Zoet,Wolfsburg
34,57.0,SAVE,Zoet makes a save.,Zoet,PSV,,
35,57.0,SHOT_ON_GOAL,Draxler has an effort on goal.,Draxler,Wolfsburg,Draxler,Wolfsburg
36,55.0,SAVE,Dante makes a save.,Dante,Wolfsburg,,
37,55.0,SHOT_BLOCKED,Pröpper has a shot blocked.,Pröpper,PSV,Pröpper,PSV
38,51.0,SHOT_WIDE,Dost misses the target.,Dost,Wolfsburg,Dost,Wolfsburg
39,49.0,FREE_KICK,Benaglio takes the free-kick.,Benaglio,Wolfsburg,S. Poulsen,PSV
40,48.0,FOUL,Guardado fouls Träsch.,Guardado,PSV,Träsch,Wolfsburg
41,46.0,GOAL,Dost scores!,Dost,Wolfsburg,Zoet,Wolfsburg
42,46.0,SAVE,Zoet makes a save.,Zoet,PSV,,
43,46.0,SHOT_ON_GOAL,Guilavogui has an effort on goal.,Guilavogui,Wolfsburg,Guilavogui,Wolfsburg
44,46.0,START_PHASE,The second half begins.,,,,
45,,END_PHASE,The referee blows for half-time.,,,,
46,45.0,SHOT_WIDE,Hendrix misses the target.,Hendrix,PSV,Hendrix,PSV
47,45.0,CORNER,Guardado takes the corner.,Guardado,PSV,Dante,Wolfsburg
48,44.0,FREE_KICK,Guardado takes the free-kick.,Guardado,PSV,Caligiuri,Wolfsburg
49,43.0,YELLOW_CARD,Naldo is cautioned by the referee.,Naldo,Wolfsburg,Naldo,Wolfsburg
50,43.0,FOUL,Naldo fouls Pröpper.,Naldo,Wolfsburg,Pröpper,PSV
51,42.0,SHOT_WIDE,Maher misses the target.,Maher,PSV,Maher,PSV
52,41.0,FOUL,Rodríguez fouls Narsingh.,Rodríguez,Wolfsburg,Narsingh,PSV
53,39.0,SHOT_WIDE,Dost misses the target.,Dost,Wolfsburg,Dost,Wolfsburg
54,38.0,SAVE,Zoet makes a save.,Zoet,PSV,,
55,38.0,SHOT_ON_GOAL,Kruse has an effort on goal.,Kruse,Wolfsburg,Kruse,Wolfsburg
56,37.0,FREE_KICK,Naldo takes the free-kick.,Naldo,Wolfsburg,Dante,Wolfsburg
57,37.0,OFFSIDE,Maher is flagged for offside.,Maher,PSV,Maher,PSV
58,34.0,SHOT_WIDE,Luiz Gustavo misses the target.,Luiz Gustavo,Wolfsburg,Luiz Gustavo,Wolfsburg
59,33.0,FREE_KICK,Hendrix takes the free-kick.,Hendrix,PSV,Moreno,PSV
60,33.0,FOUL,Dost fouls Pröpper.,Dost,Wolfsburg,Pröpper,PSV
61,32.0,SAVE,Moreno makes a save.,Moreno,PSV,,
62,32.0,SHOT_BLOCKED,Naldo has a shot blocked.,Naldo,Wolfsburg,Naldo,Wolfsburg
63,31.0,SAVE,Zoet makes a save.,Zoet,PSV,,
64,31.0,SHOT_ON_GOAL,Dost has an effort on goal.,Dost,Wolfsburg,Dost,Wolfsburg
65,29.0,CORNER,Narsingh takes the corner.,Narsingh,PSV,Kruse,Wolfsburg
66,28.0,SAVE,Guilavogui makes a save.,Guilavogui,Wolfsburg,,
67,28.0,SHOT_BLOCKED,Hendrix has a shot blocked.,Hendrix,PSV,Hendrix,PSV
68,23.0,SHOT_WIDE,Kruse misses the target.,Kruse,Wolfsburg,Kruse,Wolfsburg
69,22.0,FREE_KICK,Draxler takes the free-kick.,Draxler,Wolfsburg,Rodríguez,Wolfsburg
70,22.0,FOUL,Bruma fouls Dost.,Bruma,PSV,Dost,Wolfsburg
71,22.0,FREE_KICK,Moreno takes the free-kick.,Moreno,PSV,Narsingh,PSV
72,21.0,OFFSIDE,Caligiuri is flagged for offside.,Caligiuri,Wolfsburg,Caligiuri,Wolfsburg
73,20.0,SHOT_WIDE,Maher misses the target.,Maher,PSV,Maher,PSV
74,20.0,FREE_KICK,Zoet takes the free-kick.,Zoet,PSV,Naldo,Wolfsburg
75,20.0,FOUL,Draxler fouls Bruma.,Draxler,Wolfsburg,Bruma,PSV
76,13.0,CORNER,Narsingh takes the corner.,Narsingh,PSV,Hendrix,PSV
77,9.0,FREE_KICK,Benaglio takes the free-kick.,Benaglio,Wolfsburg,Dante,Wolfsburg
78,9.0,OFFSIDE,Bruma is flagged for offside.,Bruma,PSV,Bruma,PSV
79,8.0,FOUL,Guilavogui fouls Maher.,Guilavogui,Wolfsburg,Maher,PSV
80,6.0,SAVE,Zoet makes a save.,Zoet,PSV,,
81,6.0,SHOT_ON_GOAL,Draxler has an effort on goal.,Draxler,Wolfsburg,Draxler,Wolfsburg
82,6.0,SAVE,Zoet makes a save.,Zoet,PSV,,
83,6.0,SHOT_ON_GOAL,Caligiuri has an effort on goal.,Caligiuri,Wolfsburg,Caligiuri,Wolfsburg
84,6.0,CORNER,Draxler takes the corner.,Draxler,Wolfsburg,Kruse,Wolfsburg
85,1.0,SHOT_WIDE,Naldo misses the target.,Naldo,Wolfsburg,Naldo,Wolfsburg
86,1.0,CORNER,Draxler takes the corner.,Draxler,Wolfsburg,Naldo,Wolfsburg
87,1.0,START_PHASE,The match is under way.,,,,
