,minute,eventType,autoText,primaryPlayer,primaryTeam,secondaryPlayer,secondaryTeam
0,,END_PHASE,The final whistle is blown.,,,,
1,90.0,ASSIST,Good assist from Depay.,Depay,Man. United,Depay,Man. United
2,90.0,GOAL,Fellaini scores!,Fellaini,Man. United,Bruzzese,Man. United
3,90.0,FREE_KICK,Blind takes the free-kick.,Blind,Man. United,Fellaini,Man. United
4,90.0,FOUL,Oularé fouls Schweinsteiger.,Oularé,Club Brugge,Schweinsteiger,Man. United
5,90.0,SAVE,Bruzzese makes a save.,Bruzzese,Club Brugge,,
6,90.0,SHOT_ON_GOAL,Smalling has an effort on goal.,Smalling,Man. United,Smalling,Man. United
7,90.0,FREE_KICK,Mata takes the free-kick.,Mata,Man. United,Blind,Man. United
8,90.0,FOUL,Bolingoli fouls Schneiderlin.,Bolingoli,Club Brugge,Schneiderlin,Man. United
9,90.0,FREE_KICK,Schweinsteiger takes the free-kick.,Schweinsteiger,Man. United,Fellaini,Man. United
10,90.0,YELLOW_CARD,Vormer is cautioned by the referee.,Vormer,Club Brugge,Vormer,Club Brugge
11,90.0,FOUL,Vormer fouls Shaw.,Vormer,Club Brugge,Shaw,Man. United
12,90.0,FREE_KICK,Bolingoli takes the free-kick.,Bolingoli,Club Brugge,Bruzzese,Club Brugge
13,90.0,OFFSIDE,Darmian is flagged for offside.,Darmian,Man. United,Darmian,Man. United
14,89.0,CORNER,Mata takes the corner.,Mata,Man. United,Hernández,Man. United
15,88.0,SHOT_WIDE,Fellaini misses the target.,Fellaini,Man. United,Fellaini,Man. United
16,87.0,FREE_KICK,Bruzzese takes the free-kick.,Bruzzese,Club Brugge,Smalling,Man. United
17,86.0,FOUL,Fellaini handles the ball.,Fellaini,Man. United,,
18,84.0,SUBSTITUTION,Fellaini (on) - Rooney (off),Rooney,Man. United,Fellaini,Man. United
19,82.0,FREE_KICK,Romero takes the free-kick.,Romero,Man. United,Shaw,Man. United
20,82.0,OFFSIDE,Claudemir is flagged for offside.,Claudemir,Club Brugge,Claudemir,Club Brugge
21,82.0,YELLOW_CARD,Smalling is cautioned by the referee.,Smalling,Man. United,,Man. United
22,81.0,FOUL,Smalling fouls Oularé.,Smalling,Man. United,Oularé,Club Brugge
23,81.0,SHOT_WIDE,Rooney misses the target.,Rooney,Man. United,Rooney,Man. United
24,81.0,FREE_KICK,Depay takes the free-kick.,Depay,Man. United,Rooney,Man. United
25,80.0,RED_YELLOW_CARD,Mechele is shown a second yellow card and is dismissed.,Mechele,Club Brugge,Mechele,Club Brugge
26,79.0,FOUL,Mechele fouls Hernández.,Mechele,Club Brugge,Hernández,Man. United
27,79.0,FREE_KICK,Bruzzese takes the free-kick.,Bruzzese,Club Brugge,Duarte,Club Brugge
28,78.0,FOUL,Schweinsteiger fouls Mechele.,Schweinsteiger,Man. United,Mechele,Club Brugge
29,78.0,CORNER,Depay takes the corner.,Depay,Man. United,Mechele,Club Brugge
30,78.0,SUBSTITUTION,Vanaken (on) - Vázquez (off),Vázquez,Club Brugge,Vanaken,Club Brugge
31,77.0,CORNER,Mata takes the corner.,Mata,Man. United,Depay,Man. United
32,77.0,CORNER,Depay takes the corner.,Depay,Man. United,Cools,Club Brugge
33,76.0,SAVE,Duarte makes a save.,Duarte,Club Brugge,,
34,76.0,SHOT_BLOCKED,Schweinsteiger has a shot blocked.,Schweinsteiger,Man. United,Schweinsteiger,Man. United
35,74.0,SHOT_WIDE,Depay misses the target.,Depay,Man. United,Depay,Man. United
36,73.0,YELLOW_CARD,Mechele is cautioned by the referee.,Mechele,Club Brugge,Mechele,Club Brugge
37,72.0,FOUL,Mechele fouls Rooney.,Mechele,Club Brugge,Rooney,Man. United
38,72.0,SUBSTITUTION,Hernández (on) - Januzaj (off),Januzaj,Man. United,Hernández,Man. United
39,71.0,SAVE,Mechele makes a save.,Mechele,Club Brugge,,
40,71.0,SHOT_BLOCKED,Darmian has a shot blocked.,Darmian,Man. United,Darmian,Man. United
41,70.0,FREE_KICK,Schneiderlin takes the free-kick.,Schneiderlin,Man. United,Mata,Man. United
42,70.0,FOUL,Duarte fouls Januzaj.,Duarte,Club Brugge,Januzaj,Man. United
43,68.0,FREE_KICK,Dierckx takes the free-kick.,Dierckx,Club Brugge,Romero,Man. United
44,68.0,FOUL,Shaw fouls Vormer.,Shaw,Man. United,Vormer,Club Brugge
45,67.0,CORNER,Mata takes the corner.,Mata,Man. United,Depay,Man. United
46,66.0,FREE_KICK,Vázquez takes the free-kick.,Vázquez,Club Brugge,Vormer,Club Brugge
47,65.0,FOUL,Shaw fouls Dierckx.,Shaw,Man. United,Dierckx,Club Brugge
48,64.0,SHOT_WIDE,Depay misses the target.,Depay,Man. United,Depay,Man. United
49,63.0,CORNER,Depay takes the corner.,Depay,Man. United,Oularé,Club Brugge
50,62.0,FREE_KICK,Romero takes the free-kick.,Romero,Man. United,Smalling,Man. United
51,60.0,FOUL,Oularé fouls Romero.,Oularé,Club Brugge,Romero,Man. United
52,59.0,FREE_KICK,Duarte takes the free-kick.,Duarte,Club Brugge,Oularé,Club Brugge
53,59.0,FOUL,Smalling fouls Oularé.,Smalling,Man. United,Oularé,Club Brugge
54,58.0,SHOT_WIDE,Rooney misses the target.,Rooney,Man. United,Rooney,Man. United
55,56.0,SUBSTITUTION,Oularé (on) - Diaby (off),Diaby,Club Brugge,Oularé,Club Brugge
56,52.0,CORNER,Mata takes the corner.,Mata,Man. United,Depay,Man. United
57,52.0,SAVE,Bruzzese makes a save.,Bruzzese,Club Brugge,,
58,52.0,SHOT_ON_GOAL,Depay has an effort on goal.,Depay,Man. United,Depay,Man. United
59,51.0,FREE_KICK,Claudemir takes the free-kick.,Claudemir,Club Brugge,Duarte,Club Brugge
60,50.0,YELLOW_CARD,Darmian is cautioned by the referee.,Darmian,Man. United,Darmian,Man. United
61,50.0,FOUL,Darmian fouls Bolingoli.,Darmian,Man. United,Bolingoli,Club Brugge
62,50.0,FREE_KICK,Smalling takes the free-kick.,Smalling,Man. United,Schneiderlin,Man. United
63,50.0,OFFSIDE,Diaby is flagged for offside.,Diaby,Club Brugge,Diaby,Club Brugge
64,47.0,SHOT_WIDE,Depay misses the target.,Depay,Man. United,Depay,Man. United
65,46.0,SAVE,Bruzzese makes a save.,Bruzzese,Club Brugge,,
66,46.0,SHOT_ON_GOAL,Mata has an effort on goal.,Mata,Man. United,Mata,Man. United
67,46.0,SUBSTITUTION,Schweinsteiger (on) - Carrick (off),Carrick,Man. United,Schweinsteiger,Man. United
68,46.0,START_PHASE,The second half begins.,,,,
69,,END_PHASE,The referee blows for half-time.,,,,
70,44.0,FREE_KICK,Smalling takes the free-kick.,Smalling,Man. United,Carrick,Man. United
71,44.0,FOUL,De Bock fouls Januzaj.,De Bock,Club Brugge,Januzaj,Man. United
72,43.0,ASSIST,Good assist from Blind.,Blind,Man. United,Blind,Man. United
73,43.0,GOAL,Depay scores!,Depay,Man. United,Bruzzese,Man. United
74,40.0,SUBSTITUTION,Claudemir (on) - Simons (off),Simons,Club Brugge,Claudemir,Club Brugge
75,38.0,SAVE,Bruzzese makes a save.,Bruzzese,Club Brugge,,
76,38.0,SHOT_ON_GOAL,Depay has an effort on goal.,Depay,Man. United,Depay,Man. United
77,30.0,FREE_KICK,Cools takes the free-kick.,Cools,Club Brugge,Darmian,Man. United
78,30.0,FOUL,Januzaj fouls Dierckx.,Januzaj,Man. United,Dierckx,Club Brugge
79,29.0,FREE_KICK,Darmian takes the free-kick.,Darmian,Man. United,Schneiderlin,Man. United
80,29.0,FOUL,Bolingoli handles the ball.,Bolingoli,Club Brugge,,
81,29.0,FREE_KICK,Bruzzese takes the free-kick.,Bruzzese,Club Brugge,Cools,Club Brugge
82,28.0,FOUL,Januzaj fouls Bruzzese.,Januzaj,Man. United,Bruzzese,Club Brugge
83,27.0,FREE_KICK,Smalling takes the free-kick.,Smalling,Man. United,Schneiderlin,Man. United
84,27.0,FOUL,Mechele fouls Rooney.,Mechele,Club Brugge,Rooney,Man. United
85,26.0,SHOT_WIDE,Rooney misses the target.,Rooney,Man. United,Rooney,Man. United
86,26.0,CORNER,Depay takes the corner.,Depay,Man. United,Rooney,Man. United
87,26.0,SAVE,Vázquez makes a save.,Vázquez,Club Brugge,,
88,26.0,SHOT_BLOCKED,Rooney has a shot blocked.,Rooney,Man. United,Rooney,Man. United
89,26.0,CORNER,Depay takes the corner.,Depay,Man. United,Mata,Man. United
90,25.0,SAVE,Vormer makes a save.,Vormer,Club Brugge,,
91,25.0,SHOT_BLOCKED,Depay has a shot blocked.,Depay,Man. United,Depay,Man. United
92,25.0,FREE_KICK,Mata takes the free-kick.,Mata,Man. United,Blind,Man. United
93,25.0,YELLOW_CARD,Bolingoli is cautioned by the referee.,Bolingoli,Club Brugge,Bolingoli,Club Brugge
94,24.0,FOUL,Bolingoli fouls Januzaj.,Bolingoli,Club Brugge,Januzaj,Man. United
95,24.0,SAVE,Romero makes a save.,Romero,Man. United,,
96,24.0,SHOT_ON_GOAL,Cools has an effort on goal.,Cools,Club Brugge,Cools,Club Brugge
97,24.0,CORNER,Vázquez takes the corner.,Vázquez,Club Brugge,Cools,Club Brugge
98,18.0,CORNER,Depay takes the corner.,Depay,Man. United,Cools,Club Brugge
99,13.0,GOAL,Depay scores!,Depay,Man. United,Bruzzese,Man. United
100,12.0,FREE_KICK,Cools takes the free-kick.,Cools,Club Brugge,Duarte,Club Brugge
101,11.0,FOUL,Carrick fouls Dierckx.,Carrick,Man. United,Dierckx,Club Brugge
102,8.0,ASSIST,Good assist from Vázquez.,Vázquez,Club Brugge,Vázquez,Club Brugge
103,8.0,GOAL,Carrick scores an own goal.,Carrick,Man. United,Romero,Club Brugge
104,8.0,FREE_KICK,Vázquez takes the free-kick.,Vázquez,Club Brugge,Carrick,Man. United
105,8.0,FOUL,Mata fouls Vormer.,Mata,Man. United,Vormer,Club Brugge
106,6.0,FREE_KICK,Duarte takes the free-kick.,Duarte,Club Brugge,Bolingoli,Club Brugge
107,6.0,FOUL,Depay handles the ball.,Depay,Man. United,,
108,3.0,SAVE,Bruzzese makes a save.,Bruzzese,Club Brugge,,
109,3.0,SHOT_ON_GOAL,Depay has an effort on goal.,Depay,Man. United,Depay,Man. United
110,1.0,START_PHASE,The match is under way.,,,,
