,minute,eventType,autoText,primaryPlayer,primaryTeam,secondaryPlayer,secondaryTeam
0,,END_PHASE,The final whistle is blown.,,,,
1,90.0,SHOT_WIDE,Castelletto misses the target.,Castelletto,Club Brugge,Castelletto,Club Brugge
2,90.0,SHOT_WIDE,Hernández misses the target.,Hernández,Man. United,Hernández,Man. United
3,89.0,FREE_KICK,Carrick takes the free-kick.,Carrick,Man. United,Hernández,Man. United
4,89.0,FOUL,De Fauw fouls Hernández.,De Fauw,Club Brugge,Hernández,Man. United
5,81.0,PENALTY,Hernández misses from the penalty spot.,Hernández,Man. United,,Man. United
6,81.0,FOUL,Duarte handles the ball.,Duarte,Club Brugge,,
7,78.0,SHOT_WIDE,Hernández misses the target.,Hernández,Man. United,Hernández,Man. United
8,78.0,SAVE,De Sutter makes a save.,De Sutter,Club Brugge,,
9,78.0,SHOT_BLOCKED,Depay has a shot blocked.,Depay,Man. United,Depay,Man. United
10,77.0,SUBSTITUTION,Cools (on) - Bolingoli (off),Bolingoli,Club Brugge,Cools,Club Brugge
11,77.0,YELLOW_CARD,Vormer is cautioned by the referee.,Vormer,Club Brugge,Vormer,Club Brugge
12,76.0,FOUL,Vormer fouls Depay.,Vormer,Club Brugge,Depay,Man. United
13,74.0,SHOT_WIDE,Vormer misses the target.,Vormer,Club Brugge,Vormer,Club Brugge
14,74.0,CORNER,Vanaken takes the corner.,Vanaken,Club Brugge,Castelletto,Club Brugge
15,66.0,SHOT_WIDE,Dierckx misses the target.,Dierckx,Club Brugge,Dierckx,Club Brugge
16,66.0,SHOT_WIDE,Vanaken misses the target.,Vanaken,Club Brugge,Vanaken,Club Brugge
17,64.0,SUBSTITUTION,Hernández (on) - Herrera (off),Herrera,Man. United,Hernández,Man. United
18,63.0,ASSIST,Good assist from Schweinsteiger.,Schweinsteiger,Man. United,Schweinsteiger,Man. United
19,63.0,GOAL,Herrera scores!,Herrera,Man. United,Sinan Bolat,Man. United
20,63.0,SUBSTITUTION,Dierckx (on) - Diaby (off),Diaby,Club Brugge,Dierckx,Club Brugge
21,62.0,SUBSTITUTION,Young (on) - Mata (off),Mata,Man. United,Young,Man. United
22,62.0,SUBSTITUTION,Vanaken (on) - Vázquez (off),Vázquez,Club Brugge,Vanaken,Club Brugge
23,62.0,SHOT_WIDE,Mata misses the target.,Mata,Man. United,Mata,Man. United
24,59.0,CORNER,Depay takes the corner.,Depay,Man. United,Sinan Bolat,Club Brugge
25,58.0,SAVE,Sinan Bolat makes a save.,Sinan Bolat,Club Brugge,,
26,58.0,SHOT_ON_GOAL,Rooney has an effort on goal.,Rooney,Man. United,Rooney,Man. United
27,57.0,ASSIST,Good assist from Mata.,Mata,Man. United,Mata,Man. United
28,57.0,GOAL,Rooney scores!,Rooney,Man. United,Sinan Bolat,Man. United
29,55.0,FOUL,Claudemir fouls Depay.,Claudemir,Club Brugge,Depay,Man. United
30,54.0,FREE_KICK,Schweinsteiger takes the free-kick.,Schweinsteiger,Man. United,Herrera,Man. United
31,54.0,FOUL,Diaby fouls Schweinsteiger.,Diaby,Club Brugge,Schweinsteiger,Man. United
32,53.0,SAVE,Blind makes a save.,Blind,Man. United,,
33,53.0,SHOT_BLOCKED,Diaby has a shot blocked.,Diaby,Club Brugge,Diaby,Club Brugge
34,53.0,FREE_KICK,Vázquez takes the free-kick.,Vázquez,Club Brugge,Claudemir,Club Brugge
35,53.0,FOUL,Blind fouls Vázquez.,Blind,Man. United,Vázquez,Club Brugge
36,53.0,SAVE,Sinan Bolat makes a save.,Sinan Bolat,Club Brugge,,
37,53.0,SHOT_ON_GOAL,Herrera has an effort on goal.,Herrera,Man. United,Herrera,Man. United
38,51.0,FREE_KICK,Romero takes the free-kick.,Romero,Man. United,Rooney,Man. United
39,51.0,FOUL,Duarte fouls Shaw.,Duarte,Club Brugge,Shaw,Man. United
40,50.0,FOUL,Darmian fouls Bolingoli.,Darmian,Man. United,Bolingoli,Club Brugge
41,49.0,ASSIST,Good assist from Herrera.,Herrera,Man. United,Herrera,Man. United
42,49.0,GOAL,Rooney scores!,Rooney,Man. United,Sinan Bolat,Man. United
43,49.0,FREE_KICK,Vormer takes the free-kick.,Vormer,Club Brugge,Vázquez,Club Brugge
44,49.0,FOUL,Darmian fouls Bolingoli.,Darmian,Man. United,Bolingoli,Club Brugge
45,48.0,CORNER,Depay takes the corner.,Depay,Man. United,Mata,Man. United
46,46.0,SUBSTITUTION,Schweinsteiger (on) - Januzaj (off),Januzaj,Man. United,Schweinsteiger,Man. United
47,46.0,START_PHASE,The second half begins.,,,,
48,,END_PHASE,The referee blows for half-time.,,,,
49,45.0,FREE_KICK,Carrick takes the free-kick.,Carrick,Man. United,Smalling,Man. United
50,45.0,YELLOW_CARD,Claudemir is cautioned by the referee.,Claudemir,Club Brugge,Claudemir,Club Brugge
51,45.0,FOUL,Claudemir fouls Herrera.,Claudemir,Club Brugge,Herrera,Man. United
52,43.0,SAVE,Carrick makes a save.,Carrick,Man. United,,
53,43.0,SHOT_BLOCKED,Bolingoli has a shot blocked.,Bolingoli,Club Brugge,Bolingoli,Club Brugge
54,42.0,SHOT_WIDE,De Fauw misses the target.,De Fauw,Club Brugge,De Fauw,Club Brugge
55,42.0,CORNER,Vázquez takes the corner.,Vázquez,Club Brugge,De Fauw,Club Brugge
56,41.0,SAVE,Romero makes a save.,Romero,Man. United,,
57,41.0,SHOT_ON_GOAL,De Sutter has an effort on goal.,De Sutter,Club Brugge,De Sutter,Club Brugge
58,41.0,SHOT_WIDE,Rooney misses the target.,Rooney,Man. United,Rooney,Man. United
59,40.0,SAVE,Sinan Bolat makes a save.,Sinan Bolat,Club Brugge,,
60,40.0,SHOT_ON_GOAL,Depay has an effort on goal.,Depay,Man. United,Depay,Man. United
61,39.0,SAVE,De Sutter makes a save.,De Sutter,Club Brugge,,
62,39.0,SHOT_BLOCKED,Darmian has a shot blocked.,Darmian,Man. United,Darmian,Man. United
63,39.0,CORNER,Depay takes the corner.,Depay,Man. United,Mata,Man. United
64,38.0,SAVE,Bolingoli makes a save.,Bolingoli,Club Brugge,,
65,38.0,SHOT_BLOCKED,Darmian has a shot blocked.,Darmian,Man. United,Darmian,Man. United
66,36.0,SHOT_WIDE,Claudemir misses the target.,Claudemir,Club Brugge,Claudemir,Club Brugge
67,35.0,SHOT_WIDE,Herrera misses the target.,Herrera,Man. United,Herrera,Man. United
68,35.0,CORNER,Depay takes the corner.,Depay,Man. United,Herrera,Man. United
69,34.0,SAVE,Duarte makes a save.,Duarte,Club Brugge,,
70,34.0,SHOT_BLOCKED,Depay has a shot blocked.,Depay,Man. United,Depay,Man. United
71,30.0,FREE_KICK,Duarte takes the free-kick.,Duarte,Club Brugge,De Fauw,Club Brugge
72,30.0,FOUL,Herrera handles the ball.,Herrera,Man. United,,
73,30.0,SAVE,Duarte makes a save.,Duarte,Club Brugge,,
74,30.0,SHOT_BLOCKED,Herrera has a shot blocked.,Herrera,Man. United,Herrera,Man. United
75,30.0,FREE_KICK,Sinan Bolat takes the free-kick.,Sinan Bolat,Club Brugge,Duarte,Club Brugge
76,29.0,OFFSIDE,Depay is flagged for offside.,Depay,Man. United,Depay,Man. United
77,28.0,SHOT_WIDE,Herrera misses the target.,Herrera,Man. United,Herrera,Man. United
78,28.0,FREE_KICK,Blind takes the free-kick.,Blind,Man. United,Romero,Man. United
79,28.0,OFFSIDE,Castelletto is flagged for offside.,Castelletto,Club Brugge,Castelletto,Club Brugge
80,27.0,FREE_KICK,Romero takes the free-kick.,Romero,Man. United,,
81,26.0,FOUL,De Sutter fouls Smalling.,De Sutter,Club Brugge,Smalling,Man. United
82,25.0,FREE_KICK,Romero takes the free-kick.,Romero,Man. United,De Fauw,Club Brugge
83,24.0,FOUL,Castelletto fouls Depay.,Castelletto,Club Brugge,Depay,Man. United
84,24.0,SAVE,Darmian makes a save.,Darmian,Man. United,,
85,24.0,SHOT_BLOCKED,Bolingoli has a shot blocked.,Bolingoli,Club Brugge,Bolingoli,Club Brugge
86,20.0,ASSIST,Good assist from Depay.,Depay,Man. United,Depay,Man. United
87,20.0,GOAL,Rooney scores!,Rooney,Man. United,Sinan Bolat,Man. United
88,18.0,FREE_KICK,Claudemir takes the free-kick.,Claudemir,Club Brugge,De Fauw,Club Brugge
89,18.0,OFFSIDE,Rooney is flagged for offside.,Rooney,Man. United,Rooney,Man. United
90,13.0,YELLOW_CARD,Herrera is cautioned by the referee.,Herrera,Man. United,Herrera,Man. United
91,13.0,FOUL,Herrera fouls Vázquez.,Herrera,Man. United,Vázquez,Club Brugge
92,12.0,SHOT_WIDE,Rooney misses the target.,Rooney,Man. United,Rooney,Man. United
93,12.0,SAVE,Duarte makes a save.,Duarte,Club Brugge,,
94,12.0,SHOT_BLOCKED,Mata has a shot blocked.,Mata,Man. United,Mata,Man. United
95,9.0,FREE_KICK,Carrick takes the free-kick.,Carrick,Man. United,Herrera,Man. United
96,9.0,FOUL,Vormer fouls Mata.,Vormer,Club Brugge,Mata,Man. United
97,7.0,FREE_KICK,Claudemir takes the free-kick.,Claudemir,Club Brugge,De Fauw,Club Brugge
98,7.0,FOUL,Herrera fouls Bolingoli.,Herrera,Man. United,Bolingoli,Club Brugge
99,5.0,SAVE,Shaw makes a save.,Shaw,Man. United,,
100,5.0,SHOT_BLOCKED,De Sutter has a shot blocked.,De Sutter,Club Brugge,De Sutter,Club Brugge
101,5.0,FREE_KICK,De Fauw takes the free-kick.,De Fauw,Club Brugge,De Sutter,Club Brugge
102,5.0,FOUL,Herrera fouls Vormer.,Herrera,Man. United,Vormer,Club Brugge
103,2.0,FREE_KICK,Romero takes the free-kick.,Romero,Man. United,Smalling,Man. United
104,2.0,FOUL,Bolingoli handles the ball.,Bolingoli,Club Brugge,,
105,1.0,START_PHASE,The match is under way.,,,,
