,minute,eventType,autoText,primaryPlayer,primaryTeam,secondaryPlayer,secondaryTeam
0,,END_PHASE,The final whistle is blown.,,,,
1,90.0,SHOT_WIDE,Bony misses the target.,Bony,Man. City,Bony,Man. City
2,90.0,SAVE,Sommer makes a save.,Sommer,Mönchengladbach,,
3,90.0,SHOT_ON_GOAL,Sterling has an effort on goal.,Sterling,Man. City,Sterling,Man. City
4,90.0,SAVE,Man. City make a save.,,Man. City,,
5,90.0,SHOT_BLOCKED,Stindl has a shot blocked.,Stindl,Mönchengladbach,Stindl,Mönchengladbach
6,90.0,SAVE,Hart makes a save.,Hart,Man. City,,
7,90.0,SHOT_ON_GOAL,T. Hazard has an effort on goal.,T. Hazard,Mönchengladbach,T. Hazard,Mönchengladbach
8,88.0,SHOT_WIDE,Xhaka misses the target.,Xhaka,Mönchengladbach,Xhaka,Mönchengladbach
9,87.0,SHOT_WIDE,Touré misses the target.,Touré,Man. City,Touré,Man. City
10,85.0,GOAL,Bony scores!,Bony,Man. City,Sommer,Man. City
11,85.0,SAVE,Nordtveit makes a save.,Nordtveit,Mönchengladbach,,
12,85.0,SHOT_BLOCKED,Bony has a shot blocked.,Bony,Man. City,Bony,Man. City
13,84.0,FREE_KICK,Touré takes the free-kick.,Touré,Man. City,Kolarov,Man. City
14,84.0,SUBSTITUTION,T. Hazard (on) - Wendt (off),Wendt,Mönchengladbach,T. Hazard,Mönchengladbach
15,84.0,FOUL,Wendt fouls Bony.,Wendt,Mönchengladbach,Bony,Man. City
16,83.0,FREE_KICK,Hart takes the free-kick.,Hart,Man. City,Bony,Man. City
17,83.0,FOUL,Stindl fouls Sagna.,Stindl,Mönchengladbach,Sagna,Man. City
18,81.0,ASSIST,Good assist from Bony.,Bony,Man. City,Bony,Man. City
19,81.0,GOAL,Sterling scores!,Sterling,Man. City,Sommer,Man. City
20,81.0,SUBSTITUTION,Sagna (on) - Clichy (off),Clichy,Man. City,Sagna,Man. City
21,80.0,ASSIST,Good assist from Bony.,Bony,Man. City,Bony,Man. City
22,80.0,GOAL,Sterling scores!,Sterling,Man. City,Sommer,Man. City
23,76.0,SHOT_WIDE,Stindl misses the target.,Stindl,Mönchengladbach,Stindl,Mönchengladbach
24,76.0,SAVE,Otamendi makes a save.,Otamendi,Man. City,,
25,76.0,SHOT_BLOCKED,Stindl has a shot blocked.,Stindl,Mönchengladbach,Stindl,Mönchengladbach
26,75.0,SAVE,Hart makes a save.,Hart,Man. City,,
27,75.0,SHOT_ON_GOAL,Xhaka has an effort on goal.,Xhaka,Mönchengladbach,Xhaka,Mönchengladbach
28,74.0,FOUL,Otamendi fouls M. Schulz.,Otamendi,Man. City,M. Schulz,Mönchengladbach
29,73.0,FREE_KICK,Touré takes the free-kick.,Touré,Man. City,David Silva,Man. City
30,73.0,FOUL,Drmic fouls Otamendi.,Drmic,Mönchengladbach,Otamendi,Man. City
31,73.0,SHOT_WIDE,Otamendi misses the target.,Otamendi,Man. City,Otamendi,Man. City
32,72.0,SUBSTITUTION,Drmic (on) - Johnson (off),Johnson,Mönchengladbach,Drmic,Mönchengladbach
33,72.0,FOUL,Elvedi fouls Sterling.,Elvedi,Mönchengladbach,Sterling,Man. City
34,70.0,CORNER,Jesús Navas takes the corner.,Jesús Navas,Man. City,Johnson,Mönchengladbach
35,69.0,FREE_KICK,Touré takes the free-kick.,Touré,Man. City,Jesús Navas,Man. City
36,69.0,FOUL,Xhaka fouls Bony.,Xhaka,Mönchengladbach,Bony,Man. City
37,68.0,SAVE,Stindl makes a save.,Stindl,Mönchengladbach,,
38,68.0,SHOT_BLOCKED,David Silva has a shot blocked.,David Silva,Man. City,David Silva,Man. City
39,68.0,CORNER,Kolarov takes the corner.,Kolarov,Man. City,A. Christensen,Mönchengladbach
40,67.0,SAVE,Sommer makes a save.,Sommer,Mönchengladbach,,
41,67.0,SHOT_ON_GOAL,Sterling has an effort on goal.,Sterling,Man. City,Sterling,Man. City
42,67.0,SAVE,A. Christensen makes a save.,A. Christensen,Mönchengladbach,,
43,67.0,SHOT_BLOCKED,Touré has a shot blocked.,Touré,Man. City,Touré,Man. City
44,66.0,SUBSTITUTION,M. Schulz (on) - Dahoud (off),Dahoud,Mönchengladbach,M. Schulz,Mönchengladbach
45,65.0,SUBSTITUTION,Bony (on) - Delph (off),Delph,Man. City,Bony,Man. City
46,65.0,SUBSTITUTION,Jesús Navas (on) - De Bruyne (off),De Bruyne,Man. City,Jesús Navas,Man. City
47,65.0,SAVE,Wendt makes a save.,Wendt,Mönchengladbach,,
48,65.0,SHOT_BLOCKED,Clichy has a shot blocked.,Clichy,Man. City,Clichy,Man. City
49,63.0,SAVE,Sommer makes a save.,Sommer,Mönchengladbach,,
50,63.0,SHOT_ON_GOAL,Sterling has an effort on goal.,Sterling,Man. City,Sterling,Man. City
51,61.0,SAVE,Sommer makes a save.,Sommer,Mönchengladbach,,
52,61.0,SHOT_ON_GOAL,David Silva has an effort on goal.,David Silva,Man. City,David Silva,Man. City
53,59.0,SAVE,Sommer makes a save.,Sommer,Mönchengladbach,,
54,59.0,SHOT_ON_GOAL,Sterling has an effort on goal.,Sterling,Man. City,Sterling,Man. City
55,53.0,CORNER,David Silva takes the corner.,David Silva,Man. City,A. Christensen,Mönchengladbach
56,53.0,SAVE,Xhaka makes a save.,Xhaka,Mönchengladbach,,
57,53.0,SHOT_BLOCKED,Kolarov has a shot blocked.,Kolarov,Man. City,Kolarov,Man. City
58,49.0,FOUL,Sterling fouls Elvedi.,Sterling,Man. City,Elvedi,Mönchengladbach
59,47.0,FREE_KICK,Touré takes the free-kick.,Touré,Man. City,David Silva,Man. City
60,47.0,FOUL,Dahoud fouls David Silva.,Dahoud,Mönchengladbach,David Silva,Man. City
61,46.0,START_PHASE,The second half begins.,,,,
62,,END_PHASE,The referee blows for half-time.,,,,
63,45.0,FREE_KICK,Xhaka takes the free-kick.,Xhaka,Mönchengladbach,Raffael,Mönchengladbach
64,44.0,FOUL,Mangala fouls Korb.,Mangala,Man. City,Korb,Mönchengladbach
65,44.0,SAVE,Fernandinho makes a save.,Fernandinho,Man. City,,
66,44.0,SHOT_BLOCKED,Dahoud has a shot blocked.,Dahoud,Mönchengladbach,Dahoud,Mönchengladbach
67,43.0,ASSIST,Good assist from Johnson.,Johnson,Mönchengladbach,Johnson,Mönchengladbach
68,42.0,GOAL,Raffael scores!,Raffael,Mönchengladbach,Hart,Mönchengladbach
69,42.0,SAVE,Mangala makes a save.,Mangala,Man. City,,
70,42.0,SHOT_BLOCKED,Stindl has a shot blocked.,Stindl,Mönchengladbach,Stindl,Mönchengladbach
71,41.0,SHOT_WIDE,Mangala misses the target.,Mangala,Man. City,Mangala,Man. City
72,41.0,CORNER,David Silva takes the corner.,David Silva,Man. City,Mangala,Man. City
73,40.0,SHOT_WIDE,Delph misses the target.,Delph,Man. City,Delph,Man. City
74,35.0,FREE_KICK,Touré takes the free-kick.,Touré,Man. City,,
75,35.0,FOUL,Dahoud fouls Fernandinho.,Dahoud,Mönchengladbach,Fernandinho,Man. City
76,34.0,SHOT_WIDE,Touré misses the target.,Touré,Man. City,Touré,Man. City
77,32.0,FREE_KICK,Wendt takes the free-kick.,Wendt,Mönchengladbach,Nordtveit,Mönchengladbach
78,32.0,FOUL,Clichy handles the ball.,Clichy,Man. City,,
79,32.0,SHOT_WIDE,Sterling misses the target.,Sterling,Man. City,Sterling,Man. City
80,31.0,FREE_KICK,Dahoud takes the free-kick.,Dahoud,Mönchengladbach,Raffael,Mönchengladbach
81,31.0,FOUL,Fernandinho fouls Dahoud.,Fernandinho,Man. City,Dahoud,Mönchengladbach
82,28.0,FREE_KICK,Wendt takes the free-kick.,Wendt,Mönchengladbach,Nordtveit,Mönchengladbach
83,28.0,FOUL,Fernandinho fouls Raffael.,Fernandinho,Man. City,Raffael,Mönchengladbach
84,27.0,FREE_KICK,Raffael takes the free-kick.,Raffael,Mönchengladbach,Delph,Man. City
85,27.0,FOUL,Otamendi fouls Stindl.,Otamendi,Man. City,Stindl,Mönchengladbach
86,26.0,FREE_KICK,David Silva takes the free-kick.,David Silva,Man. City,Kolarov,Man. City
87,26.0,FOUL,Xhaka fouls Delph.,Xhaka,Mönchengladbach,Delph,Man. City
88,24.0,FREE_KICK,Otamendi takes the free-kick.,Otamendi,Man. City,Hart,Man. City
89,24.0,FOUL,Stindl fouls Sterling.,Stindl,Mönchengladbach,Sterling,Man. City
90,22.0,FREE_KICK,Touré takes the free-kick.,Touré,Man. City,Otamendi,Man. City
91,22.0,FOUL,Wendt fouls Sterling.,Wendt,Mönchengladbach,Sterling,Man. City
92,19.0,ASSIST,Good assist from Stindl.,Stindl,Mönchengladbach,Stindl,Mönchengladbach
93,19.0,GOAL,Korb scores!,Korb,Mönchengladbach,Hart,Mönchengladbach
94,16.0,ASSIST,Good assist from Sterling.,Sterling,Man. City,Sterling,Man. City
95,16.0,GOAL,David Silva scores!,David Silva,Man. City,Sommer,Man. City
96,15.0,CORNER,David Silva takes the corner.,David Silva,Man. City,Fernandinho,Man. City
97,15.0,CORNER,De Bruyne takes the corner.,De Bruyne,Man. City,Johnson,Mönchengladbach
98,14.0,CORNER,David Silva takes the corner.,David Silva,Man. City,Stindl,Mönchengladbach
99,12.0,FREE_KICK,Touré takes the free-kick.,Touré,Man. City,Clichy,Man. City
100,11.0,FOUL,Nordtveit fouls Sterling.,Nordtveit,Mönchengladbach,Sterling,Man. City
101,10.0,FREE_KICK,Xhaka takes the free-kick.,Xhaka,Mönchengladbach,Wendt,Mönchengladbach
102,10.0,OFFSIDE,De Bruyne is flagged for offside.,De Bruyne,Man. City,De Bruyne,Man. City
103,5.0,SHOT_WIDE,Korb misses the target.,Korb,Mönchengladbach,Korb,Mönchengladbach
104,4.0,FREE_KICK,Touré takes the free-kick.,Touré,Man. City,Clichy,Man. City
105,4.0,FOUL,Raffael fouls Touré.,Raffael,Mönchengladbach,Touré,Man. City
106,3.0,FREE_KICK,Xhaka takes the free-kick.,Xhaka,Mönchengladbach,Raffael,Mönchengladbach
107,3.0,FOUL,Fernandinho fouls Raffael.,Fernandinho,Man. City,Raffael,Mönchengladbach
108,2.0,SHOT_WIDE,Johnson misses the target.,Johnson,Mönchengladbach,Johnson,Mönchengladbach
109,2.0,FREE_KICK,Elvedi takes the free-kick.,Elvedi,Mönchengladbach,Dahoud,Mönchengladbach
110,1.0,OFFSIDE,Kolarov is flagged for offside.,Kolarov,Man. City,Kolarov,Man. City
111,1.0,START_PHASE,The match is under way.,,,,
