,minute,eventType,autoText,primaryPlayer,primaryTeam,secondaryPlayer,secondaryTeam
0,,END_PHASE,The final whistle is blown.,,,,
1,90.0,FREE_KICK,Čech takes the free-kick.,Čech,Arsenal,Gibbs,Arsenal
2,90.0,OFFSIDE,Douglas Costa is flagged for offside.,Douglas Costa,Bayern,Douglas Costa,Bayern
3,89.0,ASSIST,Good assist from Douglas Costa.,Douglas Costa,Bayern,Douglas Costa,Bayern
4,89.0,GOAL,Müller scores!,Müller,Bayern,Čech,Bayern
5,88.0,FREE_KICK,Gabriel takes the free-kick.,Gabriel,Arsenal,Chambers,Arsenal
6,88.0,FOUL,Benatia fouls Özil.,Benatia,Bayern,Özil,Arsenal
7,87.0,SUBSTITUTION,Chambers (on) - Santi Cazorla (off),Santi Cazorla,Arsenal,Chambers,Arsenal
8,85.0,FREE_KICK,Javi Martínez takes the free-kick.,Javi Martínez,Bayern,Benatia,Bayern
9,85.0,OFFSIDE,Özil is flagged for offside.,Özil,Arsenal,Özil,Arsenal
10,85.0,SUBSTITUTION,Iwobi (on) - Giroud (off),Giroud,Arsenal,Iwobi,Arsenal
11,84.0,FOUL,Xabi Alonso fouls Alexis Sánchez.,Xabi Alonso,Bayern,Alexis Sánchez,Arsenal
12,84.0,CORNER,Douglas Costa takes the corner.,Douglas Costa,Bayern,Robben,Bayern
13,81.0,SAVE,Mertesacker makes a save.,Mertesacker,Arsenal,,
14,81.0,SHOT_BLOCKED,Vidal has a shot blocked.,Vidal,Bayern,Vidal,Bayern
15,80.0,FREE_KICK,Robben takes the free-kick.,Robben,Bayern,Thiago Alcántara,Bayern
16,80.0,FOUL,Mertesacker fouls Robben.,Mertesacker,Arsenal,Robben,Bayern
17,79.0,CORNER,Özil takes the corner.,Özil,Arsenal,Mertesacker,Arsenal
18,77.0,SHOT_WIDE,Santi Cazorla misses the target.,Santi Cazorla,Arsenal,Santi Cazorla,Arsenal
19,77.0,SAVE,Alaba makes a save.,Alaba,Bayern,,
20,77.0,SHOT_BLOCKED,Alexis Sánchez has a shot blocked.,Alexis Sánchez,Arsenal,Alexis Sánchez,Arsenal
21,75.0,FREE_KICK,Benatia takes the free-kick.,Benatia,Bayern,Debuchy,Arsenal
22,75.0,OFFSIDE,Giroud is flagged for offside.,Giroud,Arsenal,Giroud,Arsenal
23,74.0,SHOT_WIDE,Giroud misses the target.,Giroud,Arsenal,Giroud,Arsenal
24,73.0,CORNER,Robben takes the corner.,Robben,Bayern,Alexis Sánchez,Arsenal
25,73.0,SAVE,Čech makes a save.,Čech,Arsenal,,
26,73.0,SHOT_ON_GOAL,Robben has an effort on goal.,Robben,Bayern,Robben,Bayern
27,72.0,FREE_KICK,Gabriel takes the free-kick.,Gabriel,Arsenal,Santi Cazorla,Arsenal
28,72.0,FOUL,Xabi Alonso fouls Alexis Sánchez.,Xabi Alonso,Bayern,Alexis Sánchez,Arsenal
29,71.0,SUBSTITUTION,Vidal (on) - Lewandowski (off),Lewandowski,Bayern,Vidal,Bayern
30,71.0,SHOT_WIDE,Xabi Alonso misses the target.,Xabi Alonso,Bayern,Xabi Alonso,Bayern
31,69.0,ASSIST,Good assist from Alexis Sánchez.,Alexis Sánchez,Arsenal,Alexis Sánchez,Arsenal
32,69.0,GOAL,Giroud scores!,Giroud,Arsenal,Neuer,Arsenal
33,68.0,CORNER,Douglas Costa takes the corner.,Douglas Costa,Bayern,Thiago Alcántara,Bayern
34,68.0,SUBSTITUTION,Benatia (on) - Boateng (off),Boateng,Bayern,Benatia,Bayern
35,64.0,FOUL,Müller fouls Gibbs.,Müller,Bayern,Gibbs,Arsenal
36,64.0,FREE_KICK,Santi Cazorla takes the free-kick.,Santi Cazorla,Arsenal,Özil,Arsenal
37,64.0,FOUL,Müller fouls Coquelin.,Müller,Bayern,Coquelin,Arsenal
38,59.0,SUBSTITUTION,Gibbs (on) - Campbell (off),Campbell,Arsenal,Gibbs,Arsenal
39,57.0,SAVE,Neuer makes a save.,Neuer,Bayern,,
40,57.0,SHOT_ON_GOAL,Santi Cazorla has an effort on goal.,Santi Cazorla,Arsenal,Santi Cazorla,Arsenal
41,55.0,ASSIST,Good assist from Alaba.,Alaba,Bayern,Alaba,Bayern
42,55.0,GOAL,Robben scores!,Robben,Bayern,Čech,Bayern
43,55.0,FREE_KICK,Javi Martínez takes the free-kick.,Javi Martínez,Bayern,Boateng,Bayern
44,54.0,SUBSTITUTION,Robben (on) - Coman (off),Coman,Bayern,Robben,Bayern
45,54.0,FOUL,Giroud fouls Boateng.,Giroud,Arsenal,Boateng,Bayern
46,53.0,CORNER,Xabi Alonso takes the corner.,Xabi Alonso,Bayern,,
47,52.0,SAVE,Coquelin makes a save.,Coquelin,Arsenal,,
48,52.0,SHOT_BLOCKED,Douglas Costa has a shot blocked.,Douglas Costa,Bayern,Douglas Costa,Bayern
49,50.0,SHOT_WIDE,Coman misses the target.,Coman,Bayern,Coman,Bayern
50,50.0,SAVE,Javi Martínez makes a save.,Javi Martínez,Bayern,,
51,50.0,SHOT_BLOCKED,Alexis Sánchez has a shot blocked.,Alexis Sánchez,Arsenal,Alexis Sánchez,Arsenal
52,49.0,FREE_KICK,Mertesacker takes the free-kick.,Mertesacker,Arsenal,Debuchy,Arsenal
53,49.0,FOUL,Alaba fouls Mertesacker.,Alaba,Bayern,Mertesacker,Arsenal
54,48.0,CORNER,Xabi Alonso takes the corner.,Xabi Alonso,Bayern,Douglas Costa,Bayern
55,47.0,SAVE,Gabriel makes a save.,Gabriel,Arsenal,,
56,47.0,SHOT_BLOCKED,Xabi Alonso has a shot blocked.,Xabi Alonso,Bayern,Xabi Alonso,Bayern
57,46.0,START_PHASE,The second half begins.,,,,
58,,END_PHASE,The referee blows for half-time.,,,,
59,44.0,GOAL,Alaba scores!,Alaba,Bayern,Čech,Bayern
60,43.0,SAVE,Čech makes a save.,Čech,Arsenal,,
61,43.0,SHOT_ON_GOAL,Douglas Costa has an effort on goal.,Douglas Costa,Bayern,Douglas Costa,Bayern
62,43.0,CORNER,Xabi Alonso takes the corner.,Xabi Alonso,Bayern,Thiago Alcántara,Bayern
63,42.0,SAVE,Čech makes a save.,Čech,Arsenal,,
64,42.0,SHOT_ON_GOAL,Müller has an effort on goal.,Müller,Bayern,Müller,Bayern
65,42.0,FREE_KICK,Alaba takes the free-kick.,Alaba,Bayern,Xabi Alonso,Bayern
66,41.0,FOUL,Debuchy fouls Coman.,Debuchy,Arsenal,Coman,Bayern
67,41.0,SAVE,Čech makes a save.,Čech,Arsenal,,
68,41.0,SHOT_ON_GOAL,Müller has an effort on goal.,Müller,Bayern,Müller,Bayern
69,38.0,SAVE,Campbell makes a save.,Campbell,Arsenal,,
70,38.0,SHOT_BLOCKED,Thiago Alcántara has a shot blocked.,Thiago Alcántara,Bayern,Thiago Alcántara,Bayern
71,36.0,CORNER,Xabi Alonso takes the corner.,Xabi Alonso,Bayern,Thiago Alcántara,Bayern
72,31.0,SHOT_WIDE,Douglas Costa misses the target.,Douglas Costa,Bayern,Douglas Costa,Bayern
73,29.0,ASSIST,Good assist from Coman.,Coman,Bayern,Coman,Bayern
74,29.0,GOAL,Müller scores!,Müller,Bayern,Čech,Bayern
75,27.0,FREE_KICK,Lahm takes the free-kick.,Lahm,Bayern,Thiago Alcántara,Bayern
76,27.0,FOUL,Özil handles the ball.,Özil,Arsenal,,
77,27.0,FREE_KICK,Santi Cazorla takes the free-kick.,Santi Cazorla,Arsenal,Alexis Sánchez,Arsenal
78,26.0,FOUL,Xabi Alonso fouls Santi Cazorla.,Xabi Alonso,Bayern,Santi Cazorla,Arsenal
79,24.0,YELLOW_CARD,Campbell is cautioned by the referee.,Campbell,Arsenal,Campbell,Arsenal
80,24.0,FOUL,Campbell fouls Coman.,Campbell,Arsenal,Coman,Bayern
81,24.0,FREE_KICK,Boateng takes the free-kick.,Boateng,Bayern,Thiago Alcántara,Bayern
82,24.0,FOUL,Giroud fouls Javi Martínez.,Giroud,Arsenal,Javi Martínez,Bayern
83,22.0,FREE_KICK,Alaba takes the free-kick.,Alaba,Bayern,Thiago Alcántara,Bayern
84,22.0,FOUL,Campbell fouls Alaba.,Campbell,Arsenal,Alaba,Bayern
85,22.0,FREE_KICK,Santi Cazorla takes the free-kick.,Santi Cazorla,Arsenal,Alexis Sánchez,Arsenal
86,22.0,FOUL,Coman fouls Campbell.,Coman,Bayern,Campbell,Arsenal
87,18.0,FREE_KICK,Čech takes the free-kick.,Čech,Arsenal,Boateng,Bayern
88,18.0,OFFSIDE,Thiago Alcántara is flagged for offside.,Thiago Alcántara,Bayern,Thiago Alcántara,Bayern
89,18.0,CORNER,Xabi Alonso takes the corner.,Xabi Alonso,Bayern,Douglas Costa,Bayern
90,17.0,SAVE,Čech makes a save.,Čech,Arsenal,,
91,17.0,SHOT_ON_GOAL,Lewandowski has an effort on goal.,Lewandowski,Bayern,Lewandowski,Bayern
92,17.0,CORNER,Xabi Alonso takes the corner.,Xabi Alonso,Bayern,Alexis Sánchez,Arsenal
93,16.0,SAVE,Čech makes a save.,Čech,Arsenal,,
94,16.0,SHOT_ON_GOAL,Lewandowski has an effort on goal.,Lewandowski,Bayern,Lewandowski,Bayern
95,15.0,SAVE,Čech makes a save.,Čech,Arsenal,,
96,15.0,SHOT_ON_GOAL,Coman has an effort on goal.,Coman,Bayern,Coman,Bayern
97,13.0,FREE_KICK,Neuer takes the free-kick.,Neuer,Bayern,Thiago Alcántara,Bayern
98,12.0,FOUL,Özil handles the ball.,Özil,Arsenal,,
99,11.0,YELLOW_CARD,Özil is cautioned by the referee.,Özil,Arsenal,Özil,Arsenal
100,10.0,ASSIST,Good assist from Thiago Alcántara.,Thiago Alcántara,Bayern,Thiago Alcántara,Bayern
101,10.0,GOAL,Lewandowski scores!,Lewandowski,Bayern,Čech,Bayern
102,8.0,SHOT_WIDE,Douglas Costa misses the target.,Douglas Costa,Bayern,Douglas Costa,Bayern
103,7.0,SAVE,Čech makes a save.,Čech,Arsenal,,
104,7.0,SHOT_ON_GOAL,Alaba has an effort on goal.,Alaba,Bayern,Alaba,Bayern
105,1.0,SHOT_WIDE,Giroud misses the target.,Giroud,Arsenal,Giroud,Arsenal
106,1.0,START_PHASE,The match is under way.,,,,
