,minute,eventType,autoText,primaryPlayer,primaryTeam,secondaryPlayer,secondaryTeam
0,,END_PHASE,The final whistle is blown.,,,,
1,90.0,FOUL,Fellaini fouls Kruse.,Fellaini,Man. United,Kruse,Wolfsburg
2,90.0,CORNER,Schäfer takes the corner.,Schäfer,Wolfsburg,Schürrle,Wolfsburg
3,90.0,FREE_KICK,Guilavogui takes the free-kick.,Guilavogui,Wolfsburg,Arnold,Wolfsburg
4,90.0,YELLOW_CARD,Varela is cautioned by the referee.,Varela,Man. United,Varela,Man. United
5,90.0,FOUL,Varela fouls Schäfer.,Varela,Man. United,Schäfer,Wolfsburg
6,89.0,SAVE,Träsch makes a save.,Träsch,Wolfsburg,,
7,89.0,SHOT_BLOCKED,Lingard has a shot blocked.,Lingard,Man. United,Lingard,Man. United
8,89.0,SAVE,Guilavogui makes a save.,Guilavogui,Wolfsburg,,
9,89.0,SHOT_BLOCKED,Powell has a shot blocked.,Powell,Man. United,Powell,Man. United
10,89.0,CORNER,Blind takes the corner.,Blind,Man. United,Carrick,Man. United
11,88.0,CORNER,Depay takes the corner.,Depay,Man. United,Blind,Man. United
12,88.0,SAVE,Schäfer makes a save.,Schäfer,Wolfsburg,,
13,88.0,SHOT_BLOCKED,Smalling has a shot blocked.,Smalling,Man. United,Smalling,Man. United
14,87.0,SHOT_WIDE,Depay misses the target.,Depay,Man. United,Depay,Man. United
15,85.0,SUBSTITUTION,Caligiuri (on) - Draxler (off),Draxler,Wolfsburg,Caligiuri,Wolfsburg
16,84.0,ASSIST,Good assist from Schäfer.,Schäfer,Wolfsburg,Schäfer,Wolfsburg
17,84.0,GOAL,Naldo scores!,Naldo,Wolfsburg,De Gea,Wolfsburg
18,84.0,CORNER,Schäfer takes the corner.,Schäfer,Wolfsburg,Naldo,Wolfsburg
19,82.0,ASSIST,Good assist from Fellaini.,Fellaini,Man. United,Fellaini,Man. United
20,82.0,GOAL,Guilavogui scores an own goal.,Guilavogui,Wolfsburg,Benaglio,Man. United
21,82.0,CORNER,Blind takes the corner.,Blind,Man. United,Fellaini,Man. United
22,82.0,SAVE,Benaglio makes a save.,Benaglio,Wolfsburg,,
23,82.0,SHOT_ON_GOAL,Depay has an effort on goal.,Depay,Man. United,Depay,Man. United
24,80.0,OFFSIDE,Smalling is flagged for offside.,Smalling,Man. United,Smalling,Man. United
25,78.0,SUBSTITUTION,Klose (on) - Vieirinha (off),Vieirinha,Wolfsburg,Klose,Wolfsburg
26,76.0,FOUL,Schürrle fouls Lingard.,Schürrle,Wolfsburg,Lingard,Man. United
27,76.0,FREE_KICK,Carrick takes the free-kick.,Carrick,Man. United,Blind,Man. United
28,75.0,OFFSIDE,Schürrle is flagged for offside.,Schürrle,Wolfsburg,Schürrle,Wolfsburg
29,73.0,SHOT_WIDE,Depay misses the target.,Depay,Man. United,Depay,Man. United
30,72.0,YELLOW_CARD,Naldo is cautioned by the referee.,Naldo,Wolfsburg,Naldo,Wolfsburg
31,72.0,FOUL,Naldo fouls Martial.,Naldo,Wolfsburg,Martial,Man. United
32,70.0,FREE_KICK,De Gea takes the free-kick.,De Gea,Man. United,Fellaini,Man. United
33,69.0,OFFSIDE,Träsch is flagged for offside.,Träsch,Wolfsburg,Träsch,Wolfsburg
34,69.0,SUBSTITUTION,Carrick (on) - Schweinsteiger (off),Schweinsteiger,Man. United,Carrick,Man. United
35,69.0,SUBSTITUTION,Powell (on) - Mata (off),Mata,Man. United,Powell,Man. United
36,68.0,SHOT_WIDE,Kruse misses the target.,Kruse,Wolfsburg,Kruse,Wolfsburg
37,68.0,CORNER,Schäfer takes the corner.,Schäfer,Wolfsburg,Kruse,Wolfsburg
38,68.0,SAVE,De Gea makes a save.,De Gea,Man. United,,
39,68.0,SHOT_ON_GOAL,Arnold has an effort on goal.,Arnold,Wolfsburg,Arnold,Wolfsburg
40,67.0,CORNER,Vieirinha takes the corner.,Vieirinha,Wolfsburg,Naldo,Wolfsburg
41,66.0,SAVE,De Gea makes a save.,De Gea,Man. United,,
42,66.0,FREE_KICK,Naldo takes the free-kick.,Naldo,Wolfsburg,Dante,Wolfsburg
43,66.0,OFFSIDE,Depay is flagged for offside.,Depay,Man. United,Depay,Man. United
44,65.0,SAVE,Benaglio makes a save.,Benaglio,Wolfsburg,,
45,65.0,SHOT_ON_GOAL,Martial has an effort on goal.,Martial,Man. United,Martial,Man. United
46,64.0,SHOT_WIDE,Dante misses the target.,Dante,Wolfsburg,Dante,Wolfsburg
47,64.0,CORNER,Schäfer takes the corner.,Schäfer,Wolfsburg,Dante,Wolfsburg
48,64.0,SAVE,De Gea makes a save.,De Gea,Man. United,,
49,64.0,SHOT_ON_GOAL,Schürrle has an effort on goal.,Schürrle,Wolfsburg,Schürrle,Wolfsburg
50,62.0,SAVE,Naldo makes a save.,Naldo,Wolfsburg,,
51,62.0,SHOT_BLOCKED,Lingard has a shot blocked.,Lingard,Man. United,Lingard,Man. United
52,62.0,SAVE,Wolfsburg make a save.,,Wolfsburg,,
53,62.0,SHOT_BLOCKED,Blind has a shot blocked.,Blind,Man. United,Blind,Man. United
54,62.0,FREE_KICK,Mata takes the free-kick.,Mata,Man. United,Blind,Man. United
55,61.0,FOUL,Guilavogui fouls Fellaini.,Guilavogui,Wolfsburg,Fellaini,Man. United
56,60.0,SAVE,Benaglio makes a save.,Benaglio,Wolfsburg,,
57,60.0,SAVE,Guilavogui makes a save.,Guilavogui,Wolfsburg,,
58,60.0,SHOT_ON_GOAL,Depay has an effort on goal.,Depay,Man. United,Depay,Man. United
59,60.0,SHOT_BLOCKED,Mata has a shot blocked.,Mata,Man. United,Mata,Man. United
60,59.0,FREE_KICK,Schweinsteiger takes the free-kick.,Schweinsteiger,Man. United,Blind,Man. United
61,59.0,YELLOW_CARD,Schürrle is cautioned by the referee.,Schürrle,Wolfsburg,Schürrle,Wolfsburg
62,59.0,FOUL,Schürrle fouls Lingard.,Schürrle,Wolfsburg,Lingard,Man. United
63,58.0,FREE_KICK,Mata takes the free-kick.,Mata,Man. United,Schweinsteiger,Man. United
64,58.0,FOUL,Dante fouls Martial.,Dante,Wolfsburg,Martial,Man. United
65,55.0,FREE_KICK,Depay takes the free-kick.,Depay,Man. United,Blind,Man. United
66,55.0,FOUL,Träsch fouls Depay.,Träsch,Wolfsburg,Depay,Man. United
67,54.0,FREE_KICK,Dante takes the free-kick.,Dante,Wolfsburg,Benaglio,Wolfsburg
68,54.0,FOUL,Martial fouls Dante.,Martial,Man. United,Dante,Wolfsburg
69,53.0,FREE_KICK,Benaglio takes the free-kick.,Benaglio,Wolfsburg,Smalling,Man. United
70,53.0,FOUL,Fellaini fouls Dante.,Fellaini,Man. United,Dante,Wolfsburg
71,52.0,FREE_KICK,Schweinsteiger takes the free-kick.,Schweinsteiger,Man. United,Mata,Man. United
72,52.0,FOUL,Draxler fouls Varela.,Draxler,Wolfsburg,Varela,Man. United
73,50.0,FREE_KICK,Blind takes the free-kick.,Blind,Man. United,Schweinsteiger,Man. United
74,50.0,OFFSIDE,Draxler is flagged for offside.,Draxler,Wolfsburg,Draxler,Wolfsburg
75,49.0,FREE_KICK,Guilavogui takes the free-kick.,Guilavogui,Wolfsburg,Draxler,Wolfsburg
76,48.0,FOUL,Mata fouls Arnold.,Mata,Man. United,Arnold,Wolfsburg
77,48.0,FREE_KICK,Benaglio takes the free-kick.,Benaglio,Wolfsburg,Fellaini,Man. United
78,48.0,FOUL,Depay fouls Naldo.,Depay,Man. United,Naldo,Wolfsburg
79,47.0,FREE_KICK,Naldo takes the free-kick.,Naldo,Wolfsburg,Varela,Man. United
80,46.0,OFFSIDE,Mata is flagged for offside.,Mata,Man. United,Mata,Man. United
81,46.0,START_PHASE,The second half begins.,,,,
82,,END_PHASE,The referee blows for half-time.,,,,
83,45.0,SAVE,Benaglio makes a save.,Benaglio,Wolfsburg,,
84,45.0,SHOT_ON_GOAL,Borthwick-Jackson has an effort on goal.,Borthwick-Jackson,Man. United,Borthwick-Jackson,Man. United
85,45.0,FREE_KICK,Benaglio takes the free-kick.,Benaglio,Wolfsburg,Schweinsteiger,Man. United
86,45.0,OFFSIDE,Mata is flagged for offside.,Mata,Man. United,Mata,Man. United
87,44.0,FREE_KICK,Träsch takes the free-kick.,Träsch,Wolfsburg,Borthwick-Jackson,Man. United
88,43.0,SUBSTITUTION,Borthwick-Jackson (on) - Darmian (off),Darmian,Man. United,Borthwick-Jackson,Man. United
89,43.0,FOUL,Fellaini fouls Guilavogui.,Fellaini,Man. United,Guilavogui,Wolfsburg
90,40.0,SAVE,Benaglio makes a save.,Benaglio,Wolfsburg,,
91,40.0,SHOT_ON_GOAL,Lingard has an effort on goal.,Lingard,Man. United,Lingard,Man. United
92,39.0,SAVE,De Gea makes a save.,De Gea,Man. United,,
93,39.0,SHOT_ON_GOAL,Draxler has an effort on goal.,Draxler,Wolfsburg,Draxler,Wolfsburg
94,38.0,FREE_KICK,Dante takes the free-kick.,Dante,Wolfsburg,Benaglio,Wolfsburg
95,38.0,FOUL,Smalling fouls Schürrle.,Smalling,Man. United,Schürrle,Wolfsburg
96,36.0,CORNER,Schäfer takes the corner.,Schäfer,Wolfsburg,Naldo,Wolfsburg
97,32.0,SHOT_WIDE,Schweinsteiger misses the target.,Schweinsteiger,Man. United,Schweinsteiger,Man. United
98,29.0,ASSIST,Good assist from Draxler.,Draxler,Wolfsburg,Draxler,Wolfsburg
99,29.0,GOAL,Vieirinha scores!,Vieirinha,Wolfsburg,De Gea,Wolfsburg
100,27.0,SAVE,Benaglio makes a save.,Benaglio,Wolfsburg,,
101,27.0,SHOT_ON_GOAL,Fellaini has an effort on goal.,Fellaini,Man. United,Fellaini,Man. United
102,27.0,CORNER,Blind takes the corner.,Blind,Man. United,Fellaini,Man. United
103,24.0,CORNER,Blind takes the corner.,Blind,Man. United,Schweinsteiger,Man. United
104,23.0,SAVE,Lingard makes a save.,Lingard,Man. United,,
105,23.0,SHOT_BLOCKED,Vieirinha has a shot blocked.,Vieirinha,Wolfsburg,Vieirinha,Wolfsburg
106,20.0,FOUL,Smalling fouls Arnold.,Smalling,Man. United,Arnold,Wolfsburg
107,20.0,FREE_KICK,Dante takes the free-kick.,Dante,Wolfsburg,Arnold,Wolfsburg
108,20.0,OFFSIDE,Martial is flagged for offside.,Martial,Man. United,Martial,Man. United
109,17.0,YELLOW_CARD,Darmian is cautioned by the referee.,Darmian,Man. United,Darmian,Man. United
110,17.0,FOUL,Darmian fouls Vieirinha.,Darmian,Man. United,Vieirinha,Wolfsburg
111,17.0,FREE_KICK,Smalling takes the free-kick.,Smalling,Man. United,Blind,Man. United
112,17.0,FOUL,Draxler fouls Blind.,Draxler,Wolfsburg,Blind,Man. United
113,16.0,SUBSTITUTION,Schäfer (on) - Rodríguez (off),Rodríguez,Wolfsburg,Schäfer,Wolfsburg
114,13.0,ASSIST,Good assist from Rodríguez.,Rodríguez,Wolfsburg,Rodríguez,Wolfsburg
115,13.0,GOAL,Naldo scores!,Naldo,Wolfsburg,De Gea,Wolfsburg
116,13.0,FOUL,Blind fouls Vieirinha.,Blind,Man. United,Vieirinha,Wolfsburg
117,10.0,ASSIST,Good assist from Mata.,Mata,Man. United,Mata,Man. United
118,10.0,GOAL,Martial scores!,Martial,Man. United,Benaglio,Man. United
119,9.0,FREE_KICK,Benaglio takes the free-kick.,Benaglio,Wolfsburg,Dante,Wolfsburg
120,8.0,OFFSIDE,Fellaini is flagged for offside.,Fellaini,Man. United,Fellaini,Man. United
121,6.0,FREE_KICK,Naldo takes the free-kick.,Naldo,Wolfsburg,Dante,Wolfsburg
122,6.0,FOUL,Lingard fouls Rodríguez.,Lingard,Man. United,Rodríguez,Wolfsburg
123,5.0,FREE_KICK,Naldo takes the free-kick.,Naldo,Wolfsburg,Kruse,Wolfsburg
124,5.0,FOUL,Blind fouls Guilavogui.,Blind,Man. United,Guilavogui,Wolfsburg
125,3.0,SHOT_WIDE,Schürrle misses the target.,Schürrle,Wolfsburg,Schürrle,Wolfsburg
126,1.0,START_PHASE,The match is under way.,,,,
