,minute,eventType,autoText,primaryPlayer,primaryTeam,secondaryPlayer,secondaryTeam
0,,END_PHASE,The final whistle is blown.,,,,
1,90.0,SAVE,Lloris makes a save.,Lloris,Tottenham,,
2,90.0,SHOT_ON_GOAL,Brandt has an effort on goal.,Brandt,Leverkusen,Brandt,Leverkusen
3,90.0,SUBSTITUTION,Onomah (on) - Son (off),Son,Tottenham,Onomah,Tottenham
4,86.0,CORNER,Eriksen takes the corner.,Eriksen,Tottenham,Kiessling,Leverkusen
5,85.0,SUBSTITUTION,Brandt (on) - Hernández (off),Hernández,Leverkusen,Brandt,Leverkusen
6,84.0,SHOT_WIDE,Kiessling misses the target.,Kiessling,Leverkusen,Kiessling,Leverkusen
7,81.0,CORNER,Eriksen takes the corner.,Eriksen,Tottenham,Tah,Leverkusen
8,80.0,FREE_KICK,Rose takes the free-kick.,Rose,Tottenham,Wanyama,Tottenham
9,80.0,FOUL,Baumgartlinger fouls Wanyama.,Baumgartlinger,Leverkusen,Wanyama,Tottenham
10,79.0,FREE_KICK,Lloris takes the free-kick.,Lloris,Tottenham,Baumgartlinger,Leverkusen
11,79.0,FOUL,Kiessling fouls Rose.,Kiessling,Leverkusen,Rose,Tottenham
12,76.0,FREE_KICK,Ömer Toprak takes the free-kick.,Ömer Toprak,Leverkusen,Tah,Leverkusen
13,76.0,FOUL,Alli handles the ball.,Alli,Tottenham,,
14,74.0,FREE_KICK,Henrichs takes the free-kick.,Henrichs,Leverkusen,Baumgartlinger,Leverkusen
15,74.0,SUBSTITUTION,Jedvaj (on) - L. Bender (off),L. Bender,Leverkusen,Jedvaj,Leverkusen
16,73.0,FOUL,Sissoko fouls Kiessling.,Sissoko,Tottenham,Kiessling,Leverkusen
17,72.0,SHOT_WIDE,Ömer Toprak misses the target.,Ömer Toprak,Leverkusen,Ömer Toprak,Leverkusen
18,72.0,CORNER,Kampl takes the corner.,Kampl,Leverkusen,Lloris,Tottenham
19,71.0,FREE_KICK,Ömer Toprak takes the free-kick.,Ömer Toprak,Leverkusen,Kiessling,Leverkusen
20,71.0,SUBSTITUTION,Sissoko (on) - Lamela (off),Lamela,Tottenham,Sissoko,Tottenham
21,70.0,FOUL,Lamela fouls Aránguiz.,Lamela,Tottenham,Aránguiz,Leverkusen
22,70.0,SAVE,Dier makes a save.,Dier,Tottenham,,
23,70.0,SHOT_BLOCKED,Aránguiz has a shot blocked.,Aránguiz,Leverkusen,Aránguiz,Leverkusen
24,69.0,FOUL,Wanyama fouls Kiessling.,Wanyama,Tottenham,Kiessling,Leverkusen
25,69.0,FREE_KICK,Eriksen takes the free-kick.,Eriksen,Tottenham,Tah,Leverkusen
26,68.0,FOUL,Baumgartlinger fouls Alli.,Baumgartlinger,Leverkusen,Alli,Tottenham
27,68.0,SAVE,Lloris makes a save.,Lloris,Tottenham,,
28,68.0,SHOT_ON_GOAL,Ömer Toprak has an effort on goal.,Ömer Toprak,Leverkusen,Ömer Toprak,Leverkusen
29,68.0,CORNER,Kampl takes the corner.,Kampl,Leverkusen,Ömer Toprak,Leverkusen
30,68.0,SAVE,Lloris makes a save.,Lloris,Tottenham,,
31,68.0,SHOT_ON_GOAL,Kiessling has an effort on goal.,Kiessling,Leverkusen,Kiessling,Leverkusen
32,67.0,FREE_KICK,Ömer Toprak takes the free-kick.,Ömer Toprak,Leverkusen,Wanyama,Tottenham
33,66.0,FOUL,Dembélé fouls Baumgartlinger.,Dembélé,Tottenham,Baumgartlinger,Leverkusen
34,65.0,SUBSTITUTION,Dembélé (on) - Janssen (off),Janssen,Tottenham,Dembélé,Tottenham
35,63.0,FREE_KICK,Lloris takes the free-kick.,Lloris,Tottenham,Lamela,Tottenham
36,63.0,FOUL,Aránguiz fouls Lamela.,Aránguiz,Leverkusen,Lamela,Tottenham
37,63.0,CORNER,Aránguiz takes the corner.,Aránguiz,Leverkusen,Rose,Tottenham
38,62.0,SAVE,Lloris makes a save.,Lloris,Tottenham,,
39,62.0,SHOT_ON_GOAL,Mehmedi has an effort on goal.,Mehmedi,Leverkusen,Mehmedi,Leverkusen
40,61.0,FREE_KICK,Rose takes the free-kick.,Rose,Tottenham,Alli,Tottenham
41,61.0,FOUL,Kiessling fouls Rose.,Kiessling,Leverkusen,Rose,Tottenham
42,58.0,CORNER,Aránguiz takes the corner.,Aránguiz,Leverkusen,Alli,Tottenham
43,58.0,SAVE,Rose makes a save.,Rose,Tottenham,,
44,58.0,SHOT_BLOCKED,Hernández has a shot blocked.,Hernández,Leverkusen,Hernández,Leverkusen
45,58.0,SHOT_WIDE,Aránguiz misses the target.,Aránguiz,Leverkusen,Aránguiz,Leverkusen
46,57.0,CORNER,Aránguiz takes the corner.,Aránguiz,Leverkusen,Rose,Tottenham
47,57.0,SAVE,Lloris makes a save.,Lloris,Tottenham,,
48,57.0,SHOT_ON_GOAL,Aránguiz has an effort on goal.,Aránguiz,Leverkusen,Aránguiz,Leverkusen
49,56.0,FOUL,Rose fouls Hernández.,Rose,Tottenham,Hernández,Leverkusen
50,55.0,SHOT_WIDE,Kiessling misses the target.,Kiessling,Leverkusen,Kiessling,Leverkusen
51,54.0,FOUL,Rose fouls Kiessling.,Rose,Tottenham,Kiessling,Leverkusen
52,54.0,FREE_KICK,Ömer Toprak takes the free-kick.,Ömer Toprak,Leverkusen,Mehmedi,Leverkusen
53,54.0,FOUL,Alli fouls Baumgartlinger.,Alli,Tottenham,Baumgartlinger,Leverkusen
54,52.0,SAVE,Dier makes a save.,Dier,Tottenham,,
55,52.0,SHOT_BLOCKED,Hernández has a shot blocked.,Hernández,Leverkusen,Hernández,Leverkusen
56,52.0,FREE_KICK,Aránguiz takes the free-kick.,Aránguiz,Leverkusen,Baumgartlinger,Leverkusen
57,52.0,FOUL,Vertonghen fouls Hernández.,Vertonghen,Tottenham,Hernández,Leverkusen
58,51.0,FREE_KICK,Eriksen takes the free-kick.,Eriksen,Tottenham,Dier,Tottenham
59,51.0,FOUL,Ömer Toprak fouls Janssen.,Ömer Toprak,Leverkusen,Janssen,Tottenham
60,51.0,FREE_KICK,Rose takes the free-kick.,Rose,Tottenham,Dier,Tottenham
61,50.0,OFFSIDE,Hernández is flagged for offside.,Hernández,Leverkusen,Hernández,Leverkusen
62,50.0,FOUL,Alli fouls Tah.,Alli,Tottenham,Tah,Leverkusen
63,50.0,FREE_KICK,Eriksen takes the free-kick.,Eriksen,Tottenham,Dier,Tottenham
64,49.0,FOUL,Kiessling fouls Rose.,Kiessling,Leverkusen,Rose,Tottenham
65,48.0,SAVE,Lloris makes a save.,Lloris,Tottenham,,
66,48.0,SHOT_ON_GOAL,Hernández has an effort on goal.,Hernández,Leverkusen,Hernández,Leverkusen
67,48.0,FREE_KICK,Ömer Toprak takes the free-kick.,Ömer Toprak,Leverkusen,Baumgartlinger,Leverkusen
68,48.0,FOUL,Trippier fouls Mehmedi.,Trippier,Tottenham,Mehmedi,Leverkusen
69,46.0,FREE_KICK,Rose takes the free-kick.,Rose,Tottenham,Dier,Tottenham
70,46.0,FOUL,Hernández fouls Lloris.,Hernández,Leverkusen,Lloris,Tottenham
71,46.0,SUBSTITUTION,Baumgartlinger (on) - Hakan Çalhanoğlu (off),Hakan Çalhanoğlu,Leverkusen,Baumgartlinger,Leverkusen
72,46.0,START_PHASE,The second half begins.,,,,
73,,END_PHASE,The referee blows for half-time.,,,,
74,45.0,FREE_KICK,Eriksen takes the free-kick.,Eriksen,Tottenham,Wanyama,Tottenham
75,45.0,FOUL,Mehmedi fouls Trippier.,Mehmedi,Leverkusen,Trippier,Tottenham
76,44.0,SHOT_WIDE,Hernández misses the target.,Hernández,Leverkusen,Hernández,Leverkusen
77,43.0,CORNER,Son takes the corner.,Son,Tottenham,Tah,Leverkusen
78,42.0,SHOT_WIDE,Kampl misses the target.,Kampl,Leverkusen,Kampl,Leverkusen
79,41.0,CORNER,Lamela takes the corner.,Lamela,Tottenham,L. Bender,Leverkusen
80,41.0,FREE_KICK,Eriksen takes the free-kick.,Eriksen,Tottenham,Son,Tottenham
81,40.0,YELLOW_CARD,L. Bender is cautioned by the referee.,L. Bender,Leverkusen,L. Bender,Leverkusen
82,40.0,FOUL,L. Bender fouls Rose.,L. Bender,Leverkusen,Rose,Tottenham
83,39.0,CORNER,Lamela takes the corner.,Lamela,Tottenham,Rose,Tottenham
84,39.0,SAVE,Leno makes a save.,Leno,Leverkusen,,
85,39.0,SHOT_ON_GOAL,Lamela has an effort on goal.,Lamela,Tottenham,Lamela,Tottenham
86,39.0,SHOT_WIDE,Janssen misses the target.,Janssen,Tottenham,Janssen,Tottenham
87,38.0,SAVE,Ömer Toprak makes a save.,Ömer Toprak,Leverkusen,,
88,38.0,SHOT_BLOCKED,Alli has a shot blocked.,Alli,Tottenham,Alli,Tottenham
89,37.0,FREE_KICK,Vertonghen takes the free-kick.,Vertonghen,Tottenham,Lloris,Tottenham
90,36.0,OFFSIDE,Mehmedi is flagged for offside.,Mehmedi,Leverkusen,Mehmedi,Leverkusen
91,36.0,FREE_KICK,Kampl takes the free-kick.,Kampl,Leverkusen,Ömer Toprak,Leverkusen
92,36.0,FOUL,Vertonghen fouls Hernández.,Vertonghen,Tottenham,Hernández,Leverkusen
93,35.0,FREE_KICK,Wanyama takes the free-kick.,Wanyama,Tottenham,Eriksen,Tottenham
94,35.0,FOUL,Kampl fouls Alli.,Kampl,Leverkusen,Alli,Tottenham
95,32.0,FREE_KICK,Hakan Çalhanoğlu takes the free-kick.,Hakan Çalhanoğlu,Leverkusen,,
96,32.0,FOUL,Dier fouls Kiessling.,Dier,Tottenham,Kiessling,Leverkusen
97,32.0,FREE_KICK,Ömer Toprak takes the free-kick.,Ömer Toprak,Leverkusen,Aránguiz,Leverkusen
98,31.0,FOUL,Eriksen fouls Aránguiz.,Eriksen,Tottenham,Aránguiz,Leverkusen
99,30.0,SHOT_WIDE,Ömer Toprak misses the target.,Ömer Toprak,Leverkusen,Ömer Toprak,Leverkusen
100,30.0,FREE_KICK,Hakan Çalhanoğlu takes the free-kick.,Hakan Çalhanoğlu,Leverkusen,Ömer Toprak,Leverkusen
101,29.0,FOUL,Alli fouls Aránguiz.,Alli,Tottenham,Aránguiz,Leverkusen
102,27.0,SHOT_WIDE,Alli misses the target.,Alli,Tottenham,Alli,Tottenham
103,26.0,FREE_KICK,Leno takes the free-kick.,Leno,Leverkusen,Dier,Tottenham
104,25.0,YELLOW_CARD,Lamela is cautioned by the referee.,Lamela,Tottenham,Lamela,Tottenham
105,25.0,FOUL,Lamela fouls Hernández.,Lamela,Tottenham,Hernández,Leverkusen
106,25.0,SAVE,Ömer Toprak makes a save.,Ömer Toprak,Leverkusen,,
107,25.0,SHOT_BLOCKED,Son has a shot blocked.,Son,Tottenham,Son,Tottenham
108,21.0,YELLOW_CARD,Hakan Çalhanoğlu is cautioned by the referee.,Hakan Çalhanoğlu,Leverkusen,Hakan Çalhanoğlu,Leverkusen
109,20.0,FREE_KICK,Vertonghen takes the free-kick.,Vertonghen,Tottenham,Rose,Tottenham
110,20.0,FOUL,Mehmedi fouls Alli.,Mehmedi,Leverkusen,Alli,Tottenham
111,19.0,FREE_KICK,Rose takes the free-kick.,Rose,Tottenham,Vertonghen,Tottenham
112,19.0,FOUL,L. Bender fouls Son.,L. Bender,Leverkusen,Son,Tottenham
113,18.0,FREE_KICK,Kampl takes the free-kick.,Kampl,Leverkusen,Aránguiz,Leverkusen
114,17.0,FOUL,Rose fouls Hernández.,Rose,Tottenham,Hernández,Leverkusen
115,15.0,FREE_KICK,Eriksen takes the free-kick.,Eriksen,Tottenham,Dier,Tottenham
116,15.0,FOUL,Aránguiz fouls Lamela.,Aránguiz,Leverkusen,Lamela,Tottenham
117,12.0,FOUL,Ömer Toprak fouls Janssen.,Ömer Toprak,Leverkusen,Janssen,Tottenham
118,11.0,FREE_KICK,Leno takes the free-kick.,Leno,Leverkusen,Vertonghen,Tottenham
119,10.0,OFFSIDE,Son is flagged for offside.,Son,Tottenham,Son,Tottenham
120,10.0,FREE_KICK,Kampl takes the free-kick.,Kampl,Leverkusen,Mehmedi,Leverkusen
121,9.0,FOUL,Vertonghen fouls Kiessling.,Vertonghen,Tottenham,Kiessling,Leverkusen
122,6.0,FREE_KICK,Kampl takes the free-kick.,Kampl,Leverkusen,Trippier,Tottenham
123,6.0,FOUL,Wanyama fouls Kiessling.,Wanyama,Tottenham,Kiessling,Leverkusen
124,3.0,FREE_KICK,L. Bender takes the free-kick.,L. Bender,Leverkusen,Aránguiz,Leverkusen
125,3.0,FOUL,Rose fouls Kiessling.,Rose,Tottenham,Kiessling,Leverkusen
126,1.0,START_PHASE,The match is under way.,,,,
