,minute,eventType,autoText,primaryPlayer,primaryTeam,secondaryPlayer,secondaryTeam
0,,END_PHASE,The final whistle is blown.,,,,
1,88.0,ASSIST,Good assist from Thiago Alcántara.,Thiago Alcántara,Bayern,Thiago Alcántara,Bayern
2,88.0,GOAL,Müller scores!,Müller,Bayern,Ospina,Bayern
3,88.0,FREE_KICK,Gibbs takes the free-kick.,Gibbs,Arsenal,Gabriel,Arsenal
4,88.0,SUBSTITUTION,Rafinha (on) - Robben (off),Robben,Bayern,Rafinha,Bayern
5,87.0,FOUL,Kimmich fouls Alexis Sánchez.,Kimmich,Bayern,Alexis Sánchez,Arsenal
6,86.0,SUBSTITUTION,Müller (on) - Lewandowski (off),Lewandowski,Bayern,Müller,Bayern
7,86.0,SHOT_WIDE,Kimmich misses the target.,Kimmich,Bayern,Kimmich,Bayern
8,85.0,SHOT_WIDE,Giroud misses the target.,Giroud,Arsenal,Giroud,Arsenal
9,85.0,CORNER,Özil takes the corner.,Özil,Arsenal,Giroud,Arsenal
10,84.0,SUBSTITUTION,Kimmich (on) - Douglas Costa (off),Douglas Costa,Bayern,Kimmich,Bayern
11,83.0,YELLOW_CARD,Lahm is cautioned by the referee.,Lahm,Bayern,Lahm,Bayern
12,83.0,FOUL,Lahm fouls Giroud.,Lahm,Bayern,Giroud,Arsenal
13,83.0,CORNER,Douglas Costa takes the corner.,Douglas Costa,Bayern,Thiago Alcántara,Bayern
14,82.0,SAVE,Ospina makes a save.,Ospina,Arsenal,,
15,82.0,SHOT_ON_GOAL,Douglas Costa has an effort on goal.,Douglas Costa,Bayern,Douglas Costa,Bayern
16,81.0,CORNER,Douglas Costa takes the corner.,Douglas Costa,Bayern,Walcott,Arsenal
17,81.0,SAVE,Ospina makes a save.,Ospina,Arsenal,,
18,81.0,SHOT_ON_GOAL,Robben has an effort on goal.,Robben,Bayern,Robben,Bayern
19,78.0,FREE_KICK,Ospina takes the free-kick.,Ospina,Arsenal,Giroud,Arsenal
20,77.0,FOUL,Lewandowski fouls Ospina.,Lewandowski,Bayern,Ospina,Arsenal
21,77.0,SAVE,Arsenal make a save.,,Arsenal,,
22,77.0,SHOT_BLOCKED,Javi Martínez has a shot blocked.,Javi Martínez,Bayern,Javi Martínez,Bayern
23,77.0,CORNER,Robben takes the corner.,Robben,Bayern,Gabriel,Arsenal
24,77.0,SUBSTITUTION,Giroud (on) - Coquelin (off),Coquelin,Arsenal,Giroud,Arsenal
25,73.0,FREE_KICK,Xhaka takes the free-kick.,Xhaka,Arsenal,Walcott,Arsenal
26,73.0,FOUL,Thiago Alcántara fouls Coquelin.,Thiago Alcántara,Bayern,Coquelin,Arsenal
27,69.0,CORNER,Robben takes the corner.,Robben,Bayern,Thiago Alcántara,Bayern
28,68.0,SAVE,Ospina makes a save.,Ospina,Arsenal,,
29,68.0,SHOT_ON_GOAL,Vidal has an effort on goal.,Vidal,Bayern,Vidal,Bayern
30,67.0,FREE_KICK,Mustafi takes the free-kick.,Mustafi,Arsenal,Xhaka,Arsenal
31,67.0,FOUL,Vidal fouls Coquelin.,Vidal,Bayern,Coquelin,Arsenal
32,66.0,SUBSTITUTION,Walcott (on) - Iwobi (off),Iwobi,Arsenal,Walcott,Arsenal
33,63.0,GOAL,Thiago Alcántara scores!,Thiago Alcántara,Bayern,Ospina,Bayern
34,63.0,SHOT_BLOCKED,Vidal has a shot blocked.,Vidal,Bayern,Vidal,Bayern
35,63.0,SAVE,Gabriel makes a save.,Gabriel,Arsenal,,
36,63.0,CORNER,Douglas Costa takes the corner.,Douglas Costa,Bayern,Vidal,Bayern
37,62.0,SAVE,Ospina makes a save.,Ospina,Arsenal,,
38,62.0,SHOT_ON_GOAL,Javi Martínez has an effort on goal.,Javi Martínez,Bayern,Javi Martínez,Bayern
39,62.0,CORNER,Robben takes the corner.,Robben,Bayern,Javi Martínez,Bayern
40,62.0,CORNER,Robben takes the corner.,Robben,Bayern,,
41,61.0,SAVE,Gibbs makes a save.,Gibbs,Arsenal,,
42,61.0,SHOT_BLOCKED,Robben has a shot blocked.,Robben,Bayern,Robben,Bayern
43,61.0,SAVE,Bellerín makes a save.,Bellerín,Arsenal,,
44,61.0,SHOT_BLOCKED,Lewandowski has a shot blocked.,Lewandowski,Bayern,Lewandowski,Bayern
45,61.0,FREE_KICK,Gabriel takes the free-kick.,Gabriel,Arsenal,Mustafi,Arsenal
46,60.0,YELLOW_CARD,Xhaka is cautioned by the referee.,Xhaka,Arsenal,Xhaka,Arsenal
47,60.0,OFFSIDE,Lewandowski is flagged for offside.,Lewandowski,Bayern,Lewandowski,Bayern
48,58.0,SHOT_WIDE,Lewandowski misses the target.,Lewandowski,Bayern,Lewandowski,Bayern
49,58.0,FREE_KICK,Özil takes the free-kick.,Özil,Arsenal,Iwobi,Arsenal
50,57.0,FOUL,Vidal fouls Oxlade-Chamberlain.,Vidal,Bayern,Oxlade-Chamberlain,Arsenal
51,56.0,ASSIST,Good assist from Lewandowski.,Lewandowski,Bayern,Lewandowski,Bayern
52,56.0,GOAL,Thiago Alcántara scores!,Thiago Alcántara,Bayern,Ospina,Bayern
53,53.0,ASSIST,Good assist from Lahm.,Lahm,Bayern,Lahm,Bayern
54,53.0,GOAL,Lewandowski scores!,Lewandowski,Bayern,Ospina,Bayern
55,51.0,FREE_KICK,Xabi Alonso takes the free-kick.,Xabi Alonso,Bayern,Robben,Bayern
56,50.0,FOUL,Alexis Sánchez handles the ball.,Alexis Sánchez,Arsenal,,
57,49.0,FREE_KICK,Mustafi takes the free-kick.,Mustafi,Arsenal,Ospina,Arsenal
58,49.0,SUBSTITUTION,Gabriel (on) - Koscielny (off),Koscielny,Arsenal,Gabriel,Arsenal
59,47.0,FOUL,Douglas Costa fouls Ospina.,Douglas Costa,Bayern,Ospina,Arsenal
60,46.0,FREE_KICK,Mustafi takes the free-kick.,Mustafi,Arsenal,Coquelin,Arsenal
61,46.0,FOUL,Xabi Alonso fouls Coquelin.,Xabi Alonso,Bayern,Coquelin,Arsenal
62,46.0,START_PHASE,The second half begins.,,,,
63,,END_PHASE,The referee blows for half-time.,,,,
64,45.0,SAVE,Neuer makes a save.,Neuer,Bayern,,
65,45.0,SHOT_ON_GOAL,Özil has an effort on goal.,Özil,Arsenal,Özil,Arsenal
66,45.0,SHOT_WIDE,Hummels misses the target.,Hummels,Bayern,Hummels,Bayern
67,45.0,FREE_KICK,Xabi Alonso takes the free-kick.,Xabi Alonso,Bayern,Hummels,Bayern
68,44.0,FOUL,Xhaka fouls Thiago Alcántara.,Xhaka,Arsenal,Thiago Alcántara,Bayern
69,43.0,SHOT_WIDE,Lewandowski misses the target.,Lewandowski,Bayern,Lewandowski,Bayern
70,42.0,SHOT_WIDE,Douglas Costa misses the target.,Douglas Costa,Bayern,Douglas Costa,Bayern
71,42.0,FREE_KICK,Lewandowski takes the free-kick.,Lewandowski,Bayern,Vidal,Bayern
72,42.0,FOUL,Coquelin fouls Lewandowski.,Coquelin,Arsenal,Lewandowski,Bayern
73,39.0,SAVE,Neuer makes a save.,Neuer,Bayern,,
74,39.0,SHOT_ON_GOAL,Xhaka has an effort on goal.,Xhaka,Arsenal,Xhaka,Arsenal
75,37.0,FREE_KICK,Javi Martínez takes the free-kick.,Javi Martínez,Bayern,Hummels,Bayern
76,37.0,FOUL,Iwobi fouls Thiago Alcántara.,Iwobi,Arsenal,Thiago Alcántara,Bayern
77,35.0,SHOT_WIDE,Lewandowski misses the target.,Lewandowski,Bayern,Lewandowski,Bayern
78,35.0,CORNER,Xabi Alonso takes the corner.,Xabi Alonso,Bayern,Douglas Costa,Bayern
79,33.0,FREE_KICK,Neuer takes the free-kick.,Neuer,Bayern,Vidal,Bayern
80,33.0,YELLOW_CARD,Alexis Sánchez is cautioned by the referee.,Alexis Sánchez,Arsenal,Alexis Sánchez,Arsenal
81,33.0,FOUL,Alexis Sánchez fouls Javi Martínez.,Alexis Sánchez,Arsenal,Javi Martínez,Bayern
82,33.0,FREE_KICK,Lahm takes the free-kick.,Lahm,Bayern,Xabi Alonso,Bayern
83,33.0,FOUL,Gibbs fouls Robben.,Gibbs,Arsenal,Robben,Bayern
84,30.0,GOAL,Alexis Sánchez scores!,Alexis Sánchez,Arsenal,Neuer,Arsenal
85,30.0,SHOT_WIDE,Alexis Sánchez misses the target.,Alexis Sánchez,Arsenal,Alexis Sánchez,Arsenal
86,30.0,SAVE,Neuer makes a save.,Neuer,Bayern,,
87,30.0,PENALTY,Alexis Sánchez's penalty is saved by the goalkeeper.,Alexis Sánchez,Arsenal,Neuer,Arsenal
88,29.0,FOUL,Lewandowski fouls Koscielny.,Lewandowski,Bayern,Koscielny,Arsenal
89,29.0,CORNER,Alexis Sánchez takes the corner.,Alexis Sánchez,Arsenal,,
90,28.0,FREE_KICK,Neuer takes the free-kick.,Neuer,Bayern,Lewandowski,Bayern
91,27.0,OFFSIDE,Xhaka is flagged for offside.,Xhaka,Arsenal,Xhaka,Arsenal
92,27.0,SAVE,Neuer makes a save.,Neuer,Bayern,,
93,27.0,SHOT_ON_GOAL,Özil has an effort on goal.,Özil,Arsenal,Özil,Arsenal
94,26.0,YELLOW_CARD,Hummels is cautioned by the referee.,Hummels,Bayern,Hummels,Bayern
95,26.0,FOUL,Hummels fouls Alexis Sánchez.,Hummels,Bayern,Alexis Sánchez,Arsenal
96,26.0,FREE_KICK,Xabi Alonso takes the free-kick.,Xabi Alonso,Bayern,Thiago Alcántara,Bayern
97,25.0,FOUL,Coquelin fouls Xabi Alonso.,Coquelin,Arsenal,Xabi Alonso,Bayern
98,24.0,SAVE,Coquelin makes a save.,Coquelin,Arsenal,,
99,24.0,SHOT_BLOCKED,Vidal has a shot blocked.,Vidal,Bayern,Vidal,Bayern
100,21.0,FOUL,Thiago Alcántara fouls Xhaka.,Thiago Alcántara,Bayern,Xhaka,Arsenal
101,21.0,CORNER,Robben takes the corner.,Robben,Bayern,Coquelin,Arsenal
102,21.0,SAVE,Xhaka makes a save.,Xhaka,Arsenal,,
103,21.0,SHOT_BLOCKED,Robben has a shot blocked.,Robben,Bayern,Robben,Bayern
104,18.0,SAVE,Gibbs makes a save.,Gibbs,Arsenal,,
105,18.0,SHOT_BLOCKED,Robben has a shot blocked.,Robben,Bayern,Robben,Bayern
106,18.0,FREE_KICK,Vidal takes the free-kick.,Vidal,Bayern,Xabi Alonso,Bayern
107,18.0,OFFSIDE,Alexis Sánchez is flagged for offside.,Alexis Sánchez,Arsenal,Alexis Sánchez,Arsenal
108,16.0,FREE_KICK,Xabi Alonso takes the free-kick.,Xabi Alonso,Bayern,Vidal,Bayern
109,15.0,YELLOW_CARD,Mustafi is cautioned by the referee.,Mustafi,Arsenal,Mustafi,Arsenal
110,15.0,FOUL,Mustafi fouls Thiago Alcántara.,Mustafi,Arsenal,Thiago Alcántara,Bayern
111,15.0,SAVE,Ospina makes a save.,Ospina,Arsenal,,
112,15.0,SHOT_ON_GOAL,Robben has an effort on goal.,Robben,Bayern,Robben,Bayern
113,14.0,FREE_KICK,Mustafi takes the free-kick.,Mustafi,Arsenal,Xhaka,Arsenal
114,14.0,OFFSIDE,Lewandowski is flagged for offside.,Lewandowski,Bayern,Lewandowski,Bayern
115,11.0,GOAL,Robben scores!,Robben,Bayern,Ospina,Bayern
116,9.0,FREE_KICK,Xabi Alonso takes the free-kick.,Xabi Alonso,Bayern,Douglas Costa,Bayern
117,9.0,FOUL,Xhaka fouls Vidal.,Xhaka,Arsenal,Vidal,Bayern
118,9.0,FREE_KICK,Xabi Alonso takes the free-kick.,Xabi Alonso,Bayern,Thiago Alcántara,Bayern
119,9.0,FOUL,Alexis Sánchez fouls Xabi Alonso.,Alexis Sánchez,Arsenal,Xabi Alonso,Bayern
120,8.0,SAVE,Ospina makes a save.,Ospina,Arsenal,,
121,8.0,SHOT_ON_GOAL,Vidal has an effort on goal.,Vidal,Bayern,Vidal,Bayern
122,6.0,FREE_KICK,Xhaka takes the free-kick.,Xhaka,Arsenal,Özil,Arsenal
123,6.0,FOUL,Xabi Alonso fouls Özil.,Xabi Alonso,Bayern,Özil,Arsenal
124,4.0,SAVE,Robben makes a save.,Robben,Bayern,,
125,4.0,SHOT_BLOCKED,Iwobi has a shot blocked.,Iwobi,Arsenal,Iwobi,Arsenal
126,1.0,FREE_KICK,Koscielny takes the free-kick.,Koscielny,Arsenal,Mustafi,Arsenal
127,1.0,OFFSIDE,Lewandowski is flagged for offside.,Lewandowski,Bayern,Lewandowski,Bayern
128,1.0,FREE_KICK,Vidal takes the free-kick.,Vidal,Bayern,Hummels,Bayern
129,1.0,FOUL,Oxlade-Chamberlain fouls Alaba.,Oxlade-Chamberlain,Arsenal,Alaba,Bayern
130,1.0,START_PHASE,The match is under way.,,,,
