,minute,eventType,autoText,primaryPlayer,primaryTeam,secondaryPlayer,secondaryTeam
0,,END_PHASE,The final whistle is blown.,,,,
1,90.0,SHOT_WIDE,Alaba misses the target.,Alaba,Bayern,Alaba,Bayern
2,90.0,FREE_KICK,Lahm takes the free-kick.,Lahm,Bayern,Lewandowski,Bayern
3,90.0,FOUL,Schwaab fouls Vidal.,Schwaab,PSV,Vidal,Bayern
4,90.0,CORNER,Douglas Costa takes the corner.,Douglas Costa,Bayern,Coman,Bayern
5,90.0,YELLOW_CARD,Coman is cautioned by the referee.,Coman,Bayern,Coman,Bayern
6,88.0,FREE_KICK,Lahm takes the free-kick.,Lahm,Bayern,Boateng,Bayern
7,88.0,FOUL,Guardado fouls Renato Sanches.,Guardado,PSV,Renato Sanches,Bayern
8,85.0,SUBSTITUTION,Renato Sanches (on) - Müller (off),Müller,Bayern,Renato Sanches,Bayern
9,85.0,SHOT_WIDE,Lewandowski misses the target.,Lewandowski,Bayern,Lewandowski,Bayern
10,84.0,FREE_KICK,Müller takes the free-kick.,Müller,Bayern,Boateng,Bayern
11,83.0,FOUL,Guardado fouls Xabi Alonso.,Guardado,PSV,Xabi Alonso,Bayern
12,82.0,FREE_KICK,Lahm takes the free-kick.,Lahm,Bayern,Boateng,Bayern
13,81.0,FOUL,Schwaab fouls Lewandowski.,Schwaab,PSV,Lewandowski,Bayern
14,81.0,FREE_KICK,Neuer takes the free-kick.,Neuer,Bayern,Boateng,Bayern
15,81.0,FOUL,Bergwijn handles the ball.,Bergwijn,PSV,,
16,79.0,SHOT_WIDE,Arias misses the target.,Arias,PSV,Arias,PSV
17,78.0,CORNER,Douglas Costa takes the corner.,Douglas Costa,Bayern,Zinchenko,PSV
18,75.0,SHOT_WIDE,Müller misses the target.,Müller,Bayern,Müller,Bayern
19,74.0,SUBSTITUTION,Zinchenko (on) - Ramselaar (off),Ramselaar,PSV,Zinchenko,PSV
20,74.0,ASSIST,Good assist from Alaba.,Alaba,Bayern,Alaba,Bayern
21,74.0,GOAL,Lewandowski scores!,Lewandowski,Bayern,Pasveer,Bayern
22,72.0,SHOT_WIDE,Müller misses the target.,Müller,Bayern,Müller,Bayern
23,70.0,SHOT_WIDE,Lahm misses the target.,Lahm,Bayern,Lahm,Bayern
24,70.0,SHOT_WIDE,Lewandowski misses the target.,Lewandowski,Bayern,Lewandowski,Bayern
25,69.0,SHOT_WIDE,Moreno misses the target.,Moreno,PSV,Moreno,PSV
26,68.0,FOUL,Xabi Alonso fouls L. de Jong.,Xabi Alonso,Bayern,L. de Jong,PSV
27,67.0,SUBSTITUTION,Bergwijn (on) - Pereiro (off),Pereiro,PSV,Bergwijn,PSV
28,64.0,SUBSTITUTION,Douglas Costa (on) - Robben (off),Robben,Bayern,Douglas Costa,Bayern
29,64.0,SUBSTITUTION,Coman (on) - Kimmich (off),Kimmich,Bayern,Coman,Bayern
30,62.0,CORNER,Robben takes the corner.,Robben,Bayern,Guardado,PSV
31,62.0,SAVE,Moreno makes a save.,Moreno,PSV,,
32,62.0,SHOT_BLOCKED,Müller has a shot blocked.,Müller,Bayern,Müller,Bayern
33,62.0,SAVE,Pasveer makes a save.,Pasveer,PSV,,
34,62.0,SHOT_ON_GOAL,Vidal has an effort on goal.,Vidal,Bayern,Vidal,Bayern
35,60.0,FOUL,Vidal handles the ball.,Vidal,Bayern,,
36,58.0,SHOT_WIDE,Hummels misses the target.,Hummels,Bayern,Hummels,Bayern
37,58.0,CORNER,Xabi Alonso takes the corner.,Xabi Alonso,Bayern,Hummels,Bayern
38,56.0,FREE_KICK,Vidal takes the free-kick.,Vidal,Bayern,Lahm,Bayern
39,56.0,FOUL,L. de Jong fouls Vidal.,L. de Jong,PSV,Vidal,Bayern
40,55.0,CORNER,Xabi Alonso takes the corner.,Xabi Alonso,Bayern,Lewandowski,Bayern
41,54.0,SAVE,Pasveer makes a save.,Pasveer,PSV,,
42,54.0,SHOT_ON_GOAL,Alaba has an effort on goal.,Alaba,Bayern,Alaba,Bayern
43,50.0,FOUL,Xabi Alonso handles the ball.,Xabi Alonso,Bayern,,
44,48.0,FREE_KICK,Pasveer takes the free-kick.,Pasveer,PSV,L. de Jong,PSV
45,48.0,FOUL,Robben handles the ball.,Robben,Bayern,,
46,46.0,SUBSTITUTION,Brenet (on) - Willems (off),Willems,PSV,Brenet,PSV
47,46.0,START_PHASE,The second half begins.,,,,
48,,END_PHASE,The referee blows for half-time.,,,,
49,45.0,FREE_KICK,Guardado takes the free-kick.,Guardado,PSV,Schwaab,PSV
50,44.0,FOUL,Lewandowski fouls Guardado.,Lewandowski,Bayern,Guardado,PSV
51,44.0,FOUL,Lahm fouls Guardado.,Lahm,Bayern,Guardado,PSV
52,41.0,SAVE,Pasveer makes a save.,Pasveer,PSV,,
53,41.0,SHOT_ON_GOAL,Vidal has an effort on goal.,Vidal,Bayern,Vidal,Bayern
54,40.0,SAVE,Pasveer makes a save.,Pasveer,PSV,,
55,40.0,SHOT_ON_GOAL,Lewandowski has an effort on goal.,Lewandowski,Bayern,Lewandowski,Bayern
56,38.0,SAVE,Pasveer makes a save.,Pasveer,PSV,,
57,38.0,SHOT_ON_GOAL,Alaba has an effort on goal.,Alaba,Bayern,Alaba,Bayern
58,37.0,FOUL,Isimat-Mirin fouls Müller.,Isimat-Mirin,PSV,Müller,Bayern
59,34.0,GOAL,Lewandowski scores from the penalty spot.,Lewandowski,Bayern,Pasveer,Bayern
60,33.0,FOUL,Guardado handles the ball.,Guardado,PSV,,
61,31.0,SHOT_WIDE,Kimmich misses the target.,Kimmich,Bayern,Kimmich,Bayern
62,31.0,CORNER,Robben takes the corner.,Robben,Bayern,Pröpper,PSV
63,29.0,SHOT_WIDE,Lewandowski misses the target.,Lewandowski,Bayern,Lewandowski,Bayern
64,29.0,CORNER,Robben takes the corner.,Robben,Bayern,Lewandowski,Bayern
65,29.0,SAVE,Pasveer makes a save.,Pasveer,PSV,,
66,29.0,SHOT_ON_GOAL,Robben has an effort on goal.,Robben,Bayern,Robben,Bayern
67,25.0,FREE_KICK,Guardado takes the free-kick.,Guardado,PSV,Willems,PSV
68,25.0,FOUL,Alaba fouls Arias.,Alaba,Bayern,Arias,PSV
69,21.0,SAVE,Pasveer makes a save.,Pasveer,PSV,,
70,21.0,SHOT_ON_GOAL,Xabi Alonso has an effort on goal.,Xabi Alonso,Bayern,Xabi Alonso,Bayern
71,20.0,OFFSIDE,Müller is flagged for offside.,Müller,Bayern,Müller,Bayern
72,14.0,ASSIST,Good assist from Pröpper.,Pröpper,PSV,Pröpper,PSV
73,14.0,GOAL,Arias scores!,Arias,PSV,Neuer,PSV
74,14.0,SHOT_ON_GOAL,Pröpper has an effort on goal.,Pröpper,PSV,Pröpper,PSV
75,14.0,SAVE,Neuer makes a save.,Neuer,Bayern,,
76,13.0,FOUL,Moreno fouls Lewandowski.,Moreno,PSV,Lewandowski,Bayern
77,10.0,SHOT_WIDE,Robben misses the target.,Robben,Bayern,Robben,Bayern
78,6.0,FREE_KICK,Neuer takes the free-kick.,Neuer,Bayern,Hummels,Bayern
79,6.0,FOUL,Arias fouls Müller.,Arias,PSV,Müller,Bayern
80,4.0,SHOT_WIDE,Lewandowski misses the target.,Lewandowski,Bayern,Lewandowski,Bayern
81,4.0,SHOT_WIDE,Lewandowski misses the target.,Lewandowski,Bayern,Lewandowski,Bayern
82,3.0,FOUL,Xabi Alonso fouls L. de Jong.,Xabi Alonso,Bayern,L. de Jong,PSV
83,2.0,SHOT_WIDE,Müller misses the target.,Müller,Bayern,Müller,Bayern
84,1.0,START_PHASE,The match is under way.,,,,
