,minute,eventType,autoText,primaryPlayer,primaryTeam,secondaryPlayer,secondaryTeam
0,,END_PHASE,The final whistle is blown.,,,,
1,86.0,FREE_KICK,Sommer takes the free-kick.,Sommer,Mönchengladbach,Hahn,Mönchengladbach
2,86.0,OFFSIDE,David Silva is flagged for offside.,David Silva,Man. City,David Silva,Man. City
3,85.0,SHOT_WIDE,Otamendi misses the target.,Otamendi,Man. City,Otamendi,Man. City
4,85.0,CORNER,David Silva takes the corner.,David Silva,Man. City,Otamendi,Man. City
5,84.0,SUBSTITUTION,Hahn (on) - Raffael (off),Raffael,Mönchengladbach,Hahn,Mönchengladbach
6,82.0,FREE_KICK,Bravo takes the free-kick.,Bravo,Man. City,Sagna,Man. City
7,82.0,FOUL,Raffael fouls Gündoğan.,Raffael,Mönchengladbach,Gündoğan,Man. City
8,79.0,SAVE,Sommer makes a save.,Sommer,Mönchengladbach,,
9,79.0,SHOT_ON_GOAL,Jesús Navas has an effort on goal.,Jesús Navas,Man. City,Jesús Navas,Man. City
10,79.0,CORNER,De Bruyne takes the corner.,De Bruyne,Man. City,David Silva,Man. City
11,78.0,CORNER,De Bruyne takes the corner.,De Bruyne,Man. City,Vestergaard,Mönchengladbach
12,73.0,SAVE,Sommer makes a save.,Sommer,Mönchengladbach,,
13,73.0,SHOT_ON_GOAL,Gündoğan has an effort on goal.,Gündoğan,Man. City,Gündoğan,Man. City
14,72.0,FOUL,Raffael handles the ball.,Raffael,Mönchengladbach,,
15,72.0,FREE_KICK,De Bruyne takes the free-kick.,De Bruyne,Man. City,Gündoğan,Man. City
16,71.0,YELLOW_CARD,Raffael is cautioned by the referee.,Raffael,Mönchengladbach,Raffael,Mönchengladbach
17,71.0,FOUL,Raffael fouls Gündoğan.,Raffael,Mönchengladbach,Gündoğan,Man. City
18,69.0,FREE_KICK,Sagna takes the free-kick.,Sagna,Man. City,Otamendi,Man. City
19,69.0,YELLOW_CARD,Jantschke is cautioned by the referee.,Jantschke,Mönchengladbach,Jantschke,Mönchengladbach
20,69.0,FOUL,Jantschke fouls Sagna.,Jantschke,Mönchengladbach,Sagna,Man. City
21,69.0,SHOT_WIDE,Raffael misses the target.,Raffael,Mönchengladbach,Raffael,Mönchengladbach
22,68.0,SUBSTITUTION,Sagna (on) - Sterling (off),Sterling,Man. City,Sagna,Man. City
23,67.0,CORNER,David Silva takes the corner.,David Silva,Man. City,Vestergaard,Mönchengladbach
24,67.0,SAVE,Sommer makes a save.,Sommer,Mönchengladbach,,
25,67.0,SHOT_ON_GOAL,De Bruyne has an effort on goal.,De Bruyne,Man. City,De Bruyne,Man. City
26,66.0,FREE_KICK,Gündoğan takes the free-kick.,Gündoğan,Man. City,David Silva,Man. City
27,66.0,FOUL,Raffael fouls Gündoğan.,Raffael,Mönchengladbach,Gündoğan,Man. City
28,66.0,FREE_KICK,A. Christensen takes the free-kick.,A. Christensen,Mönchengladbach,Elvedi,Mönchengladbach
29,66.0,FOUL,Otamendi fouls Strobl.,Otamendi,Man. City,Strobl,Mönchengladbach
30,64.0,SHOT_WIDE,Raffael misses the target.,Raffael,Mönchengladbach,Raffael,Mönchengladbach
31,64.0,FREE_KICK,Strobl takes the free-kick.,Strobl,Mönchengladbach,A. Christensen,Mönchengladbach
32,63.0,RED_YELLOW_CARD,Fernandinho is shown a second yellow card and is dismissed.,Fernandinho,Man. City,Fernandinho,Man. City
33,63.0,FOUL,Fernandinho fouls Raffael.,Fernandinho,Man. City,Raffael,Mönchengladbach
34,62.0,FREE_KICK,Sommer takes the free-kick.,Sommer,Mönchengladbach,Strobl,Mönchengladbach
35,62.0,FOUL,De Bruyne fouls Strobl.,De Bruyne,Man. City,Strobl,Mönchengladbach
36,61.0,FREE_KICK,Wendt takes the free-kick.,Wendt,Mönchengladbach,Raffael,Mönchengladbach
37,61.0,FOUL,Otamendi fouls Johnson.,Otamendi,Man. City,Johnson,Mönchengladbach
38,60.0,SUBSTITUTION,Vestergaard (on) - Dahoud (off),Dahoud,Mönchengladbach,Vestergaard,Mönchengladbach
39,54.0,FREE_KICK,Fernandinho takes the free-kick.,Fernandinho,Man. City,De Bruyne,Man. City
40,53.0,FOUL,Jantschke fouls Agüero.,Jantschke,Mönchengladbach,Agüero,Man. City
41,52.0,FREE_KICK,Otamendi takes the free-kick.,Otamendi,Man. City,Jesús Navas,Man. City
42,51.0,RED_YELLOW_CARD,Stindl is shown a second yellow card and is dismissed.,Stindl,Mönchengladbach,Stindl,Mönchengladbach
43,51.0,FOUL,Stindl fouls Otamendi.,Stindl,Mönchengladbach,Otamendi,Man. City
44,50.0,OFFSIDE,Sterling is flagged for offside.,Sterling,Man. City,Sterling,Man. City
45,50.0,FREE_KICK,Sommer takes the free-kick.,Sommer,Mönchengladbach,Sterling,Man. City
46,49.0,FOUL,Fernandinho fouls Sommer.,Fernandinho,Man. City,Sommer,Mönchengladbach
47,49.0,FREE_KICK,De Bruyne takes the free-kick.,De Bruyne,Man. City,Otamendi,Man. City
48,49.0,YELLOW_CARD,Dahoud is cautioned by the referee.,Dahoud,Mönchengladbach,Dahoud,Mönchengladbach
49,49.0,FOUL,Dahoud fouls Jesús Navas.,Dahoud,Mönchengladbach,Jesús Navas,Man. City
50,47.0,FREE_KICK,Jesús Navas takes the free-kick.,Jesús Navas,Man. City,Fernandinho,Man. City
51,47.0,FOUL,Jantschke fouls De Bruyne.,Jantschke,Mönchengladbach,De Bruyne,Man. City
52,46.0,START_PHASE,The second half begins.,,,,
53,,END_PHASE,The referee blows for half-time.,,,,
54,45.0,ASSIST,Good assist from De Bruyne.,De Bruyne,Man. City,De Bruyne,Man. City
55,45.0,GOAL,David Silva scores!,David Silva,Man. City,Sommer,Man. City
56,45.0,SAVE,Sommer makes a save.,Sommer,Mönchengladbach,,
57,45.0,SHOT_ON_GOAL,Agüero has an effort on goal.,Agüero,Man. City,Agüero,Man. City
58,44.0,FREE_KICK,Gündoğan takes the free-kick.,Gündoğan,Man. City,Stones,Man. City
59,44.0,FOUL,Raffael fouls David Silva.,Raffael,Mönchengladbach,David Silva,Man. City
60,43.0,FREE_KICK,Jantschke takes the free-kick.,Jantschke,Mönchengladbach,Sommer,Mönchengladbach
61,43.0,YELLOW_CARD,Fernandinho is cautioned by the referee.,Fernandinho,Man. City,Fernandinho,Man. City
62,43.0,FOUL,Fernandinho fouls Dahoud.,Fernandinho,Man. City,Dahoud,Mönchengladbach
63,42.0,SHOT_WIDE,Dahoud misses the target.,Dahoud,Mönchengladbach,Dahoud,Mönchengladbach
64,41.0,SUBSTITUTION,J. Hofmann (on) - Traoré (off),Traoré,Mönchengladbach,J. Hofmann,Mönchengladbach
65,39.0,CORNER,Raffael takes the corner.,Raffael,Mönchengladbach,Dahoud,Mönchengladbach
66,38.0,SAVE,Bravo makes a save.,Bravo,Man. City,,
67,38.0,SHOT_ON_GOAL,Wendt has an effort on goal.,Wendt,Mönchengladbach,Wendt,Mönchengladbach
68,38.0,SAVE,Bravo makes a save.,Bravo,Man. City,,
69,38.0,SHOT_ON_GOAL,Elvedi has an effort on goal.,Elvedi,Mönchengladbach,Elvedi,Mönchengladbach
70,38.0,SAVE,Stones makes a save.,Stones,Man. City,,
71,38.0,SHOT_BLOCKED,Stindl has a shot blocked.,Stindl,Mönchengladbach,Stindl,Mönchengladbach
72,36.0,SHOT_WIDE,Otamendi misses the target.,Otamendi,Man. City,Otamendi,Man. City
73,36.0,CORNER,De Bruyne takes the corner.,De Bruyne,Man. City,Otamendi,Man. City
74,36.0,SAVE,Jantschke makes a save.,Jantschke,Mönchengladbach,,
75,36.0,SHOT_BLOCKED,De Bruyne has a shot blocked.,De Bruyne,Man. City,De Bruyne,Man. City
76,35.0,CORNER,David Silva takes the corner.,David Silva,Man. City,Otamendi,Man. City
77,35.0,SAVE,Sommer makes a save.,Sommer,Mönchengladbach,,
78,35.0,SHOT_ON_GOAL,Gündoğan has an effort on goal.,Gündoğan,Man. City,Gündoğan,Man. City
79,34.0,CORNER,De Bruyne takes the corner.,De Bruyne,Man. City,Gündoğan,Man. City
80,33.0,FREE_KICK,Kolarov takes the free-kick.,Kolarov,Man. City,Otamendi,Man. City
81,33.0,OFFSIDE,Traoré is flagged for offside.,Traoré,Mönchengladbach,Traoré,Mönchengladbach
82,32.0,FREE_KICK,Sommer takes the free-kick.,Sommer,Mönchengladbach,Jesús Navas,Man. City
83,32.0,FOUL,Agüero fouls Elvedi.,Agüero,Man. City,Elvedi,Mönchengladbach
84,31.0,FREE_KICK,Strobl takes the free-kick.,Strobl,Mönchengladbach,Jantschke,Mönchengladbach
85,31.0,FOUL,Agüero fouls A. Christensen.,Agüero,Man. City,A. Christensen,Mönchengladbach
86,30.0,SAVE,Kolarov makes a save.,Kolarov,Man. City,,
87,30.0,SHOT_BLOCKED,Traoré has a shot blocked.,Traoré,Mönchengladbach,Traoré,Mönchengladbach
88,29.0,FOUL,Sterling fouls Elvedi.,Sterling,Man. City,Elvedi,Mönchengladbach
89,28.0,SAVE,Kolarov makes a save.,Kolarov,Man. City,,
90,28.0,SHOT_BLOCKED,Strobl has a shot blocked.,Strobl,Mönchengladbach,Strobl,Mönchengladbach
91,28.0,CORNER,Traoré takes the corner.,Traoré,Mönchengladbach,David Silva,Man. City
92,23.0,GOAL,Raffael scores!,Raffael,Mönchengladbach,Bravo,Mönchengladbach
93,22.0,SAVE,Sommer makes a save.,Sommer,Mönchengladbach,,
94,22.0,SHOT_ON_GOAL,Sterling has an effort on goal.,Sterling,Man. City,Sterling,Man. City
95,20.0,FREE_KICK,Gündoğan takes the free-kick.,Gündoğan,Man. City,Fernandinho,Man. City
96,20.0,YELLOW_CARD,Stindl is cautioned by the referee.,Stindl,Mönchengladbach,Stindl,Mönchengladbach
97,20.0,FOUL,Stindl fouls De Bruyne.,Stindl,Mönchengladbach,De Bruyne,Man. City
98,20.0,FOUL,Johnson handles the ball.,Johnson,Mönchengladbach,,
99,19.0,FREE_KICK,Otamendi takes the free-kick.,Otamendi,Man. City,Kolarov,Man. City
100,18.0,FOUL,Stindl fouls Gündoğan.,Stindl,Mönchengladbach,Gündoğan,Man. City
101,16.0,FREE_KICK,Strobl takes the free-kick.,Strobl,Mönchengladbach,Bravo,Man. City
102,16.0,FOUL,Kolarov fouls Stindl.,Kolarov,Man. City,Stindl,Mönchengladbach
103,9.0,CORNER,David Silva takes the corner.,David Silva,Man. City,Sommer,Mönchengladbach
104,7.0,SAVE,Bravo makes a save.,Bravo,Man. City,,
105,7.0,SHOT_ON_GOAL,Johnson has an effort on goal.,Johnson,Mönchengladbach,Johnson,Mönchengladbach
106,5.0,SAVE,Bravo makes a save.,Bravo,Man. City,,
107,5.0,SHOT_ON_GOAL,Stindl has an effort on goal.,Stindl,Mönchengladbach,Stindl,Mönchengladbach
108,5.0,SHOT_BLOCKED,Johnson has a shot blocked.,Johnson,Mönchengladbach,Johnson,Mönchengladbach
109,5.0,SAVE,Stones makes a save.,Stones,Man. City,,
110,4.0,SHOT_WIDE,Fernandinho misses the target.,Fernandinho,Man. City,Fernandinho,Man. City
111,4.0,CORNER,David Silva takes the corner.,David Silva,Man. City,Fernandinho,Man. City
112,2.0,FREE_KICK,De Bruyne takes the free-kick.,De Bruyne,Man. City,Gündoğan,Man. City
113,2.0,FOUL,Stindl fouls Sterling.,Stindl,Mönchengladbach,Sterling,Man. City
114,1.0,START_PHASE,The match is under way.,,,,
