,minute,eventType,autoText,primaryPlayer,primaryTeam,secondaryPlayer,secondaryTeam
0,,END_PHASE,The final whistle is blown.,,,,
1,90.0,FOUL,Alli fouls Henrichs.,Alli,Tottenham,Henrichs,Leverkusen
2,90.0,SAVE,Vertonghen makes a save.,Vertonghen,Tottenham,,
3,90.0,SHOT_BLOCKED,Hernández has a shot blocked.,Hernández,Leverkusen,Hernández,Leverkusen
4,90.0,CORNER,Hakan Çalhanoğlu takes the corner.,Hakan Çalhanoğlu,Leverkusen,Hernández,Leverkusen
5,90.0,FREE_KICK,Lloris takes the free-kick.,Lloris,Tottenham,Wendell,Leverkusen
6,90.0,FOUL,Mehmedi fouls Winks.,Mehmedi,Leverkusen,Winks,Tottenham
7,90.0,FREE_KICK,Leno takes the free-kick.,Leno,Leverkusen,,
8,90.0,FOUL,Walker fouls Wendell.,Walker,Tottenham,Wendell,Leverkusen
9,88.0,FREE_KICK,Leno takes the free-kick.,Leno,Leverkusen,Vertonghen,Tottenham
10,88.0,FOUL,N'Koudou fouls Hernández.,N'Koudou,Tottenham,Hernández,Leverkusen
11,88.0,FREE_KICK,Winks takes the free-kick.,Winks,Tottenham,Wanyama,Tottenham
12,87.0,FOUL,Tah fouls Janssen.,Tah,Leverkusen,Janssen,Tottenham
13,86.0,SUBSTITUTION,Havertz (on) - Aránguiz (off),Aránguiz,Leverkusen,Havertz,Leverkusen
14,85.0,SUBSTITUTION,Volland (on) - Kampl (off),Kampl,Leverkusen,Volland,Leverkusen
15,84.0,SHOT_WIDE,Davies misses the target.,Davies,Tottenham,Davies,Tottenham
16,83.0,SHOT_WIDE,Dier misses the target.,Dier,Tottenham,Dier,Tottenham
17,81.0,FOUL,Wendell fouls Alli.,Wendell,Leverkusen,Alli,Tottenham
18,80.0,SHOT_WIDE,Ömer Toprak misses the target.,Ömer Toprak,Leverkusen,Ömer Toprak,Leverkusen
19,80.0,CORNER,Hakan Çalhanoğlu takes the corner.,Hakan Çalhanoğlu,Leverkusen,Ömer Toprak,Leverkusen
20,77.0,SAVE,Davies makes a save.,Davies,Tottenham,,
21,77.0,SHOT_BLOCKED,Hernández has a shot blocked.,Hernández,Leverkusen,Hernández,Leverkusen
22,76.0,FREE_KICK,Leno takes the free-kick.,Leno,Leverkusen,Hakan Çalhanoğlu,Leverkusen
23,75.0,FOUL,Alli fouls Henrichs.,Alli,Tottenham,Henrichs,Leverkusen
24,74.0,FREE_KICK,Henrichs takes the free-kick.,Henrichs,Leverkusen,Mehmedi,Leverkusen
25,74.0,FOUL,Davies fouls Kampl.,Davies,Tottenham,Kampl,Leverkusen
26,73.0,SUBSTITUTION,N'Koudou (on) - Son (off),Son,Tottenham,N'Koudou,Tottenham
27,70.0,SUBSTITUTION,Hakan Çalhanoğlu (on) - Brandt (off),Brandt,Leverkusen,Hakan Çalhanoğlu,Leverkusen
28,70.0,FREE_KICK,Vertonghen takes the free-kick.,Vertonghen,Tottenham,Dier,Tottenham
29,70.0,FOUL,Hernández fouls Vertonghen.,Hernández,Leverkusen,Vertonghen,Tottenham
30,67.0,CORNER,Son takes the corner.,Son,Tottenham,Davies,Tottenham
31,66.0,FREE_KICK,Wanyama takes the free-kick.,Wanyama,Tottenham,Alli,Tottenham
32,66.0,FOUL,Hernández fouls Walker.,Hernández,Leverkusen,Walker,Tottenham
33,65.0,SUBSTITUTION,Winks (on) - Eriksen (off),Eriksen,Tottenham,Winks,Tottenham
34,65.0,GOAL,Kampl scores!,Kampl,Leverkusen,Lloris,Leverkusen
35,65.0,SAVE,Davies makes a save.,Davies,Tottenham,,
36,65.0,SHOT_BLOCKED,Aránguiz has a shot blocked.,Aránguiz,Leverkusen,Aránguiz,Leverkusen
37,64.0,SHOT_WIDE,Sissoko misses the target.,Sissoko,Tottenham,Sissoko,Tottenham
38,63.0,FREE_KICK,Aránguiz takes the free-kick.,Aránguiz,Leverkusen,Alli,Tottenham
39,63.0,FOUL,Sissoko fouls Baumgartlinger.,Sissoko,Tottenham,Baumgartlinger,Leverkusen
40,61.0,SAVE,Lloris makes a save.,Lloris,Tottenham,,
41,61.0,SHOT_ON_GOAL,Hernández has an effort on goal.,Hernández,Leverkusen,Hernández,Leverkusen
42,61.0,SHOT_BLOCKED,Hernández has a shot blocked.,Hernández,Leverkusen,Hernández,Leverkusen
43,61.0,SAVE,Vertonghen makes a save.,Vertonghen,Tottenham,,
44,60.0,SHOT_WIDE,Walker misses the target.,Walker,Tottenham,Walker,Tottenham
45,59.0,SHOT_WIDE,Janssen misses the target.,Janssen,Tottenham,Janssen,Tottenham
46,58.0,SAVE,Walker makes a save.,Walker,Tottenham,,
47,58.0,SHOT_BLOCKED,Kampl has a shot blocked.,Kampl,Leverkusen,Kampl,Leverkusen
48,56.0,FREE_KICK,Kampl takes the free-kick.,Kampl,Leverkusen,Baumgartlinger,Leverkusen
49,55.0,FOUL,Walker fouls Mehmedi.,Walker,Tottenham,Mehmedi,Leverkusen
50,55.0,SAVE,Leno makes a save.,Leno,Leverkusen,,
51,55.0,SHOT_ON_GOAL,Eriksen has an effort on goal.,Eriksen,Tottenham,Eriksen,Tottenham
52,54.0,FREE_KICK,Lloris takes the free-kick.,Lloris,Tottenham,Dier,Tottenham
53,54.0,FOUL,Hernández fouls Davies.,Hernández,Leverkusen,Davies,Tottenham
54,53.0,CORNER,Davies takes the corner.,Davies,Tottenham,Walker,Tottenham
55,51.0,SAVE,Vertonghen makes a save.,Vertonghen,Tottenham,,
56,51.0,SHOT_BLOCKED,Hernández has a shot blocked.,Hernández,Leverkusen,Hernández,Leverkusen
57,48.0,SHOT_WIDE,Eriksen misses the target.,Eriksen,Tottenham,Eriksen,Tottenham
58,46.0,START_PHASE,The second half begins.,,,,
59,,END_PHASE,The referee blows for half-time.,,,,
60,45.0,FOUL,Janssen fouls Tah.,Janssen,Tottenham,Tah,Leverkusen
61,45.0,SHOT_WIDE,Alli misses the target.,Alli,Tottenham,Alli,Tottenham
62,44.0,SHOT_WIDE,Mehmedi misses the target.,Mehmedi,Leverkusen,Mehmedi,Leverkusen
63,44.0,CORNER,Aránguiz takes the corner.,Aránguiz,Leverkusen,Mehmedi,Leverkusen
64,43.0,SHOT_BLOCKED,Hernández has a shot blocked.,Hernández,Leverkusen,Hernández,Leverkusen
65,43.0,SAVE,Vertonghen makes a save.,Vertonghen,Tottenham,,
66,42.0,FREE_KICK,Kampl takes the free-kick.,Kampl,Leverkusen,Tah,Leverkusen
67,41.0,FOUL,Davies fouls Kampl.,Davies,Tottenham,Kampl,Leverkusen
68,41.0,FREE_KICK,Eriksen takes the free-kick.,Eriksen,Tottenham,Dier,Tottenham
69,40.0,FOUL,Tah fouls Janssen.,Tah,Leverkusen,Janssen,Tottenham
70,34.0,CORNER,Davies takes the corner.,Davies,Tottenham,Son,Tottenham
71,33.0,FREE_KICK,Tah takes the free-kick.,Tah,Leverkusen,Dier,Tottenham
72,33.0,FOUL,Wanyama fouls Baumgartlinger.,Wanyama,Tottenham,Baumgartlinger,Leverkusen
73,33.0,SAVE,Leno makes a save.,Leno,Leverkusen,,
74,33.0,SHOT_ON_GOAL,Eriksen has an effort on goal.,Eriksen,Tottenham,Eriksen,Tottenham
75,30.0,SUBSTITUTION,Janssen (on) - Dembélé (off),Dembélé,Tottenham,Janssen,Tottenham
76,30.0,CORNER,Aránguiz takes the corner.,Aránguiz,Leverkusen,Lloris,Tottenham
77,29.0,CORNER,Davies takes the corner.,Davies,Tottenham,Hernández,Leverkusen
78,25.0,FREE_KICK,Baumgartlinger takes the free-kick.,Baumgartlinger,Leverkusen,Kampl,Leverkusen
79,25.0,FOUL,Dembélé fouls Kampl.,Dembélé,Tottenham,Kampl,Leverkusen
80,23.0,FREE_KICK,Vertonghen takes the free-kick.,Vertonghen,Tottenham,Dier,Tottenham
81,23.0,FOUL,Hernández fouls Dier.,Hernández,Leverkusen,Dier,Tottenham
82,22.0,FREE_KICK,Leno takes the free-kick.,Leno,Leverkusen,Dier,Tottenham
83,21.0,OFFSIDE,Son is flagged for offside.,Son,Tottenham,Son,Tottenham
84,21.0,FREE_KICK,Dier takes the free-kick.,Dier,Tottenham,Lloris,Tottenham
85,21.0,FOUL,Mehmedi fouls Alli.,Mehmedi,Leverkusen,Alli,Tottenham
86,17.0,FREE_KICK,Dier takes the free-kick.,Dier,Tottenham,Wanyama,Tottenham
87,16.0,OFFSIDE,Mehmedi is flagged for offside.,Mehmedi,Leverkusen,Mehmedi,Leverkusen
88,12.0,FOUL,Wanyama fouls Mehmedi.,Wanyama,Tottenham,Mehmedi,Leverkusen
89,12.0,FREE_KICK,Ömer Toprak takes the free-kick.,Ömer Toprak,Leverkusen,Davies,Tottenham
90,11.0,FOUL,Dier fouls Mehmedi.,Dier,Tottenham,Mehmedi,Leverkusen
91,10.0,FOUL,Tah fouls Alli.,Tah,Leverkusen,Alli,Tottenham
92,7.0,FREE_KICK,Lloris takes the free-kick.,Lloris,Tottenham,Sissoko,Tottenham
93,6.0,OFFSIDE,Mehmedi is flagged for offside.,Mehmedi,Leverkusen,Mehmedi,Leverkusen
94,5.0,CORNER,Aránguiz takes the corner.,Aránguiz,Leverkusen,Dembélé,Tottenham
95,1.0,FREE_KICK,Vertonghen takes the free-kick.,Vertonghen,Tottenham,Lloris,Tottenham
96,1.0,FOUL,Kampl handles the ball.,Kampl,Leverkusen,,
97,1.0,START_PHASE,The match is under way.,,,,
