,minute,eventType,autoText,primaryPlayer,primaryTeam,secondaryPlayer,secondaryTeam
0,,END_PHASE,The final whistle is blown.,,,,
1,90.0,SHOT_WIDE,De Bruyne misses the target.,De Bruyne,Man. City,De Bruyne,Man. City
2,90.0,FOUL,Strobl fouls Kolarov.,Strobl,Mönchengladbach,Kolarov,Man. City
3,90.0,ASSIST,Good assist from Sané.,Sané,Man. City,Sané,Man. City
4,90.0,GOAL,Iheanacho scores!,Iheanacho,Man. City,Sommer,Man. City
5,87.0,SAVE,Sommer makes a save.,Sommer,Mönchengladbach,,
6,87.0,SHOT_ON_GOAL,Kolarov has an effort on goal.,Kolarov,Man. City,Kolarov,Man. City
7,87.0,FREE_KICK,Stones takes the free-kick.,Stones,Man. City,Sané,Man. City
8,86.0,FOUL,T. Hazard fouls Kolarov.,T. Hazard,Mönchengladbach,Kolarov,Man. City
9,83.0,FREE_KICK,Korb takes the free-kick.,Korb,Mönchengladbach,Dahoud,Mönchengladbach
10,83.0,SUBSTITUTION,Iheanacho (on) - Agüero (off),Agüero,Man. City,Iheanacho,Man. City
11,82.0,FOUL,Agüero handles the ball.,Agüero,Man. City,,
12,82.0,FREE_KICK,Stones takes the free-kick.,Stones,Man. City,Fernandinho,Man. City
13,81.0,SUBSTITUTION,Clichy (on) - Gündoğan (off),Gündoğan,Man. City,Clichy,Man. City
14,81.0,SUBSTITUTION,Traoré (on) - Stindl (off),Stindl,Mönchengladbach,Traoré,Mönchengladbach
15,81.0,FOUL,Korb fouls Jesús Navas.,Korb,Mönchengladbach,Jesús Navas,Man. City
16,80.0,FREE_KICK,A. Christensen takes the free-kick.,A. Christensen,Mönchengladbach,Sommer,Mönchengladbach
17,79.0,SUBSTITUTION,Sané (on) - Sterling (off),Sterling,Man. City,Sané,Man. City
18,79.0,OFFSIDE,Agüero is flagged for offside.,Agüero,Man. City,Agüero,Man. City
19,77.0,ASSIST,Good assist from Sterling.,Sterling,Man. City,Sterling,Man. City
20,77.0,GOAL,Agüero scores!,Agüero,Man. City,Sommer,Man. City
21,76.0,SAVE,Sommer makes a save.,Sommer,Mönchengladbach,,
22,76.0,SHOT_ON_GOAL,Agüero has an effort on goal.,Agüero,Man. City,Agüero,Man. City
23,73.0,SHOT_WIDE,Otamendi misses the target.,Otamendi,Man. City,Otamendi,Man. City
24,73.0,CORNER,Gündoğan takes the corner.,Gündoğan,Man. City,Otamendi,Man. City
25,73.0,SAVE,Sommer makes a save.,Sommer,Mönchengladbach,,
26,73.0,SHOT_ON_GOAL,Sterling has an effort on goal.,Sterling,Man. City,Sterling,Man. City
27,72.0,SHOT_WIDE,Kolarov misses the target.,Kolarov,Man. City,Kolarov,Man. City
28,71.0,FOUL,Strobl fouls Sterling.,Strobl,Mönchengladbach,Sterling,Man. City
29,69.0,FREE_KICK,Kolarov takes the free-kick.,Kolarov,Man. City,Gündoğan,Man. City
30,69.0,FOUL,T. Hazard fouls Kolarov.,T. Hazard,Mönchengladbach,Kolarov,Man. City
31,68.0,SAVE,Elvedi makes a save.,Elvedi,Mönchengladbach,,
32,68.0,SHOT_BLOCKED,De Bruyne has a shot blocked.,De Bruyne,Man. City,De Bruyne,Man. City
33,66.0,SHOT_WIDE,Zabaleta misses the target.,Zabaleta,Man. City,Zabaleta,Man. City
34,64.0,FREE_KICK,Fernandinho takes the free-kick.,Fernandinho,Man. City,Stones,Man. City
35,63.0,OFFSIDE,Stindl is flagged for offside.,Stindl,Mönchengladbach,Stindl,Mönchengladbach
36,61.0,SAVE,Sommer makes a save.,Sommer,Mönchengladbach,,
37,61.0,SHOT_ON_GOAL,De Bruyne has an effort on goal.,De Bruyne,Man. City,De Bruyne,Man. City
38,59.0,SUBSTITUTION,T. Hazard (on) - Hahn (off),Hahn,Mönchengladbach,T. Hazard,Mönchengladbach
39,59.0,SHOT_WIDE,Otamendi misses the target.,Otamendi,Man. City,Otamendi,Man. City
40,58.0,SAVE,Wendt makes a save.,Wendt,Mönchengladbach,,
41,58.0,SHOT_BLOCKED,Jesús Navas has a shot blocked.,Jesús Navas,Man. City,Jesús Navas,Man. City
42,57.0,FREE_KICK,Fernandinho takes the free-kick.,Fernandinho,Man. City,Otamendi,Man. City
43,56.0,FOUL,A. Christensen fouls De Bruyne.,A. Christensen,Mönchengladbach,De Bruyne,Man. City
44,54.0,FREE_KICK,Strobl takes the free-kick.,Strobl,Mönchengladbach,Elvedi,Mönchengladbach
45,54.0,FOUL,Agüero fouls Dahoud.,Agüero,Man. City,Dahoud,Mönchengladbach
46,53.0,SAVE,Elvedi makes a save.,Elvedi,Mönchengladbach,,
47,53.0,SHOT_BLOCKED,Jesús Navas has a shot blocked.,Jesús Navas,Man. City,Jesús Navas,Man. City
48,53.0,FREE_KICK,Kolarov takes the free-kick.,Kolarov,Man. City,A. Christensen,Mönchengladbach
49,52.0,FOUL,Hahn fouls Kolarov.,Hahn,Mönchengladbach,Kolarov,Man. City
50,50.0,FREE_KICK,Elvedi takes the free-kick.,Elvedi,Mönchengladbach,A. Christensen,Mönchengladbach
51,50.0,FOUL,Zabaleta fouls Stindl.,Zabaleta,Man. City,Stindl,Mönchengladbach
52,50.0,SAVE,Sommer makes a save.,Sommer,Mönchengladbach,,
53,50.0,SHOT_ON_GOAL,Agüero has an effort on goal.,Agüero,Man. City,Agüero,Man. City
54,50.0,SAVE,Sommer makes a save.,Sommer,Mönchengladbach,,
55,49.0,FREE_KICK,Raffael takes the free-kick.,Raffael,Mönchengladbach,A. Christensen,Mönchengladbach
56,48.0,YELLOW_CARD,Otamendi is cautioned by the referee.,Otamendi,Man. City,Otamendi,Man. City
57,48.0,FOUL,Otamendi fouls Raffael.,Otamendi,Man. City,Raffael,Mönchengladbach
58,47.0,SAVE,Bravo makes a save.,Bravo,Man. City,,
59,46.0,START_PHASE,The second half begins.,,,,
60,,END_PHASE,The referee blows for half-time.,,,,
61,45.0,SHOT_WIDE,Agüero misses the target.,Agüero,Man. City,Agüero,Man. City
62,44.0,FREE_KICK,Fernandinho takes the free-kick.,Fernandinho,Man. City,Zabaleta,Man. City
63,44.0,FOUL,Elvedi fouls Gündoğan.,Elvedi,Mönchengladbach,Gündoğan,Man. City
64,42.0,CORNER,Raffael takes the corner.,Raffael,Mönchengladbach,A. Christensen,Mönchengladbach
65,42.0,SAVE,Bravo makes a save.,Bravo,Man. City,,
66,42.0,SHOT_ON_GOAL,Stindl has an effort on goal.,Stindl,Mönchengladbach,Stindl,Mönchengladbach
67,42.0,CORNER,Raffael takes the corner.,Raffael,Mönchengladbach,Stindl,Mönchengladbach
68,39.0,FREE_KICK,Stones takes the free-kick.,Stones,Man. City,De Bruyne,Man. City
69,39.0,FOUL,Stindl fouls Fernandinho.,Stindl,Mönchengladbach,Fernandinho,Man. City
70,39.0,FREE_KICK,Kolarov takes the free-kick.,Kolarov,Man. City,Stones,Man. City
71,38.0,SUBSTITUTION,Korb (on) - Kramer (off),Kramer,Mönchengladbach,Korb,Mönchengladbach
72,38.0,FOUL,Strobl fouls Gündoğan.,Strobl,Mönchengladbach,Gündoğan,Man. City
73,36.0,FREE_KICK,Raffael takes the free-kick.,Raffael,Mönchengladbach,Wendt,Mönchengladbach
74,36.0,FOUL,Gündoğan fouls Raffael.,Gündoğan,Man. City,Raffael,Mönchengladbach
75,34.0,CORNER,Raffael takes the corner.,Raffael,Mönchengladbach,Dahoud,Mönchengladbach
76,33.0,FREE_KICK,Bravo takes the free-kick.,Bravo,Man. City,Jesús Navas,Man. City
77,33.0,OFFSIDE,Hahn is flagged for offside.,Hahn,Mönchengladbach,Hahn,Mönchengladbach
78,32.0,SAVE,Zabaleta makes a save.,Zabaleta,Man. City,,
79,32.0,SHOT_BLOCKED,Wendt has a shot blocked.,Wendt,Mönchengladbach,Wendt,Mönchengladbach
80,32.0,FREE_KICK,Sommer takes the free-kick.,Sommer,Mönchengladbach,Kramer,Mönchengladbach
81,31.0,OFFSIDE,Sterling is flagged for offside.,Sterling,Man. City,Sterling,Man. City
82,29.0,FREE_KICK,Elvedi takes the free-kick.,Elvedi,Mönchengladbach,Strobl,Mönchengladbach
83,29.0,FOUL,Fernandinho fouls Raffael.,Fernandinho,Man. City,Raffael,Mönchengladbach
84,29.0,SAVE,Sommer makes a save.,Sommer,Mönchengladbach,,
85,29.0,SHOT_ON_GOAL,Gündoğan has an effort on goal.,Gündoğan,Man. City,Gündoğan,Man. City
86,28.0,GOAL,Agüero scores from the penalty spot.,Agüero,Man. City,Sommer,Man. City
87,27.0,YELLOW_CARD,Kramer is cautioned by the referee.,Kramer,Mönchengladbach,Kramer,Mönchengladbach
88,27.0,FOUL,Kramer fouls Gündoğan.,Kramer,Mönchengladbach,Gündoğan,Man. City
89,27.0,FREE_KICK,Sommer takes the free-kick.,Sommer,Mönchengladbach,Strobl,Mönchengladbach
90,26.0,FOUL,Jesús Navas fouls Strobl.,Jesús Navas,Man. City,Strobl,Mönchengladbach
91,26.0,FOUL,Hahn fouls Sterling.,Hahn,Mönchengladbach,Sterling,Man. City
92,26.0,CORNER,Raffael takes the corner.,Raffael,Mönchengladbach,Stones,Man. City
93,26.0,SAVE,Stones makes a save.,Stones,Man. City,,
94,26.0,SHOT_BLOCKED,Raffael has a shot blocked.,Raffael,Mönchengladbach,Raffael,Mönchengladbach
95,22.0,CORNER,Raffael takes the corner.,Raffael,Mönchengladbach,Stones,Man. City
96,22.0,CORNER,Raffael takes the corner.,Raffael,Mönchengladbach,Kramer,Mönchengladbach
97,21.0,CORNER,De Bruyne takes the corner.,De Bruyne,Man. City,Gündoğan,Man. City
98,20.0,SHOT_WIDE,Sterling misses the target.,Sterling,Man. City,Sterling,Man. City
99,19.0,CORNER,De Bruyne takes the corner.,De Bruyne,Man. City,Kramer,Mönchengladbach
100,16.0,FREE_KICK,Kramer takes the free-kick.,Kramer,Mönchengladbach,Strobl,Mönchengladbach
101,16.0,FOUL,Fernandinho fouls Stindl.,Fernandinho,Man. City,Stindl,Mönchengladbach
102,16.0,FREE_KICK,Sommer takes the free-kick.,Sommer,Mönchengladbach,Zabaleta,Man. City
103,15.0,OFFSIDE,Agüero is flagged for offside.,Agüero,Man. City,Agüero,Man. City
104,14.0,SHOT_WIDE,Fernandinho misses the target.,Fernandinho,Man. City,Fernandinho,Man. City
105,14.0,CORNER,De Bruyne takes the corner.,De Bruyne,Man. City,Strobl,Mönchengladbach
106,12.0,CORNER,De Bruyne takes the corner.,De Bruyne,Man. City,Sommer,Mönchengladbach
107,12.0,SAVE,Sommer makes a save.,Sommer,Mönchengladbach,,
108,12.0,SHOT_ON_GOAL,Gündoğan has an effort on goal.,Gündoğan,Man. City,Gündoğan,Man. City
109,11.0,FREE_KICK,Kolarov takes the free-kick.,Kolarov,Man. City,Gündoğan,Man. City
110,11.0,FOUL,Elvedi fouls Sterling.,Elvedi,Mönchengladbach,Sterling,Man. City
111,11.0,FREE_KICK,Kramer takes the free-kick.,Kramer,Mönchengladbach,Sommer,Mönchengladbach
112,11.0,OFFSIDE,Jesús Navas is flagged for offside.,Jesús Navas,Man. City,Jesús Navas,Man. City
113,9.0,ASSIST,Good assist from Kolarov.,Kolarov,Man. City,Kolarov,Man. City
114,9.0,GOAL,Agüero scores!,Agüero,Man. City,Sommer,Man. City
115,6.0,CORNER,De Bruyne takes the corner.,De Bruyne,Man. City,A. Christensen,Mönchengladbach
116,5.0,FREE_KICK,Fernandinho takes the free-kick.,Fernandinho,Man. City,Otamendi,Man. City
117,5.0,FOUL,Strobl fouls Jesús Navas.,Strobl,Mönchengladbach,Jesús Navas,Man. City
118,1.0,START_PHASE,The match is under way.,,,,
