,minute,eventType,autoText,primaryPlayer,primaryTeam,secondaryPlayer,secondaryTeam
0,,END_PHASE,The final whistle is blown.,,,,
1,90.0,YELLOW_CARD,Smyth is cautioned by the referee.,Smyth,Linfield,,
2,90.0,YELLOW_CARD,Armstrong is cautioned by the referee.,Armstrong,Celtic,,
3,90.0,FOUL,Smyth fouls Armstrong.,Smyth,Linfield,Armstrong,Celtic
4,90.0,CORNER,Hayes takes the corner.,Hayes,Celtic,,
5,90.0,CORNER,Hayes takes the corner.,Hayes,Celtic,,
6,90.0,SAVE,Carroll makes a save.,Carroll,Linfield,,
7,90.0,SHOT_ON_GOAL,Lustig has an effort on goal.,Lustig,Celtic,,
8,90.0,SAVE,Carroll makes a save.,Carroll,Linfield,,
9,90.0,SHOT_ON_GOAL,Dembélé has an effort on goal.,Dembélé,Celtic,,
10,89.0,FOUL,Tierney fouls Smyth.,Tierney,Celtic,Smyth,Linfield
11,89.0,FOUL,Dembélé fouls Carroll.,Dembélé,Celtic,Carroll,Linfield
12,88.0,FOUL,Waterworth fouls Hayes.,Waterworth,Linfield,Hayes,Celtic
13,86.0,CORNER,Hayes takes the corner.,Hayes,Celtic,,
14,86.0,CORNER,Hayes takes the corner.,Hayes,Celtic,,
15,86.0,SHOT_BLOCKED,Hayes has a shot blocked.,Hayes,Celtic,,
16,84.0,FOUL,Waterworth fouls Sviatchenko.,Waterworth,Linfield,Sviatchenko,Celtic
17,82.0,OFFSIDE,Dembélé is flagged for offside.,Dembélé,Celtic,,
18,81.0,SAVE,Carroll makes a save.,Carroll,Linfield,,
19,81.0,SHOT_ON_GOAL,Lustig has an effort on goal.,Lustig,Celtic,,
20,78.0,FOUL,Sinclair fouls Waterworth.,Sinclair,Celtic,Waterworth,Linfield
21,78.0,CORNER,Hayes takes the corner.,Hayes,Celtic,,
22,78.0,SAVE,Carroll makes a save.,Carroll,Linfield,,
23,78.0,SHOT_ON_GOAL,Armstrong has an effort on goal.,Armstrong,Celtic,,
24,76.0,CORNER,Hayes takes the corner.,Hayes,Celtic,,
25,76.0,SHOT_BLOCKED,Armstrong has a shot blocked.,Armstrong,Celtic,,
26,74.0,YELLOW_CARD,Brown is cautioned by the referee.,Brown,Celtic,,
27,74.0,FOUL,Brown fouls Waterworth.,Brown,Celtic,Waterworth,Linfield
28,73.0,CORNER,Hayes takes the corner.,Hayes,Celtic,,
29,71.0,SHOT_WIDE,Rogić misses the target.,Rogić,Celtic,,
30,70.0,SUBSTITUTION,Hayes (on) - Forrest (off),Forrest,Celtic,Hayes,Celtic
31,70.0,FOUL,Tierney fouls Smyth.,Tierney,Celtic,Smyth,Linfield
32,69.0,SUBSTITUTION,Dembélé (on) - Griffiths (off),Griffiths,Celtic,Dembélé,Celtic
33,69.0,YELLOW_CARD,Waterworth is cautioned by the referee.,Waterworth,Linfield,,
34,69.0,FOUL,Waterworth fouls Sviatchenko.,Waterworth,Linfield,Sviatchenko,Celtic
35,66.0,YELLOW_CARD,Rogić is cautioned by the referee.,Rogić,Celtic,,
36,66.0,FOUL,Rogić fouls Casement.,Rogić,Celtic,Casement,Linfield
37,65.0,FOUL,Rogić fouls Stafford.,Rogić,Celtic,Stafford,Linfield
38,65.0,CORNER,Griffiths takes the corner.,Griffiths,Celtic,,
39,65.0,YELLOW_CARD,Griffiths is cautioned by the referee.,Griffiths,Celtic,,
40,64.0,CORNER,Griffiths takes the corner.,Griffiths,Celtic,,
41,63.0,YELLOW_CARD,Garrett is cautioned by the referee.,Garrett,Linfield,,
42,61.0,CORNER,Griffiths takes the corner.,Griffiths,Celtic,,
43,59.0,YELLOW_CARD,Šimunović is cautioned by the referee.,Šimunović,Celtic,,
44,59.0,FOUL,Šimunović fouls Waterworth.,Šimunović,Celtic,Waterworth,Linfield
45,58.0,SHOT_WIDE,Sinclair misses the target.,Sinclair,Celtic,,
46,55.0,SAVE,Carroll makes a save.,Carroll,Linfield,,
47,55.0,SHOT_ON_GOAL,Sviatchenko has an effort on goal.,Sviatchenko,Celtic,,
48,55.0,CORNER,Griffiths takes the corner.,Griffiths,Celtic,,
49,54.0,SUBSTITUTION,J. Stewart (on) - M. Clarke (off),M. Clarke,Linfield,J. Stewart,Linfield
50,52.0,SHOT_BLOCKED,Forrest has a shot blocked.,Forrest,Celtic,,
51,51.0,CORNER,Quinn takes the corner.,Quinn,Linfield,,
52,49.0,SAVE,Carroll makes a save.,Carroll,Linfield,,
53,49.0,SHOT_ON_GOAL,Armstrong has an effort on goal.,Armstrong,Celtic,,
54,49.0,SHOT_BLOCKED,Waterworth has a shot blocked.,Waterworth,Linfield,,
55,48.0,FOUL,Sviatchenko fouls Waterworth.,Sviatchenko,Celtic,Waterworth,Linfield
56,47.0,FOUL,Waterworth fouls Šimunović.,Waterworth,Linfield,Šimunović,Celtic
57,47.0,OFFSIDE,Griffiths is flagged for offside.,Griffiths,Celtic,,
58,46.0,START_PHASE,The second half begins.,,,,
59,,END_PHASE,The referee blows for half-time.,,,,
60,42.0,SHOT_WIDE,Lustig misses the target.,Lustig,Celtic,,
61,42.0,CORNER,Griffiths takes the corner.,Griffiths,Celtic,,
62,41.0,SHOT_BLOCKED,Armstrong has a shot blocked.,Armstrong,Celtic,,
63,39.0,SAVE,Carroll makes a save.,Carroll,Linfield,,
64,39.0,SHOT_ON_GOAL,Sinclair has an effort on goal.,Sinclair,Celtic,,
65,38.0,SHOT_BLOCKED,Forrest has a shot blocked.,Forrest,Celtic,,
66,37.0,FOUL,Garrett fouls Rogić.,Garrett,Linfield,Rogić,Celtic
67,36.0,FOUL,Tierney fouls Smyth.,Tierney,Celtic,Smyth,Linfield
68,35.0,SAVE,Carroll makes a save.,Carroll,Linfield,,
69,35.0,SHOT_ON_GOAL,Forrest has an effort on goal.,Forrest,Celtic,,
70,32.0,SAVE,Carroll makes a save.,Carroll,Linfield,,
71,32.0,SHOT_ON_GOAL,Griffiths has an effort on goal.,Griffiths,Celtic,,
72,29.0,CORNER,Griffiths takes the corner.,Griffiths,Celtic,,
73,28.0,SAVE,Carroll makes a save.,Carroll,Linfield,,
74,28.0,SHOT_ON_GOAL,Sinclair has an effort on goal.,Sinclair,Celtic,,
75,27.0,SHOT_BLOCKED,Rogić has a shot blocked.,Rogić,Celtic,,
76,27.0,SHOT_WIDE,Haughey misses the target.,Haughey,Linfield,,
77,26.0,FOUL,Sviatchenko fouls Mulgrew.,Sviatchenko,Celtic,Mulgrew,Linfield
78,25.0,FOUL,Smyth fouls Sviatchenko.,Smyth,Linfield,Sviatchenko,Celtic
79,24.0,FOUL,Sviatchenko fouls Waterworth.,Sviatchenko,Celtic,Waterworth,Linfield
80,23.0,ASSIST,Good assist from Griffiths.,Griffiths,Celtic,,
81,23.0,GOAL,Rogić scores!,Rogić,Celtic,Carroll,Celtic
82,22.0,CORNER,Griffiths takes the corner.,Griffiths,Celtic,,
83,22.0,FOUL,Stafford fouls Šimunović.,Stafford,Linfield,Šimunović,Celtic
84,21.0,CORNER,Quinn takes the corner.,Quinn,Linfield,,
85,20.0,SHOT_BLOCKED,Tierney has a shot blocked.,Tierney,Celtic,,
86,19.0,CORNER,Smyth takes the corner.,Smyth,Linfield,,
87,19.0,FOUL,Brown fouls Smyth.,Brown,Celtic,Smyth,Linfield
88,17.0,GOAL,Haughey scores an own goal.,Haughey,Linfield,Carroll,Celtic
89,17.0,CORNER,Griffiths takes the corner.,Griffiths,Celtic,,
90,17.0,SHOT_BLOCKED,Armstrong has a shot blocked.,Armstrong,Celtic,,
91,13.0,SHOT_WIDE,Rogić misses the target.,Rogić,Celtic,,
92,11.0,OFFSIDE,Forrest is flagged for offside.,Forrest,Celtic,,
93,10.0,SHOT_BLOCKED,Tierney has a shot blocked.,Tierney,Celtic,,
94,8.0,FOUL,Brown fouls Lowry.,Brown,Celtic,Lowry,Linfield
95,5.0,SAVE,Carroll makes a save.,Carroll,Linfield,,
96,5.0,SHOT_ON_GOAL,Griffiths has an effort on goal.,Griffiths,Celtic,,
97,3.0,SHOT_BLOCKED,Tierney has a shot blocked.,Tierney,Celtic,,
98,1.0,SAVE,Carroll makes a save.,Carroll,Linfield,,
99,1.0,SHOT_ON_GOAL,Armstrong has an effort on goal.,Armstrong,Celtic,,
100,1.0,START_PHASE,The match is under way.,,,,
