,minute,eventType,autoText,primaryPlayer,primaryTeam,secondaryPlayer,secondaryTeam
0,,END_PHASE,The final whistle is blown.,,,,
1,90.0,SAVE,Brown makes a save.,Brown,Celtic,,
2,90.0,SHOT_BLOCKED,Robben has a shot blocked.,Robben,Bayern,Robben,Bayern
3,90.0,FREE_KICK,Gordon takes the free-kick.,Gordon,Celtic,Lustig,Celtic
4,90.0,FOUL,Alaba fouls Ntcham.,Alaba,Bayern,Ntcham,Celtic
5,90.0,SAVE,Gordon makes a save.,Gordon,Celtic,,
6,90.0,SHOT_ON_GOAL,Müller has an effort on goal.,Müller,Bayern,Müller,Bayern
7,90.0,FREE_KICK,Boateng takes the free-kick.,Boateng,Bayern,Rudy,Bayern
8,90.0,OFFSIDE,Dembélé is flagged for offside.,Dembélé,Celtic,Dembélé,Celtic
9,90.0,FREE_KICK,Ulreich takes the free-kick.,Ulreich,Bayern,Boateng,Bayern
10,90.0,OFFSIDE,Brown is flagged for offside.,Brown,Celtic,Brown,Celtic
11,90.0,CORNER,Rogić takes the corner.,Rogić,Celtic,Sinclair,Celtic
12,90.0,SAVE,Alaba makes a save.,Alaba,Bayern,,
13,90.0,SHOT_BLOCKED,Forrest has a shot blocked.,Forrest,Celtic,Forrest,Celtic
14,89.0,FREE_KICK,Gamboa takes the free-kick.,Gamboa,Celtic,Ntcham,Celtic
15,89.0,FOUL,Müller fouls Forrest.,Müller,Bayern,Forrest,Celtic
16,88.0,SAVE,Gordon makes a save.,Gordon,Celtic,,
17,88.0,SHOT_ON_GOAL,Vidal has an effort on goal.,Vidal,Bayern,Vidal,Bayern
18,86.0,SHOT_WIDE,Vidal misses the target.,Vidal,Bayern,Vidal,Bayern
19,86.0,FREE_KICK,Ulreich takes the free-kick.,Ulreich,Bayern,Hummels,Bayern
20,86.0,OFFSIDE,Sinclair is flagged for offside.,Sinclair,Celtic,Sinclair,Celtic
21,83.0,SAVE,Ntcham makes a save.,Ntcham,Celtic,,
22,83.0,SHOT_BLOCKED,Vidal has a shot blocked.,Vidal,Bayern,Vidal,Bayern
23,82.0,CORNER,Rogić takes the corner.,Rogić,Celtic,Hummels,Bayern
24,82.0,SAVE,Ulreich makes a save.,Ulreich,Bayern,,
25,82.0,SHOT_ON_GOAL,Forrest has an effort on goal.,Forrest,Celtic,Forrest,Celtic
26,80.0,SUBSTITUTION,Rafinha (on) - Kimmich (off),Kimmich,Bayern,Rafinha,Bayern
27,78.0,SUBSTITUTION,Forrest (on) - Roberts (off),Roberts,Celtic,Forrest,Celtic
28,78.0,SHOT_WIDE,Hummels misses the target.,Hummels,Bayern,Hummels,Bayern
29,78.0,CORNER,Robben takes the corner.,Robben,Bayern,Hummels,Bayern
30,78.0,SUBSTITUTION,James Rodríguez (on) - Coman (off),Coman,Bayern,James Rodríguez,Bayern
31,77.0,SAVE,Lustig makes a save.,Lustig,Celtic,,
32,77.0,SHOT_BLOCKED,Robben has a shot blocked.,Robben,Bayern,Robben,Bayern
33,74.0,SAVE,Hummels makes a save.,Hummels,Bayern,,
34,74.0,SHOT_BLOCKED,Rogić has a shot blocked.,Rogić,Celtic,Rogić,Celtic
35,74.0,SHOT_ON_GOAL,Sinclair has an effort on goal.,Sinclair,Celtic,Sinclair,Celtic
36,74.0,SAVE,Ulreich makes a save.,Ulreich,Bayern,,
37,74.0,SAVE,Gordon makes a save.,Gordon,Celtic,,
38,74.0,SHOT_ON_GOAL,Lewandowski has an effort on goal.,Lewandowski,Bayern,Lewandowski,Bayern
39,73.0,SAVE,Gordon makes a save.,Gordon,Celtic,,
40,73.0,SHOT_ON_GOAL,Robben has an effort on goal.,Robben,Bayern,Robben,Bayern
41,73.0,CORNER,Robben takes the corner.,Robben,Bayern,Boyata,Celtic
42,71.0,FREE_KICK,Ulreich takes the free-kick.,Ulreich,Bayern,,
43,71.0,OFFSIDE,Sinclair is flagged for offside.,Sinclair,Celtic,Sinclair,Celtic
44,70.0,SHOT_WIDE,Tierney misses the target.,Tierney,Celtic,Tierney,Celtic
45,67.0,FREE_KICK,Gordon takes the free-kick.,Gordon,Celtic,Gamboa,Celtic
46,67.0,SUBSTITUTION,Vidal (on) - Thiago Alcántara (off),Thiago Alcántara,Bayern,Vidal,Bayern
47,67.0,OFFSIDE,Robben is flagged for offside.,Robben,Bayern,Robben,Bayern
48,65.0,SUBSTITUTION,Rogić (on) - Armstrong (off),Armstrong,Celtic,Rogić,Celtic
49,65.0,SUBSTITUTION,Dembélé (on) - Griffiths (off),Griffiths,Celtic,Dembélé,Celtic
50,63.0,SAVE,Gordon makes a save.,Gordon,Celtic,,
51,63.0,SHOT_ON_GOAL,Thiago Alcántara has an effort on goal.,Thiago Alcántara,Bayern,Thiago Alcántara,Bayern
52,62.0,FREE_KICK,Gordon takes the free-kick.,Gordon,Celtic,Kimmich,Bayern
53,62.0,OFFSIDE,Lewandowski is flagged for offside.,Lewandowski,Bayern,Lewandowski,Bayern
54,61.0,SAVE,Tierney makes a save.,Tierney,Celtic,,
55,61.0,SHOT_BLOCKED,Robben has a shot blocked.,Robben,Bayern,Robben,Bayern
56,61.0,CORNER,Kimmich takes the corner.,Kimmich,Bayern,Robben,Bayern
57,60.0,SHOT_WIDE,Ntcham misses the target.,Ntcham,Celtic,Ntcham,Celtic
58,58.0,CORNER,Kimmich takes the corner.,Kimmich,Bayern,Armstrong,Celtic
59,55.0,SAVE,Lustig makes a save.,Lustig,Celtic,,
60,55.0,SHOT_BLOCKED,Lewandowski has a shot blocked.,Lewandowski,Bayern,Lewandowski,Bayern
61,54.0,FOUL,Ntcham fouls Thiago Alcántara.,Ntcham,Celtic,Thiago Alcántara,Bayern
62,53.0,SAVE,Ulreich makes a save.,Ulreich,Bayern,,
63,53.0,SHOT_ON_GOAL,Tierney has an effort on goal.,Tierney,Celtic,Tierney,Celtic
64,52.0,SAVE,Boyata makes a save.,Boyata,Celtic,,
65,52.0,SHOT_BLOCKED,Lewandowski has a shot blocked.,Lewandowski,Bayern,Lewandowski,Bayern
66,51.0,ASSIST,Good assist from Robben.,Robben,Bayern,Robben,Bayern
67,51.0,GOAL,Hummels scores!,Hummels,Bayern,Gordon,Bayern
68,51.0,CORNER,Robben takes the corner.,Robben,Bayern,Robben,Bayern
69,51.0,SAVE,Boyata makes a save.,Boyata,Celtic,,
70,51.0,SHOT_BLOCKED,Robben has a shot blocked.,Robben,Bayern,Robben,Bayern
71,50.0,FREE_KICK,Gamboa takes the free-kick.,Gamboa,Celtic,Lustig,Celtic
72,50.0,FOUL,Alaba fouls Roberts.,Alaba,Bayern,Roberts,Celtic
73,47.0,SHOT_WIDE,Roberts misses the target.,Roberts,Celtic,Roberts,Celtic
74,46.0,START_PHASE,The second half begins.,,,,
75,,END_PHASE,The referee blows for half-time.,,,,
76,44.0,FREE_KICK,Lustig takes the free-kick.,Lustig,Celtic,Hummels,Bayern
77,44.0,FOUL,Rudy fouls Ntcham.,Rudy,Bayern,Ntcham,Celtic
78,44.0,FREE_KICK,Gamboa takes the free-kick.,Gamboa,Celtic,Lustig,Celtic
79,44.0,OFFSIDE,Thiago Alcántara is flagged for offside.,Thiago Alcántara,Bayern,Thiago Alcántara,Bayern
80,42.0,CORNER,Robben takes the corner.,Robben,Bayern,Kimmich,Bayern
81,41.0,FREE_KICK,Gordon takes the free-kick.,Gordon,Celtic,Hummels,Bayern
82,40.0,OFFSIDE,Hummels is flagged for offside.,Hummels,Bayern,Hummels,Bayern
83,40.0,CORNER,Kimmich takes the corner.,Kimmich,Bayern,Alaba,Bayern
84,39.0,FREE_KICK,Thiago Alcántara takes the free-kick.,Thiago Alcántara,Bayern,Boateng,Bayern
85,39.0,YELLOW_CARD,Roberts is cautioned by the referee.,Roberts,Celtic,Roberts,Celtic
86,38.0,FOUL,Roberts fouls Thiago Alcántara.,Roberts,Celtic,Thiago Alcántara,Bayern
87,36.0,FREE_KICK,Gordon takes the free-kick.,Gordon,Celtic,Hummels,Bayern
88,35.0,FOUL,Müller fouls Armstrong.,Müller,Bayern,Armstrong,Celtic
89,35.0,CORNER,Kimmich takes the corner.,Kimmich,Bayern,,
90,34.0,SAVE,Boyata makes a save.,Boyata,Celtic,,
91,34.0,SHOT_BLOCKED,Lewandowski has a shot blocked.,Lewandowski,Bayern,Lewandowski,Bayern
92,33.0,FOUL,Griffiths fouls Boateng.,Griffiths,Celtic,Boateng,Bayern
93,33.0,CORNER,Robben takes the corner.,Robben,Bayern,Brown,Celtic
94,30.0,SAVE,Gordon makes a save.,Gordon,Celtic,,
95,30.0,SHOT_ON_GOAL,Lewandowski has an effort on goal.,Lewandowski,Bayern,Lewandowski,Bayern
96,29.0,ASSIST,Good assist from Coman.,Coman,Bayern,Coman,Bayern
97,29.0,GOAL,Kimmich scores!,Kimmich,Bayern,Gordon,Bayern
98,26.0,SHOT_WIDE,Lewandowski misses the target.,Lewandowski,Bayern,Lewandowski,Bayern
99,25.0,FREE_KICK,Alaba takes the free-kick.,Alaba,Bayern,Thiago Alcántara,Bayern
100,25.0,FOUL,Roberts fouls Hummels.,Roberts,Celtic,Hummels,Bayern
101,24.0,SAVE,Gordon makes a save.,Gordon,Celtic,,
102,24.0,SHOT_ON_GOAL,Coman has an effort on goal.,Coman,Bayern,Coman,Bayern
103,22.0,SHOT_WIDE,Lewandowski misses the target.,Lewandowski,Bayern,Lewandowski,Bayern
104,22.0,CORNER,Kimmich takes the corner.,Kimmich,Bayern,Lewandowski,Bayern
105,21.0,SAVE,Brown makes a save.,Brown,Celtic,,
106,21.0,SHOT_BLOCKED,Rudy has a shot blocked.,Rudy,Bayern,Rudy,Bayern
107,17.0,ASSIST,Good assist from Lewandowski.,Lewandowski,Bayern,Lewandowski,Bayern
108,17.0,GOAL,Müller scores!,Müller,Bayern,Gordon,Bayern
109,17.0,SAVE,Gordon makes a save.,Gordon,Celtic,,
110,17.0,SHOT_ON_GOAL,Lewandowski has an effort on goal.,Lewandowski,Bayern,Lewandowski,Bayern
111,16.0,SAVE,Alaba makes a save.,Alaba,Bayern,,
112,16.0,SHOT_BLOCKED,Roberts has a shot blocked.,Roberts,Celtic,Roberts,Celtic
113,16.0,CORNER,Kimmich takes the corner.,Kimmich,Bayern,Ntcham,Celtic
114,14.0,SHOT_WIDE,Alaba misses the target.,Alaba,Bayern,Alaba,Bayern
115,13.0,SHOT_WIDE,Kimmich misses the target.,Kimmich,Bayern,Kimmich,Bayern
116,4.0,FREE_KICK,Lustig takes the free-kick.,Lustig,Celtic,Gamboa,Celtic
117,3.0,FOUL,Müller fouls Brown.,Müller,Bayern,Brown,Celtic
118,2.0,CORNER,Griffiths takes the corner.,Griffiths,Celtic,Thiago Alcántara,Bayern
119,1.0,CORNER,Kimmich takes the corner.,Kimmich,Bayern,Boyata,Celtic
120,1.0,START_PHASE,The match is under way.,,,,
