,minute,eventType,autoText,primaryPlayer,primaryTeam,secondaryPlayer,secondaryTeam
0,,END_PHASE,The final whistle is blown.,,,,
1,90.0,FREE_KICK,Lovren takes the free-kick.,Lovren,Liverpool,Solanke,Liverpool
2,90.0,YELLOW_CARD,Sterling is cautioned by the referee.,Sterling,Man. City,Sterling,Man. City
3,90.0,FOUL,Sterling fouls Wijnaldum.,Sterling,Man. City,Wijnaldum,Liverpool
4,86.0,FREE_KICK,Fernandinho takes the free-kick.,Fernandinho,Man. City,Walker,Man. City
5,86.0,YELLOW_CARD,Henderson is cautioned by the referee.,Henderson,Liverpool,Henderson,Liverpool
6,86.0,FOUL,Henderson fouls Sterling.,Henderson,Liverpool,Sterling,Man. City
7,85.0,SUBSTITUTION,Moreno (on) - Oxlade-Chamberlain (off),Oxlade-Chamberlain,Liverpool,Moreno,Liverpool
8,85.0,FREE_KICK,Karius takes the free-kick.,Karius,Liverpool,Mané,Liverpool
9,84.0,OFFSIDE,Sané is flagged for offside.,Sané,Man. City,Sané,Man. City
10,82.0,SAVE,Milner makes a save.,Milner,Liverpool,,
11,82.0,SHOT_BLOCKED,Fernandinho has a shot blocked.,Fernandinho,Man. City,Fernandinho,Man. City
12,81.0,FREE_KICK,Van Dijk takes the free-kick.,Van Dijk,Liverpool,Oxlade-Chamberlain,Liverpool
13,80.0,YELLOW_CARD,De Bruyne is cautioned by the referee.,De Bruyne,Man. City,De Bruyne,Man. City
14,80.0,FOUL,De Bruyne fouls Mané.,De Bruyne,Man. City,Mané,Liverpool
15,79.0,SAVE,Henderson makes a save.,Henderson,Liverpool,,
16,79.0,SHOT_BLOCKED,Fernandinho has a shot blocked.,Fernandinho,Man. City,Fernandinho,Man. City
17,77.0,FREE_KICK,Robertson takes the free-kick.,Robertson,Liverpool,Ederson,Man. City
18,76.0,YELLOW_CARD,Jesus is cautioned by the referee.,Jesus,Man. City,Jesus,Man. City
19,76.0,FOUL,Jesus fouls Milner.,Jesus,Man. City,Milner,Liverpool
20,75.0,SHOT_WIDE,Jesus misses the target.,Jesus,Man. City,Jesus,Man. City
21,74.0,FREE_KICK,Kompany takes the free-kick.,Kompany,Man. City,Otamendi,Man. City
22,74.0,FOUL,Wijnaldum fouls David Silva.,Wijnaldum,Liverpool,David Silva,Man. City
23,74.0,FREE_KICK,Karius takes the free-kick.,Karius,Liverpool,Fernandinho,Man. City
24,73.0,FOUL,David Silva fouls Lovren.,David Silva,Man. City,Lovren,Liverpool
25,72.0,SAVE,Ederson makes a save.,Ederson,Man. City,,
26,72.0,SHOT_ON_GOAL,Mané has an effort on goal.,Mané,Liverpool,Mané,Liverpool
27,71.0,SUBSTITUTION,Solanke (on) - Firmino (off),Firmino,Liverpool,Solanke,Liverpool
28,70.0,FREE_KICK,Wijnaldum takes the free-kick.,Wijnaldum,Liverpool,Henderson,Liverpool
29,70.0,FOUL,Sané fouls Wijnaldum.,Sané,Man. City,Wijnaldum,Liverpool
30,69.0,SHOT_WIDE,Otamendi misses the target.,Otamendi,Man. City,Otamendi,Man. City
31,69.0,CORNER,David Silva takes the corner.,David Silva,Man. City,Otamendi,Man. City
32,66.0,FREE_KICK,Karius takes the free-kick.,Karius,Liverpool,De Bruyne,Man. City
33,65.0,OFFSIDE,David Silva is flagged for offside.,David Silva,Man. City,David Silva,Man. City
34,63.0,FREE_KICK,Milner takes the free-kick.,Milner,Liverpool,Henderson,Liverpool
35,63.0,FOUL,Fernandinho fouls Mané.,Fernandinho,Man. City,Mané,Liverpool
36,63.0,FREE_KICK,Otamendi takes the free-kick.,Otamendi,Man. City,Kompany,Man. City
37,63.0,FOUL,Mané fouls Otamendi.,Mané,Liverpool,Otamendi,Man. City
38,62.0,FREE_KICK,Karius takes the free-kick.,Karius,Liverpool,Otamendi,Man. City
39,62.0,OFFSIDE,Sterling is flagged for offside.,Sterling,Man. City,Sterling,Man. City
40,58.0,SAVE,Henderson makes a save.,Henderson,Liverpool,,
41,58.0,SHOT_BLOCKED,De Bruyne has a shot blocked.,De Bruyne,Man. City,De Bruyne,Man. City
42,57.0,FREE_KICK,Otamendi takes the free-kick.,Otamendi,Man. City,Kompany,Man. City
43,57.0,OFFSIDE,Mané is flagged for offside.,Mané,Liverpool,Mané,Liverpool
44,57.0,SUBSTITUTION,Sterling (on) - Gündoğan (off),Gündoğan,Man. City,Sterling,Man. City
45,55.0,CORNER,Sané takes the corner.,Sané,Man. City,Robertson,Liverpool
46,55.0,SAVE,Oxlade-Chamberlain makes a save.,Oxlade-Chamberlain,Liverpool,,
47,55.0,SHOT_BLOCKED,Gündoğan has a shot blocked.,Gündoğan,Man. City,Gündoğan,Man. City
48,55.0,CORNER,De Bruyne takes the corner.,De Bruyne,Man. City,David Silva,Man. City
49,52.0,SUBSTITUTION,Wijnaldum (on) - Salah (off),Salah,Liverpool,Wijnaldum,Liverpool
50,52.0,SHOT_WIDE,Sané misses the target.,Sané,Man. City,Sané,Man. City
51,50.0,SHOT_WIDE,Otamendi misses the target.,Otamendi,Man. City,Otamendi,Man. City
52,50.0,CORNER,David Silva takes the corner.,David Silva,Man. City,Otamendi,Man. City
53,46.0,CORNER,David Silva takes the corner.,David Silva,Man. City,Van Dijk,Liverpool
54,46.0,START_PHASE,The second half begins.,,,,
55,,END_PHASE,The referee blows for half-time.,,,,
56,45.0,SHOT_WIDE,Van Dijk misses the target.,Van Dijk,Liverpool,Van Dijk,Liverpool
57,45.0,YELLOW_CARD,Otamendi is cautioned by the referee.,Otamendi,Man. City,Otamendi,Man. City
58,45.0,FOUL,Otamendi fouls Firmino.,Otamendi,Man. City,Firmino,Liverpool
59,45.0,FREE_KICK,Otamendi takes the free-kick.,Otamendi,Man. City,David Silva,Man. City
60,45.0,OFFSIDE,Mané is flagged for offside.,Mané,Liverpool,Mané,Liverpool
61,45.0,SHOT_WIDE,Otamendi misses the target.,Otamendi,Man. City,Otamendi,Man. City
62,44.0,FREE_KICK,De Bruyne takes the free-kick.,De Bruyne,Man. City,,
63,44.0,FOUL,Milner fouls De Bruyne.,Milner,Liverpool,De Bruyne,Man. City
64,41.0,SHOT_WIDE,Firmino misses the target.,Firmino,Liverpool,Firmino,Liverpool
65,37.0,FREE_KICK,Robertson takes the free-kick.,Robertson,Liverpool,Mané,Liverpool
66,37.0,FOUL,Jesus fouls Robertson.,Jesus,Man. City,Robertson,Liverpool
67,35.0,SAVE,Fernandinho makes a save.,Fernandinho,Man. City,,
68,35.0,SHOT_BLOCKED,Robertson has a shot blocked.,Robertson,Liverpool,Robertson,Liverpool
69,33.0,CORNER,Sané takes the corner.,Sané,Man. City,Lovren,Liverpool
70,31.0,ASSIST,Good assist from Salah.,Salah,Liverpool,Salah,Liverpool
71,31.0,GOAL,Mané scores!,Mané,Liverpool,Ederson,Liverpool
72,31.0,SAVE,Kompany makes a save.,Kompany,Man. City,,
73,31.0,SHOT_BLOCKED,Salah has a shot blocked.,Salah,Liverpool,Salah,Liverpool
74,24.0,FREE_KICK,Henderson takes the free-kick.,Henderson,Liverpool,Lovren,Liverpool
75,23.0,FOUL,De Bruyne fouls Firmino.,De Bruyne,Man. City,Firmino,Liverpool
76,21.0,ASSIST,Good assist from Milner.,Milner,Liverpool,Milner,Liverpool
77,21.0,GOAL,Oxlade-Chamberlain scores!,Oxlade-Chamberlain,Liverpool,Ederson,Liverpool
78,19.0,FREE_KICK,Ederson takes the free-kick.,Ederson,Man. City,Van Dijk,Liverpool
79,19.0,OFFSIDE,Salah is flagged for offside.,Salah,Liverpool,Salah,Liverpool
80,14.0,SHOT_WIDE,Sané misses the target.,Sané,Man. City,Sané,Man. City
81,13.0,FOUL,Otamendi fouls Mané.,Otamendi,Man. City,Mané,Liverpool
82,12.0,ASSIST,Good assist from Firmino.,Firmino,Liverpool,Firmino,Liverpool
83,12.0,GOAL,Salah scores!,Salah,Liverpool,Ederson,Liverpool
84,12.0,SAVE,Ederson makes a save.,Ederson,Man. City,,
85,12.0,SHOT_ON_GOAL,Firmino has an effort on goal.,Firmino,Liverpool,Firmino,Liverpool
86,11.0,CORNER,De Bruyne takes the corner.,De Bruyne,Man. City,David Silva,Man. City
87,11.0,FREE_KICK,De Bruyne takes the free-kick.,De Bruyne,Man. City,Lovren,Liverpool
88,11.0,FOUL,Henderson fouls Fernandinho.,Henderson,Liverpool,Fernandinho,Man. City
89,9.0,FREE_KICK,Karius takes the free-kick.,Karius,Liverpool,Laporte,Man. City
90,8.0,OFFSIDE,Sané is flagged for offside.,Sané,Man. City,Sané,Man. City
91,8.0,FOUL,Firmino fouls De Bruyne.,Firmino,Liverpool,De Bruyne,Man. City
92,6.0,SAVE,Lovren makes a save.,Lovren,Liverpool,,
93,6.0,SHOT_BLOCKED,Kompany has a shot blocked.,Kompany,Man. City,Kompany,Man. City
94,6.0,CORNER,David Silva takes the corner.,David Silva,Man. City,Kompany,Man. City
95,1.0,START_PHASE,The match is under way.,,,,
