,minute,eventType,autoText,primaryPlayer,primaryTeam,secondaryPlayer,secondaryTeam
0,,END_PHASE,The final whistle is blown.,,,,
1,90.0,CORNER,Demirbay takes the corner.,Demirbay,Hoffenheim,Henderson,Liverpool
2,90.0,FREE_KICK,Salah takes the free-kick.,Salah,Liverpool,Henderson,Liverpool
3,90.0,YELLOW_CARD,Hübner is cautioned by the referee.,Hübner,Hoffenheim,Hübner,Hoffenheim
4,90.0,FOUL,Hübner fouls Salah.,Hübner,Hoffenheim,Salah,Liverpool
5,88.0,SUBSTITUTION,Klavan (on) - Mané (off),Mané,Liverpool,Klavan,Liverpool
6,87.0,SHOT_WIDE,Firmino misses the target.,Firmino,Liverpool,Firmino,Liverpool
7,83.0,SHOT_WIDE,Moreno misses the target.,Moreno,Liverpool,Moreno,Liverpool
8,83.0,FREE_KICK,Henderson takes the free-kick.,Henderson,Liverpool,Lovren,Liverpool
9,83.0,FOUL,Hübner fouls Wijnaldum.,Hübner,Hoffenheim,Wijnaldum,Liverpool
10,79.0,ASSIST,Good assist from Kramarić.,Kramarić,Hoffenheim,Kramarić,Hoffenheim
11,79.0,GOAL,Wagner scores!,Wagner,Hoffenheim,Mignolet,Hoffenheim
12,78.0,SAVE,Mignolet makes a save.,Mignolet,Liverpool,,
13,78.0,SHOT_ON_GOAL,Demirbay has an effort on goal.,Demirbay,Hoffenheim,Demirbay,Hoffenheim
14,78.0,FREE_KICK,Matip takes the free-kick.,Matip,Liverpool,Wijnaldum,Liverpool
15,77.0,OFFSIDE,Uth is flagged for offside.,Uth,Hoffenheim,Uth,Hoffenheim
16,75.0,FREE_KICK,Lovren takes the free-kick.,Lovren,Liverpool,Salah,Liverpool
17,75.0,FOUL,Uth handles the ball.,Uth,Hoffenheim,,
18,74.0,FREE_KICK,Henderson takes the free-kick.,Henderson,Liverpool,Lovren,Liverpool
19,74.0,FOUL,Geiger handles the ball.,Geiger,Hoffenheim,,
20,74.0,SAVE,Lovren makes a save.,Lovren,Liverpool,,
21,74.0,SHOT_BLOCKED,Uth has a shot blocked.,Uth,Hoffenheim,Uth,Hoffenheim
22,70.0,SUBSTITUTION,Milner (on) - Emre Can (off),Emre Can,Liverpool,Milner,Liverpool
23,66.0,SAVE,Lovren makes a save.,Lovren,Liverpool,,
24,66.0,SHOT_BLOCKED,Toljan has a shot blocked.,Toljan,Hoffenheim,Toljan,Hoffenheim
25,65.0,SUBSTITUTION,Gomez (on) - Alexander-Arnold (off),Alexander-Arnold,Liverpool,Gomez,Liverpool
26,64.0,SUBSTITUTION,Toljan (on) - Kadeřábek (off),Kadeřábek,Hoffenheim,Toljan,Hoffenheim
27,63.0,ASSIST,Good assist from Henderson.,Henderson,Liverpool,Henderson,Liverpool
28,63.0,GOAL,Firmino scores!,Firmino,Liverpool,Baumann,Liverpool
29,63.0,FREE_KICK,Hübner takes the free-kick.,Hübner,Hoffenheim,Vogt,Hoffenheim
30,62.0,FOUL,Salah fouls Zuber.,Salah,Liverpool,Zuber,Hoffenheim
31,60.0,SHOT_WIDE,Alexander-Arnold misses the target.,Alexander-Arnold,Liverpool,Alexander-Arnold,Liverpool
32,60.0,SHOT_ON_GOAL,Wijnaldum has an effort on goal.,Wijnaldum,Liverpool,Wijnaldum,Liverpool
33,60.0,SAVE,Baumann makes a save.,Baumann,Hoffenheim,,
34,58.0,FREE_KICK,Emre Can takes the free-kick.,Emre Can,Liverpool,Henderson,Liverpool
35,58.0,FOUL,Szalai fouls Wijnaldum.,Szalai,Hoffenheim,Wijnaldum,Liverpool
36,58.0,FREE_KICK,Zuber takes the free-kick.,Zuber,Hoffenheim,Uth,Hoffenheim
37,58.0,OFFSIDE,Emre Can is flagged for offside.,Emre Can,Liverpool,Emre Can,Liverpool
38,58.0,CORNER,Moreno takes the corner.,Moreno,Liverpool,Demirbay,Hoffenheim
39,58.0,SAVE,Baumann makes a save.,Baumann,Hoffenheim,,
40,58.0,SHOT_ON_GOAL,Mané has an effort on goal.,Mané,Liverpool,Mané,Liverpool
41,56.0,SUBSTITUTION,Szalai (on) - Gnabry (off),Gnabry,Hoffenheim,Szalai,Hoffenheim
42,56.0,SHOT_WIDE,Uth misses the target.,Uth,Hoffenheim,Uth,Hoffenheim
43,54.0,SAVE,Baumann makes a save.,Baumann,Hoffenheim,,
44,54.0,SHOT_ON_GOAL,Wijnaldum has an effort on goal.,Wijnaldum,Liverpool,Wijnaldum,Liverpool
45,52.0,SHOT_WIDE,Matip misses the target.,Matip,Liverpool,Matip,Liverpool
46,52.0,CORNER,Mané takes the corner.,Mané,Liverpool,Moreno,Liverpool
47,51.0,FREE_KICK,Henderson takes the free-kick.,Henderson,Liverpool,Moreno,Liverpool
48,51.0,YELLOW_CARD,Vogt is cautioned by the referee.,Vogt,Hoffenheim,Vogt,Hoffenheim
49,51.0,FOUL,Vogt fouls Firmino.,Vogt,Hoffenheim,Firmino,Liverpool
50,50.0,FREE_KICK,Alexander-Arnold takes the free-kick.,Alexander-Arnold,Liverpool,Mignolet,Liverpool
51,50.0,OFFSIDE,Kramarić is flagged for offside.,Kramarić,Hoffenheim,Kramarić,Hoffenheim
52,50.0,FREE_KICK,Hübner takes the free-kick.,Hübner,Hoffenheim,Demirbay,Hoffenheim
53,50.0,OFFSIDE,Salah is flagged for offside.,Salah,Liverpool,Salah,Liverpool
54,49.0,FREE_KICK,Wagner takes the free-kick.,Wagner,Hoffenheim,Demirbay,Hoffenheim
55,49.0,FOUL,Matip fouls Wagner.,Matip,Liverpool,Wagner,Hoffenheim
56,48.0,CORNER,Demirbay takes the corner.,Demirbay,Hoffenheim,Moreno,Liverpool
57,46.0,START_PHASE,The second half begins.,,,,
58,,END_PHASE,The referee blows for half-time.,,,,
59,45.0,YELLOW_CARD,Henderson is cautioned by the referee.,Henderson,Liverpool,Henderson,Liverpool
60,45.0,FOUL,Henderson fouls Demirbay.,Henderson,Liverpool,Demirbay,Hoffenheim
61,45.0,CORNER,Demirbay takes the corner.,Demirbay,Hoffenheim,Gnabry,Hoffenheim
62,44.0,SAVE,Mignolet makes a save.,Mignolet,Liverpool,,
63,44.0,SHOT_ON_GOAL,Uth has an effort on goal.,Uth,Hoffenheim,Uth,Hoffenheim
64,44.0,FREE_KICK,Mignolet takes the free-kick.,Mignolet,Liverpool,Lovren,Liverpool
65,43.0,OFFSIDE,Uth is flagged for offside.,Uth,Hoffenheim,Uth,Hoffenheim
66,42.0,SHOT_WIDE,Emre Can misses the target.,Emre Can,Liverpool,Emre Can,Liverpool
67,41.0,SHOT_WIDE,Gnabry misses the target.,Gnabry,Hoffenheim,Gnabry,Hoffenheim
68,39.0,CORNER,Demirbay takes the corner.,Demirbay,Hoffenheim,Moreno,Liverpool
69,38.0,FREE_KICK,Lovren takes the free-kick.,Lovren,Liverpool,Moreno,Liverpool
70,37.0,YELLOW_CARD,Kadeřábek is cautioned by the referee.,Kadeřábek,Hoffenheim,Kadeřábek,Hoffenheim
71,37.0,FOUL,Kadeřábek fouls Mané.,Kadeřábek,Hoffenheim,Mané,Liverpool
72,36.0,SAVE,Baumann makes a save.,Baumann,Hoffenheim,,
73,36.0,SHOT_ON_GOAL,Mané has an effort on goal.,Mané,Liverpool,Mané,Liverpool
74,36.0,SAVE,Baumann makes a save.,Baumann,Hoffenheim,,
75,36.0,SHOT_ON_GOAL,Firmino has an effort on goal.,Firmino,Liverpool,Firmino,Liverpool
76,36.0,CORNER,Alexander-Arnold takes the corner.,Alexander-Arnold,Liverpool,Demirbay,Hoffenheim
77,34.0,FREE_KICK,Mignolet takes the free-kick.,Mignolet,Liverpool,Vogt,Hoffenheim
78,33.0,FOUL,Uth fouls Matip.,Uth,Hoffenheim,Matip,Liverpool
79,31.0,FREE_KICK,Mignolet takes the free-kick.,Mignolet,Liverpool,Salah,Liverpool
80,31.0,OFFSIDE,Gnabry is flagged for offside.,Gnabry,Hoffenheim,Gnabry,Hoffenheim
81,30.0,YELLOW_CARD,Geiger is cautioned by the referee.,Geiger,Hoffenheim,Geiger,Hoffenheim
82,28.0,ASSIST,Good assist from Wagner.,Wagner,Hoffenheim,Wagner,Hoffenheim
83,28.0,GOAL,Uth scores!,Uth,Hoffenheim,Mignolet,Hoffenheim
84,25.0,SHOT_WIDE,Gnabry misses the target.,Gnabry,Hoffenheim,Gnabry,Hoffenheim
85,24.0,SUBSTITUTION,Uth (on) - Nordtveit (off),Nordtveit,Hoffenheim,Uth,Hoffenheim
86,21.0,ASSIST,Good assist from Firmino.,Firmino,Liverpool,Firmino,Liverpool
87,21.0,GOAL,Emre Can scores!,Emre Can,Liverpool,Baumann,Liverpool
88,18.0,ASSIST,Good assist from Wijnaldum.,Wijnaldum,Liverpool,Wijnaldum,Liverpool
89,18.0,GOAL,Salah scores!,Salah,Liverpool,Baumann,Liverpool
90,18.0,SHOT_WIDE,Wijnaldum misses the target.,Wijnaldum,Liverpool,Wijnaldum,Liverpool
91,17.0,FREE_KICK,Wijnaldum takes the free-kick.,Wijnaldum,Liverpool,Moreno,Liverpool
92,17.0,FOUL,Wagner fouls Wijnaldum.,Wagner,Hoffenheim,Wijnaldum,Liverpool
93,15.0,FOUL,Geiger fouls Moreno.,Geiger,Hoffenheim,Moreno,Liverpool
94,14.0,FREE_KICK,Wijnaldum takes the free-kick.,Wijnaldum,Liverpool,Alexander-Arnold,Liverpool
95,13.0,FOUL,Demirbay fouls Wijnaldum.,Demirbay,Hoffenheim,Wijnaldum,Liverpool
96,10.0,ASSIST,Good assist from Mané.,Mané,Liverpool,Mané,Liverpool
97,10.0,GOAL,Emre Can scores!,Emre Can,Liverpool,Baumann,Liverpool
98,8.0,FOUL,Zuber fouls Alexander-Arnold.,Zuber,Hoffenheim,Alexander-Arnold,Liverpool
99,8.0,SAVE,Hübner makes a save.,Hübner,Hoffenheim,,
100,8.0,SHOT_BLOCKED,Salah has a shot blocked.,Salah,Liverpool,Salah,Liverpool
101,7.0,FREE_KICK,Mignolet takes the free-kick.,Mignolet,Liverpool,Lovren,Liverpool
102,7.0,OFFSIDE,Gnabry is flagged for offside.,Gnabry,Hoffenheim,Gnabry,Hoffenheim
103,5.0,CORNER,Moreno takes the corner.,Moreno,Liverpool,Demirbay,Hoffenheim
104,4.0,SAVE,Kadeřábek makes a save.,Kadeřábek,Hoffenheim,,
105,4.0,SHOT_BLOCKED,Emre Can has a shot blocked.,Emre Can,Liverpool,Emre Can,Liverpool
106,4.0,SAVE,Baumann makes a save.,Baumann,Hoffenheim,,
107,3.0,SHOT_ON_GOAL,Mané has an effort on goal.,Mané,Liverpool,Mané,Liverpool
108,3.0,SHOT_WIDE,Salah misses the target.,Salah,Liverpool,Salah,Liverpool
109,3.0,SAVE,Wagner makes a save.,Wagner,Hoffenheim,,
110,3.0,SHOT_BLOCKED,Alexander-Arnold has a shot blocked.,Alexander-Arnold,Liverpool,Alexander-Arnold,Liverpool
111,2.0,FOUL,Kadeřábek fouls Moreno.,Kadeřábek,Hoffenheim,Moreno,Liverpool
112,1.0,START_PHASE,The match is under way.,,,,
