,minute,eventType,autoText,primaryPlayer,primaryTeam,secondaryPlayer,secondaryTeam
0,,END_PHASE,The final whistle is blown.,,,,
1,90.0,ASSIST,Good assist from Ntcham.,Ntcham,Celtic,Ntcham,Celtic
2,90.0,GOAL,Sinclair scores!,Sinclair,Celtic,Boeckx,Celtic
3,90.0,FREE_KICK,Dendoncker takes the free-kick.,Dendoncker,Anderlecht,Mbodji,Anderlecht
4,90.0,FOUL,Griffiths fouls Dendoncker.,Griffiths,Celtic,Dendoncker,Anderlecht
5,89.0,FOUL,Teodorczyk fouls Šimunović.,Teodorczyk,Anderlecht,Šimunović,Celtic
6,88.0,FREE_KICK,Gordon takes the free-kick.,Gordon,Celtic,Lustig,Celtic
7,87.0,OFFSIDE,Onyekuru is flagged for offside.,Onyekuru,Anderlecht,Onyekuru,Anderlecht
8,87.0,FREE_KICK,Bitton takes the free-kick.,Bitton,Celtic,Forrest,Celtic
9,86.0,FOUL,Trebel fouls C. McGregor.,Trebel,Anderlecht,C. McGregor,Celtic
10,86.0,SHOT_WIDE,Teodorczyk misses the target.,Teodorczyk,Anderlecht,Teodorczyk,Anderlecht
11,82.0,FREE_KICK,Gerkens takes the free-kick.,Gerkens,Anderlecht,Bruno,Anderlecht
12,81.0,FOUL,Boyata fouls Teodorczyk.,Boyata,Celtic,Teodorczyk,Anderlecht
13,81.0,FREE_KICK,Gordon takes the free-kick.,Gordon,Celtic,Griffiths,Celtic
14,80.0,FOUL,Appiah fouls Lustig.,Appiah,Anderlecht,Lustig,Celtic
15,79.0,SHOT_WIDE,Griffiths misses the target.,Griffiths,Celtic,Griffiths,Celtic
16,78.0,SUBSTITUTION,Forrest (on) - Roberts (off),Roberts,Celtic,Forrest,Celtic
17,76.0,SHOT_WIDE,Mbodji misses the target.,Mbodji,Anderlecht,Mbodji,Anderlecht
18,76.0,CORNER,Stanciu takes the corner.,Stanciu,Anderlecht,Mbodji,Anderlecht
19,75.0,SAVE,Lustig makes a save.,Lustig,Celtic,,
20,75.0,SHOT_BLOCKED,Bruno has a shot blocked.,Bruno,Anderlecht,Bruno,Anderlecht
21,75.0,FREE_KICK,Gordon takes the free-kick.,Gordon,Celtic,Dendoncker,Anderlecht
22,74.0,FOUL,Teodorczyk fouls Lustig.,Teodorczyk,Anderlecht,Lustig,Celtic
23,73.0,CORNER,Stanciu takes the corner.,Stanciu,Anderlecht,Bruno,Anderlecht
24,73.0,SAVE,Gordon makes a save.,Gordon,Celtic,,
25,73.0,SHOT_ON_GOAL,Gerkens has an effort on goal.,Gerkens,Anderlecht,Gerkens,Anderlecht
26,71.0,SHOT_WIDE,Bitton misses the target.,Bitton,Celtic,Bitton,Celtic
27,70.0,FREE_KICK,Gordon takes the free-kick.,Gordon,Celtic,Šimunović,Celtic
28,70.0,SUBSTITUTION,Bitton (on) - Brown (off),Brown,Celtic,Bitton,Celtic
29,70.0,SUBSTITUTION,Bruno (on) - Hanni (off),Hanni,Anderlecht,Bruno,Anderlecht
30,69.0,OFFSIDE,Teodorczyk is flagged for offside.,Teodorczyk,Anderlecht,Teodorczyk,Anderlecht
31,68.0,SAVE,Boyata makes a save.,Boyata,Celtic,,
32,68.0,SHOT_BLOCKED,Chipciu has a shot blocked.,Chipciu,Anderlecht,Chipciu,Anderlecht
33,65.0,FREE_KICK,Gordon takes the free-kick.,Gordon,Celtic,Šimunović,Celtic
34,65.0,SUBSTITUTION,C. McGregor (on) - Rogić (off),Rogić,Celtic,C. McGregor,Celtic
35,65.0,OFFSIDE,Mbodji is flagged for offside.,Mbodji,Anderlecht,Mbodji,Anderlecht
36,65.0,FREE_KICK,Trebel takes the free-kick.,Trebel,Anderlecht,Tierney,Celtic
37,64.0,FOUL,Rogić fouls Gerkens.,Rogić,Celtic,Gerkens,Anderlecht
38,62.0,FREE_KICK,Lustig takes the free-kick.,Lustig,Celtic,Ntcham,Celtic
39,62.0,FOUL,Appiah fouls Lustig.,Appiah,Anderlecht,Lustig,Celtic
40,61.0,FREE_KICK,Gordon takes the free-kick.,Gordon,Celtic,Lustig,Celtic
41,61.0,OFFSIDE,Teodorczyk is flagged for offside.,Teodorczyk,Anderlecht,Teodorczyk,Anderlecht
42,59.0,SHOT_WIDE,Roberts misses the target.,Roberts,Celtic,Roberts,Celtic
43,58.0,SAVE,Mbodji makes a save.,Mbodji,Anderlecht,,
44,58.0,SHOT_BLOCKED,Ntcham has a shot blocked.,Ntcham,Celtic,Ntcham,Celtic
45,57.0,SUBSTITUTION,Stanciu (on) - Deschacht (off),Deschacht,Anderlecht,Stanciu,Anderlecht
46,57.0,SHOT_WIDE,Hanni misses the target.,Hanni,Anderlecht,Hanni,Anderlecht
47,55.0,FREE_KICK,Dendoncker takes the free-kick.,Dendoncker,Anderlecht,Gerkens,Anderlecht
48,55.0,FOUL,Rogić fouls Gerkens.,Rogić,Celtic,Gerkens,Anderlecht
49,50.0,GOAL,Roberts scores!,Roberts,Celtic,Boeckx,Celtic
50,49.0,FREE_KICK,Brown takes the free-kick.,Brown,Celtic,Lustig,Celtic
51,49.0,FOUL,Hanni fouls Brown.,Hanni,Anderlecht,Brown,Celtic
52,47.0,FREE_KICK,Gordon takes the free-kick.,Gordon,Celtic,Sinclair,Celtic
53,47.0,OFFSIDE,Teodorczyk is flagged for offside.,Teodorczyk,Anderlecht,Teodorczyk,Anderlecht
54,47.0,SAVE,Gordon makes a save.,Gordon,Celtic,,
55,47.0,SHOT_ON_GOAL,Hanni has an effort on goal.,Hanni,Anderlecht,Hanni,Anderlecht
56,46.0,FREE_KICK,Gordon takes the free-kick.,Gordon,Celtic,Šimunović,Celtic
57,46.0,OFFSIDE,Onyekuru is flagged for offside.,Onyekuru,Anderlecht,Onyekuru,Anderlecht
58,46.0,START_PHASE,The second half begins.,,,,
59,,END_PHASE,The referee blows for half-time.,,,,
60,45.0,FREE_KICK,Mbodji takes the free-kick.,Mbodji,Anderlecht,Trebel,Anderlecht
61,45.0,FOUL,Brown fouls Teodorczyk.,Brown,Celtic,Teodorczyk,Anderlecht
62,45.0,CORNER,Trebel takes the corner.,Trebel,Anderlecht,,
63,45.0,SHOT_WIDE,Teodorczyk misses the target.,Teodorczyk,Anderlecht,Teodorczyk,Anderlecht
64,44.0,SUBSTITUTION,Mbodji (on) - Spajić (off),Spajić,Anderlecht,Mbodji,Anderlecht
65,42.0,FREE_KICK,Appiah takes the free-kick.,Appiah,Anderlecht,Brown,Celtic
66,42.0,FOUL,Šimunović fouls Teodorczyk.,Šimunović,Celtic,Teodorczyk,Anderlecht
67,39.0,SAVE,Gordon makes a save.,Gordon,Celtic,,
68,39.0,SHOT_ON_GOAL,Hanni has an effort on goal.,Hanni,Anderlecht,Hanni,Anderlecht
69,38.0,ASSIST,Good assist from Tierney.,Tierney,Celtic,Tierney,Celtic
70,38.0,GOAL,Griffiths scores!,Griffiths,Celtic,Boeckx,Celtic
71,35.0,FOUL,Spajić fouls Sinclair.,Spajić,Anderlecht,Sinclair,Celtic
72,35.0,FREE_KICK,Dendoncker takes the free-kick.,Dendoncker,Anderlecht,Teodorczyk,Anderlecht
73,35.0,FOUL,Brown fouls Trebel.,Brown,Celtic,Trebel,Anderlecht
74,33.0,FREE_KICK,Rogić takes the free-kick.,Rogić,Celtic,Brown,Celtic
75,33.0,FOUL,Appiah fouls Lustig.,Appiah,Anderlecht,Lustig,Celtic
76,32.0,FREE_KICK,Trebel takes the free-kick.,Trebel,Anderlecht,Gerkens,Anderlecht
77,32.0,FOUL,Boyata fouls Teodorczyk.,Boyata,Celtic,Teodorczyk,Anderlecht
78,32.0,SAVE,Boeckx makes a save.,Boeckx,Anderlecht,,
79,32.0,SHOT_ON_GOAL,Ntcham has an effort on goal.,Ntcham,Celtic,Ntcham,Celtic
80,30.0,FREE_KICK,Boeckx takes the free-kick.,Boeckx,Anderlecht,Šimunović,Celtic
81,29.0,FOUL,Roberts fouls Deschacht.,Roberts,Celtic,Deschacht,Anderlecht
82,28.0,FREE_KICK,Boeckx takes the free-kick.,Boeckx,Anderlecht,Onyekuru,Anderlecht
83,26.0,FOUL,Sinclair fouls Spajić.,Sinclair,Celtic,Spajić,Anderlecht
84,26.0,FREE_KICK,Boeckx takes the free-kick.,Boeckx,Anderlecht,Deschacht,Anderlecht
85,25.0,FOUL,Šimunović fouls Spajić.,Šimunović,Celtic,Spajić,Anderlecht
86,25.0,CORNER,Sinclair takes the corner.,Sinclair,Celtic,Griffiths,Celtic
87,15.0,FREE_KICK,Brown takes the free-kick.,Brown,Celtic,Šimunović,Celtic
88,15.0,FOUL,Chipciu fouls Tierney.,Chipciu,Anderlecht,Tierney,Celtic
89,14.0,SAVE,Tierney makes a save.,Tierney,Celtic,,
90,14.0,SHOT_BLOCKED,Chipciu has a shot blocked.,Chipciu,Anderlecht,Chipciu,Anderlecht
91,11.0,FREE_KICK,Šimunović takes the free-kick.,Šimunović,Celtic,Lustig,Celtic
92,11.0,FOUL,Trebel fouls Brown.,Trebel,Anderlecht,Brown,Celtic
93,9.0,SHOT_WIDE,Dendoncker misses the target.,Dendoncker,Anderlecht,Dendoncker,Anderlecht
94,8.0,FOUL,Ntcham fouls Hanni.,Ntcham,Celtic,Hanni,Anderlecht
95,8.0,FREE_KICK,Deschacht takes the free-kick.,Deschacht,Anderlecht,Boeckx,Anderlecht
96,8.0,FOUL,Roberts fouls Trebel.,Roberts,Celtic,Trebel,Anderlecht
97,6.0,FREE_KICK,Trebel takes the free-kick.,Trebel,Anderlecht,Deschacht,Anderlecht
98,5.0,FOUL,Ntcham fouls Teodorczyk.,Ntcham,Celtic,Teodorczyk,Anderlecht
99,1.0,START_PHASE,The match is under way.,,,,
