,minute,eventType,autoText,primaryPlayer,primaryTeam,secondaryPlayer,secondaryTeam
0,,END_PHASE,The final whistle is blown.,,,,
1,90.0,SHOT_WIDE,Luyindama misses the target.,Luyindama,Standard Liège,,
2,90.0,SHOT_WIDE,Carcela misses the target.,Carcela,Standard Liège,,
3,90.0,CORNER,Carcela takes the corner.,Carcela,Standard Liège,,
4,90.0,SUBSTITUTION,Labyad (on) - Ziyech (off),Ziyech,Ajax,Labyad,Ajax
5,83.0,SAVE,Ochoa makes a save.,Ochoa,Standard Liège,,
6,83.0,SHOT_ON_GOAL,Kristensen has an effort on goal.,Kristensen,Ajax,,
7,83.0,CORNER,Van de Beek takes the corner.,Van de Beek,Ajax,,
8,82.0,SAVE,Ochoa makes a save.,Ochoa,Standard Liège,,
9,82.0,SHOT_ON_GOAL,Tadić has an effort on goal.,Tadić,Ajax,,
10,82.0,SUBSTITUTION,Van de Beek (on) - Neres (off),Neres,Ajax,Van de Beek,Ajax
11,80.0,SAVE,Onana makes a save.,Onana,Ajax,,
12,80.0,SHOT_ON_GOAL,Mpoku has an effort on goal.,Mpoku,Standard Liège,,
13,79.0,SAVE,Ochoa makes a save.,Ochoa,Standard Liège,,
14,79.0,SHOT_ON_GOAL,Huntelaar has an effort on goal.,Huntelaar,Ajax,,
15,79.0,FOUL,Blind fouls Carcela.,Blind,Ajax,Carcela,Standard Liège
16,79.0,FOUL,Huntelaar fouls Carcela.,Huntelaar,Ajax,Carcela,Standard Liège
17,78.0,SUBSTITUTION,Orlando Sá (on) - Emond (off),Emond,Standard Liège,Orlando Sá,Standard Liège
18,77.0,SHOT_WIDE,Neres misses the target.,Neres,Ajax,,
19,76.0,SUBSTITUTION,Kristensen (on) - Mazraoui (off),Mazraoui,Ajax,Kristensen,Ajax
20,76.0,YELLOW_CARD,Mpoku is cautioned by the referee.,Mpoku,Standard Liège,,
21,76.0,FOUL,Mpoku fouls F. de Jong.,Mpoku,Standard Liège,F. de Jong,Ajax
22,75.0,FOUL,F. de Jong fouls Marin.,F. de Jong,Ajax,Marin,Standard Liège
23,73.0,SHOT_ON_GOAL,Marin has an effort on goal.,Marin,Standard Liège,,
24,68.0,FOUL,Fai fouls Neres.,Fai,Standard Liège,Neres,Ajax
25,66.0,SUBSTITUTION,Pocognoli (on) - Cavanda (off),Cavanda,Standard Liège,Pocognoli,Standard Liège
26,63.0,SHOT_BLOCKED,Ziyech has a shot blocked.,Ziyech,Ajax,,
27,62.0,SHOT_WIDE,Emond misses the target.,Emond,Standard Liège,,
28,60.0,SHOT_WIDE,Mpoku misses the target.,Mpoku,Standard Liège,,
29,56.0,SAVE,Ochoa makes a save.,Ochoa,Standard Liège,,
30,56.0,SHOT_ON_GOAL,Neres has an effort on goal.,Neres,Ajax,,
31,55.0,FOUL,Agbo fouls Tadić.,Agbo,Standard Liège,Tadić,Ajax
32,55.0,FOUL,De Ligt fouls Mpoku.,De Ligt,Ajax,Mpoku,Standard Liège
33,54.0,SUBSTITUTION,Cimirot (on) - Bastien (off),Bastien,Standard Liège,Cimirot,Standard Liège
34,46.0,GOAL,Neres scores!,Neres,Ajax,Ochoa,Ajax
35,46.0,ASSIST,Good assist from Tadić.,Tadić,Ajax,,
36,46.0,START_PHASE,The second half begins.,,,,
37,,END_PHASE,The referee blows for half-time.,,,,
38,45.0,SHOT_WIDE,Huntelaar misses the target.,Huntelaar,Ajax,,
39,45.0,SAVE,Ochoa makes a save.,Ochoa,Standard Liège,,
40,45.0,SHOT_ON_GOAL,Ziyech has an effort on goal.,Ziyech,Ajax,,
41,45.0,FOUL,Carcela fouls Tagliafico.,Carcela,Standard Liège,Tagliafico,Ajax
42,44.0,SHOT_WIDE,Neres misses the target.,Neres,Ajax,,
43,40.0,FOUL,Mazraoui fouls Fai.,Mazraoui,Ajax,Fai,Standard Liège
44,40.0,FOUL,Huntelaar fouls Laifis.,Huntelaar,Ajax,Laifis,Standard Liège
45,39.0,OFFSIDE,Laifis is flagged for offside.,Laifis,Standard Liège,,
46,39.0,CORNER,Marin takes the corner.,Marin,Standard Liège,,
47,37.0,FOUL,Ziyech fouls Agbo.,Ziyech,Ajax,Agbo,Standard Liège
48,34.0,ASSIST,Good assist from Ziyech.,Ziyech,Ajax,,
49,34.0,GOAL,De Ligt scores!,De Ligt,Ajax,Ochoa,Ajax
50,34.0,CORNER,Ziyech takes the corner.,Ziyech,Ajax,,
51,31.0,ASSIST,Good assist from Tagliafico.,Tagliafico,Ajax,,
52,30.0,GOAL,Huntelaar scores!,Huntelaar,Ajax,Ochoa,Ajax
53,29.0,SAVE,Onana makes a save.,Onana,Ajax,,
54,29.0,SHOT_ON_GOAL,Bastien has an effort on goal.,Bastien,Standard Liège,,
55,26.0,SHOT_WIDE,Schöne misses the target.,Schöne,Ajax,,
56,26.0,CORNER,Mpoku takes the corner.,Mpoku,Standard Liège,,
57,25.0,FOUL,F. de Jong fouls Cavanda.,F. de Jong,Ajax,Cavanda,Standard Liège
58,25.0,SHOT_WIDE,De Ligt misses the target.,De Ligt,Ajax,,
59,24.0,CORNER,Schöne takes the corner.,Schöne,Ajax,,
60,23.0,FOUL,Agbo fouls Neres.,Agbo,Standard Liège,Neres,Ajax
61,18.0,FOUL,Mpoku fouls De Ligt.,Mpoku,Standard Liège,De Ligt,Ajax
62,15.0,CORNER,Ziyech takes the corner.,Ziyech,Ajax,,
63,15.0,SHOT_BLOCKED,Schöne has a shot blocked.,Schöne,Ajax,,
64,15.0,SHOT_BLOCKED,Schöne has a shot blocked.,Schöne,Ajax,,
65,15.0,FREE_KICK,Schöne takes the free-kick.,Schöne,Ajax,,
66,14.0,FOUL,Agbo fouls.,Agbo,Standard Liège,,
67,13.0,CORNER,Ziyech takes the corner.,Ziyech,Ajax,,
68,13.0,FOUL,Fai fouls Ziyech.,Fai,Standard Liège,Ziyech,Ajax
69,12.0,OFFSIDE,Emond is flagged for offside.,Emond,Standard Liège,,
70,10.0,FOUL,Laifis fouls Huntelaar.,Laifis,Standard Liège,Huntelaar,Ajax
71,9.0,FOUL,Cavanda fouls Neres.,Cavanda,Standard Liège,Neres,Ajax
72,8.0,SHOT_WIDE,Huntelaar misses the target.,Huntelaar,Ajax,,
73,7.0,CORNER,Ziyech takes the corner.,Ziyech,Ajax,,
74,6.0,FOUL,Carcela fouls F. de Jong.,Carcela,Standard Liège,F. de Jong,Ajax
75,6.0,SHOT_WIDE,Mazraoui misses the target.,Mazraoui,Ajax,,
76,5.0,CORNER,Ziyech takes the corner.,Ziyech,Ajax,,
77,2.0,CORNER,Ziyech takes the corner.,Ziyech,Ajax,,
78,1.0,START_PHASE,The match is under way.,,,,
