,minute,eventType,autoText,primaryPlayer,primaryTeam,secondaryPlayer,secondaryTeam
0,,END_PHASE,The final whistle is blown.,,,,
1,90.0,CORNER,Amiri takes the corner.,Amiri,Hoffenheim,Jesus,Man. City
2,90.0,FREE_KICK,Baumann takes the free-kick.,Baumann,Hoffenheim,Amiri,Hoffenheim
3,90.0,FOUL,Sterling fouls Hübner.,Sterling,Man. City,Hübner,Hoffenheim
4,89.0,CORNER,Nelson takes the corner.,Nelson,Hoffenheim,Walker,Man. City
5,87.0,SAVE,Baumann makes a save.,Baumann,Hoffenheim,,
6,87.0,SHOT_ON_GOAL,Jesus has an effort on goal.,Jesus,Man. City,Jesus,Man. City
7,87.0,FREE_KICK,Ederson takes the free-kick.,Ederson,Man. City,Otamendi,Man. City
8,86.0,OFFSIDE,Schulz is flagged for offside.,Schulz,Hoffenheim,Schulz,Hoffenheim
9,86.0,SAVE,Otamendi makes a save.,Otamendi,Man. City,,
10,86.0,SHOT_BLOCKED,Amiri has a shot blocked.,Amiri,Hoffenheim,Amiri,Hoffenheim
11,85.0,SUBSTITUTION,Kompany (on) - Bernardo Silva (off),Bernardo Silva,Man. City,Kompany,Man. City
12,84.0,SHOT_WIDE,Sterling misses the target.,Sterling,Man. City,Sterling,Man. City
13,83.0,FREE_KICK,Ederson takes the free-kick.,Ederson,Man. City,Delph,Man. City
14,83.0,OFFSIDE,Belfodil is flagged for offside.,Belfodil,Hoffenheim,Belfodil,Hoffenheim
15,82.0,FOUL,Walker fouls Joelinton.,Walker,Man. City,Joelinton,Hoffenheim
16,81.0,SAVE,Baumann makes a save.,Baumann,Hoffenheim,,
17,80.0,FREE_KICK,Delph takes the free-kick.,Delph,Man. City,Sterling,Man. City
18,80.0,FOUL,Grillitsch fouls Foden.,Grillitsch,Hoffenheim,Foden,Man. City
19,80.0,FREE_KICK,Laporte takes the free-kick.,Laporte,Man. City,Otamendi,Man. City
20,80.0,OFFSIDE,Belfodil is flagged for offside.,Belfodil,Hoffenheim,Belfodil,Hoffenheim
21,78.0,FREE_KICK,Bernardo Silva takes the free-kick.,Bernardo Silva,Man. City,Walker,Man. City
22,77.0,YELLOW_CARD,Joelinton is cautioned by the referee.,Joelinton,Hoffenheim,Joelinton,Hoffenheim
23,77.0,FOUL,Joelinton fouls Sterling.,Joelinton,Hoffenheim,Sterling,Man. City
24,77.0,CORNER,Sané takes the corner.,Sané,Man. City,,
25,76.0,SAVE,Baumann makes a save.,Baumann,Hoffenheim,,
26,76.0,SHOT_ON_GOAL,Foden has an effort on goal.,Foden,Man. City,Foden,Man. City
27,74.0,SHOT_WIDE,Laporte misses the target.,Laporte,Man. City,Laporte,Man. City
28,74.0,CORNER,Foden takes the corner.,Foden,Man. City,Laporte,Man. City
29,74.0,FREE_KICK,Grillitsch takes the free-kick.,Grillitsch,Hoffenheim,Kadeřábek,Hoffenheim
30,73.0,FOUL,Jesus fouls Kramarić.,Jesus,Man. City,Kramarić,Hoffenheim
31,73.0,SAVE,Ederson makes a save.,Ederson,Man. City,,
32,73.0,SHOT_ON_GOAL,Belfodil has an effort on goal.,Belfodil,Hoffenheim,Belfodil,Hoffenheim
33,73.0,FREE_KICK,Baumann takes the free-kick.,Baumann,Hoffenheim,Nuhu,Hoffenheim
34,72.0,FOUL,Jesus fouls Grillitsch.,Jesus,Man. City,Grillitsch,Hoffenheim
35,72.0,SHOT_WIDE,Delph misses the target.,Delph,Man. City,Delph,Man. City
36,71.0,SHOT_WIDE,Foden misses the target.,Foden,Man. City,Foden,Man. City
37,70.0,SUBSTITUTION,Belfodil (on) - Bittencourt (off),Bittencourt,Hoffenheim,Belfodil,Hoffenheim
38,70.0,SHOT_WIDE,Joelinton misses the target.,Joelinton,Hoffenheim,Joelinton,Hoffenheim
39,68.0,CORNER,Amiri takes the corner.,Amiri,Hoffenheim,Walker,Man. City
40,66.0,SHOT_WIDE,Gündoğan misses the target.,Gündoğan,Man. City,Gündoğan,Man. City
41,64.0,YELLOW_CARD,Grillitsch is cautioned by the referee.,Grillitsch,Hoffenheim,,Hoffenheim
42,64.0,FOUL,Hübner fouls Jesus.,Hübner,Hoffenheim,Jesus,Man. City
43,64.0,FREE_KICK,Walker takes the free-kick.,Walker,Man. City,Sané,Man. City
44,64.0,SUBSTITUTION,Delph (on) - Zinchenko (off),Zinchenko,Man. City,Delph,Man. City
45,63.0,SUBSTITUTION,Amiri (on) - Geiger (off),Geiger,Hoffenheim,Amiri,Hoffenheim
46,63.0,OFFSIDE,Kramarić is flagged for offside.,Kramarić,Hoffenheim,Kramarić,Hoffenheim
47,61.0,ASSIST,Good assist from Sterling.,Sterling,Man. City,Sterling,Man. City
48,61.0,GOAL,Sané scores!,Sané,Man. City,Baumann,Man. City
49,58.0,SAVE,Ederson makes a save.,Ederson,Man. City,,
50,58.0,SHOT_ON_GOAL,Nelson has an effort on goal.,Nelson,Hoffenheim,Nelson,Hoffenheim
51,58.0,SHOT_WIDE,Sterling misses the target.,Sterling,Man. City,Sterling,Man. City
52,56.0,SHOT_WIDE,Otamendi misses the target.,Otamendi,Man. City,Otamendi,Man. City
53,56.0,CORNER,Gündoğan takes the corner.,Gündoğan,Man. City,Otamendi,Man. City
54,55.0,SAVE,Baumann makes a save.,Baumann,Hoffenheim,,
55,55.0,SHOT_ON_GOAL,Bernardo Silva has an effort on goal.,Bernardo Silva,Man. City,Bernardo Silva,Man. City
56,55.0,CORNER,Kramarić takes the corner.,Kramarić,Hoffenheim,Bittencourt,Hoffenheim
57,54.0,SHOT_WIDE,Otamendi misses the target.,Otamendi,Man. City,Otamendi,Man. City
58,54.0,CORNER,Sané takes the corner.,Sané,Man. City,Gündoğan,Man. City
59,53.0,SAVE,Baumann makes a save.,Baumann,Hoffenheim,,
60,53.0,SHOT_ON_GOAL,Jesus has an effort on goal.,Jesus,Man. City,Jesus,Man. City
61,52.0,FREE_KICK,Otamendi takes the free-kick.,Otamendi,Man. City,Laporte,Man. City
62,51.0,FOUL,Joelinton fouls Gündoğan.,Joelinton,Hoffenheim,Gündoğan,Man. City
63,51.0,CORNER,Bittencourt takes the corner.,Bittencourt,Hoffenheim,Jesus,Man. City
64,51.0,SAVE,Ederson makes a save.,Ederson,Man. City,,
65,50.0,SAVE,Schulz makes a save.,Schulz,Hoffenheim,,
66,50.0,SHOT_BLOCKED,Sterling has a shot blocked.,Sterling,Man. City,Sterling,Man. City
67,49.0,SHOT_WIDE,Laporte misses the target.,Laporte,Man. City,Laporte,Man. City
68,49.0,SAVE,Baumann makes a save.,Baumann,Hoffenheim,,
69,49.0,SHOT_ON_GOAL,Laporte has an effort on goal.,Laporte,Man. City,Laporte,Man. City
70,49.0,CORNER,Sané takes the corner.,Sané,Man. City,Laporte,Man. City
71,48.0,FREE_KICK,Baumann takes the free-kick.,Baumann,Hoffenheim,Nuhu,Hoffenheim
72,48.0,FOUL,Foden fouls Geiger.,Foden,Man. City,Geiger,Hoffenheim
73,48.0,FREE_KICK,Kadeřábek takes the free-kick.,Kadeřábek,Hoffenheim,Geiger,Hoffenheim
74,47.0,FOUL,Zinchenko fouls Grillitsch.,Zinchenko,Man. City,Grillitsch,Hoffenheim
75,46.0,SUBSTITUTION,Nelson (on) - Brenet (off),Brenet,Hoffenheim,Nelson,Hoffenheim
76,46.0,SUBSTITUTION,Walker (on) - Stones (off),Stones,Man. City,Walker,Man. City
77,46.0,START_PHASE,The second half begins.,,,,
78,,END_PHASE,The referee blows for half-time.,,,,
79,45.0,GOAL,Sané scores!,Sané,Man. City,Baumann,Man. City
80,45.0,FOUL,Hübner fouls Jesus.,Hübner,Hoffenheim,Jesus,Man. City
81,43.0,FREE_KICK,Baumann takes the free-kick.,Baumann,Hoffenheim,Stones,Man. City
82,43.0,OFFSIDE,Jesus is flagged for offside.,Jesus,Man. City,Jesus,Man. City
83,42.0,FREE_KICK,Ederson takes the free-kick.,Ederson,Man. City,Otamendi,Man. City
84,42.0,FOUL,Joelinton fouls Otamendi.,Joelinton,Hoffenheim,Otamendi,Man. City
85,42.0,FREE_KICK,Kadeřábek takes the free-kick.,Kadeřábek,Hoffenheim,Joelinton,Hoffenheim
86,41.0,FOUL,Zinchenko fouls Kramarić.,Zinchenko,Man. City,Kramarić,Hoffenheim
87,41.0,SAVE,Nuhu makes a save.,Nuhu,Hoffenheim,,
88,41.0,SHOT_BLOCKED,Foden has a shot blocked.,Foden,Man. City,Foden,Man. City
89,38.0,SHOT_WIDE,Joelinton misses the target.,Joelinton,Hoffenheim,Joelinton,Hoffenheim
90,36.0,FREE_KICK,Stones takes the free-kick.,Stones,Man. City,Laporte,Man. City
91,36.0,FOUL,Joelinton fouls Otamendi.,Joelinton,Hoffenheim,Otamendi,Man. City
92,35.0,SHOT_WIDE,Foden misses the target.,Foden,Man. City,Foden,Man. City
93,34.0,FREE_KICK,Gündoğan takes the free-kick.,Gündoğan,Man. City,Laporte,Man. City
94,34.0,FOUL,Joelinton fouls Stones.,Joelinton,Hoffenheim,Stones,Man. City
95,34.0,SHOT_WIDE,Otamendi misses the target.,Otamendi,Man. City,Otamendi,Man. City
96,33.0,FOUL,Geiger fouls Sané.,Geiger,Hoffenheim,Sané,Man. City
97,30.0,FREE_KICK,Gündoğan takes the free-kick.,Gündoğan,Man. City,Otamendi,Man. City
98,30.0,FOUL,Bittencourt fouls Bernardo Silva.,Bittencourt,Hoffenheim,Bernardo Silva,Man. City
99,29.0,FREE_KICK,Stones takes the free-kick.,Stones,Man. City,Otamendi,Man. City
100,29.0,FOUL,Grillitsch fouls Jesus.,Grillitsch,Hoffenheim,Jesus,Man. City
101,28.0,FREE_KICK,Joelinton takes the free-kick.,Joelinton,Hoffenheim,Schulz,Hoffenheim
102,28.0,FOUL,Gündoğan fouls Joelinton.,Gündoğan,Man. City,Joelinton,Hoffenheim
103,27.0,FREE_KICK,Hübner takes the free-kick.,Hübner,Hoffenheim,Grillitsch,Hoffenheim
104,27.0,FOUL,Stones fouls Joelinton.,Stones,Man. City,Joelinton,Hoffenheim
105,24.0,FREE_KICK,Baumann takes the free-kick.,Baumann,Hoffenheim,Hübner,Hoffenheim
106,23.0,OFFSIDE,Jesus is flagged for offside.,Jesus,Man. City,Jesus,Man. City
107,23.0,FREE_KICK,Grillitsch takes the free-kick.,Grillitsch,Hoffenheim,Hübner,Hoffenheim
108,22.0,FOUL,Bernardo Silva fouls Geiger.,Bernardo Silva,Man. City,Geiger,Hoffenheim
109,22.0,SAVE,Baumann makes a save.,Baumann,Hoffenheim,,
110,22.0,SHOT_ON_GOAL,Otamendi has an effort on goal.,Otamendi,Man. City,Otamendi,Man. City
111,22.0,CORNER,Gündoğan takes the corner.,Gündoğan,Man. City,Otamendi,Man. City
112,21.0,SAVE,Baumann makes a save.,Baumann,Hoffenheim,,
113,21.0,SHOT_ON_GOAL,Stones has an effort on goal.,Stones,Man. City,Stones,Man. City
114,20.0,FOUL,Geiger fouls Foden.,Geiger,Hoffenheim,Foden,Man. City
115,19.0,SHOT_WIDE,Jesus misses the target.,Jesus,Man. City,Jesus,Man. City
116,19.0,CORNER,Sané takes the corner.,Sané,Man. City,Jesus,Man. City
117,18.0,FREE_KICK,Ederson takes the free-kick.,Ederson,Man. City,Laporte,Man. City
118,18.0,FOUL,Joelinton fouls Otamendi.,Joelinton,Hoffenheim,Otamendi,Man. City
119,16.0,GOAL,Kramarić scores from the penalty spot.,Kramarić,Hoffenheim,Ederson,Hoffenheim
120,15.0,FOUL,Laporte fouls Hübner.,Laporte,Man. City,Hübner,Hoffenheim
121,15.0,SAVE,Bernardo Silva makes a save.,Bernardo Silva,Man. City,,
122,15.0,SHOT_BLOCKED,Schulz has a shot blocked.,Schulz,Hoffenheim,Schulz,Hoffenheim
123,15.0,CORNER,Geiger takes the corner.,Geiger,Hoffenheim,Jesus,Man. City
124,14.0,SAVE,Ederson makes a save.,Ederson,Man. City,,
125,14.0,SHOT_ON_GOAL,Kramarić has an effort on goal.,Kramarić,Hoffenheim,Kramarić,Hoffenheim
126,13.0,SAVE,Baumann makes a save.,Baumann,Hoffenheim,,
127,13.0,SHOT_ON_GOAL,Gündoğan has an effort on goal.,Gündoğan,Man. City,Gündoğan,Man. City
128,12.0,SHOT_WIDE,Kramarić misses the target.,Kramarić,Hoffenheim,Kramarić,Hoffenheim
129,11.0,CORNER,Gündoğan takes the corner.,Gündoğan,Man. City,Hübner,Hoffenheim
130,10.0,SHOT_WIDE,Geiger misses the target.,Geiger,Hoffenheim,Geiger,Hoffenheim
131,9.0,SAVE,Nuhu makes a save.,Nuhu,Hoffenheim,,
132,9.0,SHOT_BLOCKED,Sané has a shot blocked.,Sané,Man. City,Sané,Man. City
133,8.0,FREE_KICK,Laporte takes the free-kick.,Laporte,Man. City,Stones,Man. City
134,8.0,OFFSIDE,Brenet is flagged for offside.,Brenet,Hoffenheim,Brenet,Hoffenheim
135,6.0,SHOT_WIDE,Grillitsch misses the target.,Grillitsch,Hoffenheim,Grillitsch,Hoffenheim
136,2.0,FREE_KICK,Ederson takes the free-kick.,Ederson,Man. City,Stones,Man. City
137,2.0,FOUL,Joelinton fouls Stones.,Joelinton,Hoffenheim,Stones,Man. City
138,1.0,SHOT_WIDE,Brenet misses the target.,Brenet,Hoffenheim,Brenet,Hoffenheim
139,1.0,START_PHASE,The match is under way.,,,,
