,minute,eventType,autoText,primaryPlayer,primaryTeam,secondaryPlayer,secondaryTeam
0,,END_PHASE,The final whistle is blown.,,,,
1,90.0,FREE_KICK,Vormer takes the free-kick.,Vormer,Club Brugge,Denswil,Club Brugge
2,90.0,FOUL,Witsel fouls Openda.,Witsel,Dortmund,Openda,Club Brugge
3,90.0,CORNER,Kagawa takes the corner.,Kagawa,Dortmund,Wolf,Dortmund
4,90.0,SAVE,Denswil makes a save.,Denswil,Club Brugge,,
5,90.0,SHOT_BLOCKED,Dahoud has a shot blocked.,Dahoud,Dortmund,Dahoud,Dortmund
6,90.0,CORNER,Vormer takes the corner.,Vormer,Club Brugge,Akanji,Dortmund
7,90.0,FREE_KICK,Mitrović takes the free-kick.,Mitrović,Club Brugge,Denswil,Club Brugge
8,90.0,YELLOW_CARD,Kagawa is cautioned by the referee.,Kagawa,Dortmund,Kagawa,Dortmund
9,90.0,OFFSIDE,Reus is flagged for offside.,Reus,Dortmund,Reus,Dortmund
10,89.0,FREE_KICK,Pulišić takes the free-kick.,Pulišić,Dortmund,Kagawa,Dortmund
11,89.0,FOUL,Vormer fouls Pulišić.,Vormer,Club Brugge,Pulišić,Dortmund
12,87.0,SHOT_WIDE,Pulišić misses the target.,Pulišić,Dortmund,Pulišić,Dortmund
13,85.0,GOAL,Pulišić scores!,Pulišić,Dortmund,Letica,Dortmund
14,84.0,FREE_KICK,Piszczek takes the free-kick.,Piszczek,Dortmund,Reus,Dortmund
15,84.0,SUBSTITUTION,Dahoud (on) - Weigl (off),Weigl,Dortmund,Dahoud,Dortmund
16,83.0,FOUL,Rits fouls Kagawa.,Rits,Club Brugge,Kagawa,Dortmund
17,83.0,SAVE,Diallo makes a save.,Diallo,Dortmund,,
18,83.0,SHOT_BLOCKED,Openda has a shot blocked.,Openda,Club Brugge,Openda,Club Brugge
19,83.0,SAVE,Bürki makes a save.,Bürki,Dortmund,,
20,83.0,SHOT_ON_GOAL,Openda has an effort on goal.,Openda,Club Brugge,Openda,Club Brugge
21,82.0,SUBSTITUTION,Openda (on) - Vossen (off),Vossen,Club Brugge,Openda,Club Brugge
22,79.0,SHOT_WIDE,Piszczek misses the target.,Piszczek,Dortmund,Piszczek,Dortmund
23,77.0,FOUL,Pulišić fouls Bonaventure.,Pulišić,Dortmund,Bonaventure,Club Brugge
24,76.0,FREE_KICK,Letica takes the free-kick.,Letica,Club Brugge,Wesley,Club Brugge
25,76.0,SUBSTITUTION,Bonaventure (on) - Groeneveld (off),Groeneveld,Club Brugge,Bonaventure,Club Brugge
26,75.0,OFFSIDE,Pulišić is flagged for offside.,Pulišić,Dortmund,Pulišić,Dortmund
27,70.0,FREE_KICK,Piszczek takes the free-kick.,Piszczek,Dortmund,Wolf,Dortmund
28,70.0,FOUL,Vanaken fouls Weigl.,Vanaken,Club Brugge,Weigl,Dortmund
29,69.0,FREE_KICK,Denswil takes the free-kick.,Denswil,Club Brugge,Mitrović,Club Brugge
30,69.0,SUBSTITUTION,Pulišić (on) - Sancho (off),Sancho,Dortmund,Pulišić,Dortmund
31,68.0,FOUL,Weigl handles the ball.,Weigl,Dortmund,,
32,64.0,CORNER,Sancho takes the corner.,Sancho,Dortmund,Letica,Club Brugge
33,62.0,SUBSTITUTION,Kagawa (on) - Götze (off),Götze,Dortmund,Kagawa,Dortmund
34,61.0,FREE_KICK,Akanji takes the free-kick.,Akanji,Dortmund,Diallo,Dortmund
35,61.0,FOUL,Wesley fouls Weigl.,Wesley,Club Brugge,Weigl,Dortmund
36,60.0,SHOT_WIDE,Reus misses the target.,Reus,Dortmund,Reus,Dortmund
37,60.0,FOUL,Poulain fouls Wolf.,Poulain,Club Brugge,Wolf,Dortmund
38,56.0,FREE_KICK,Mitrović takes the free-kick.,Mitrović,Club Brugge,Poulain,Club Brugge
39,56.0,SUBSTITUTION,Cools (on) - Vlietinck (off),Vlietinck,Club Brugge,Cools,Club Brugge
40,56.0,OFFSIDE,Götze is flagged for offside.,Götze,Dortmund,Götze,Dortmund
41,55.0,FREE_KICK,Piszczek takes the free-kick.,Piszczek,Dortmund,Akanji,Dortmund
42,55.0,FOUL,Denswil fouls Wolf.,Denswil,Club Brugge,Wolf,Dortmund
43,55.0,SAVE,Schmelzer makes a save.,Schmelzer,Dortmund,,
44,55.0,SHOT_BLOCKED,Vanaken has a shot blocked.,Vanaken,Club Brugge,Vanaken,Club Brugge
45,52.0,SAVE,Rits makes a save.,Rits,Club Brugge,,
46,52.0,SHOT_BLOCKED,Wolf has a shot blocked.,Wolf,Dortmund,Wolf,Dortmund
47,50.0,FREE_KICK,Witsel takes the free-kick.,Witsel,Dortmund,Diallo,Dortmund
48,49.0,OFFSIDE,Wesley is flagged for offside.,Wesley,Club Brugge,Wesley,Club Brugge
49,46.0,FREE_KICK,Witsel takes the free-kick.,Witsel,Dortmund,Weigl,Dortmund
50,46.0,FOUL,Wesley fouls Weigl.,Wesley,Club Brugge,Weigl,Dortmund
51,46.0,START_PHASE,The second half begins.,,,,
52,,END_PHASE,The referee blows for half-time.,,,,
53,45.0,SHOT_WIDE,Schmelzer misses the target.,Schmelzer,Dortmund,Schmelzer,Dortmund
54,43.0,FOUL,Weigl fouls Denswil.,Weigl,Dortmund,Denswil,Club Brugge
55,41.0,SHOT_WIDE,Witsel misses the target.,Witsel,Dortmund,Witsel,Dortmund
56,41.0,FREE_KICK,Reus takes the free-kick.,Reus,Dortmund,Witsel,Dortmund
57,41.0,FOUL,Vormer fouls Weigl.,Vormer,Club Brugge,Weigl,Dortmund
58,40.0,FREE_KICK,Weigl takes the free-kick.,Weigl,Dortmund,Schmelzer,Dortmund
59,40.0,FOUL,Rits fouls Götze.,Rits,Club Brugge,Götze,Dortmund
60,39.0,FREE_KICK,Akanji takes the free-kick.,Akanji,Dortmund,Witsel,Dortmund
61,39.0,OFFSIDE,Wesley is flagged for offside.,Wesley,Club Brugge,Wesley,Club Brugge
62,38.0,SHOT_WIDE,Denswil misses the target.,Denswil,Club Brugge,Denswil,Club Brugge
63,37.0,CORNER,Vanaken takes the corner.,Vanaken,Club Brugge,Schmelzer,Dortmund
64,31.0,SHOT_WIDE,Piszczek misses the target.,Piszczek,Dortmund,Piszczek,Dortmund
65,31.0,CORNER,Sancho takes the corner.,Sancho,Dortmund,Piszczek,Dortmund
66,31.0,CORNER,Wolf takes the corner.,Wolf,Dortmund,Rits,Club Brugge
67,29.0,SAVE,Letica makes a save.,Letica,Club Brugge,,
68,29.0,SHOT_ON_GOAL,Götze has an effort on goal.,Götze,Dortmund,Götze,Dortmund
69,25.0,CORNER,Vormer takes the corner.,Vormer,Club Brugge,Mitrović,Club Brugge
70,23.0,SHOT_WIDE,Vormer misses the target.,Vormer,Club Brugge,Vormer,Club Brugge
71,23.0,SAVE,Bürki makes a save.,Bürki,Dortmund,,
72,23.0,SHOT_ON_GOAL,Groeneveld has an effort on goal.,Groeneveld,Club Brugge,Groeneveld,Club Brugge
73,22.0,FREE_KICK,Letica takes the free-kick.,Letica,Club Brugge,Poulain,Club Brugge
74,21.0,OFFSIDE,Wolf is flagged for offside.,Wolf,Dortmund,Wolf,Dortmund
75,20.0,CORNER,Vanaken takes the corner.,Vanaken,Club Brugge,Götze,Dortmund
76,20.0,SAVE,Reus makes a save.,Reus,Dortmund,,
77,20.0,SHOT_BLOCKED,Vossen has a shot blocked.,Vossen,Club Brugge,Vossen,Club Brugge
78,19.0,YELLOW_CARD,Weigl is cautioned by the referee.,Weigl,Dortmund,Weigl,Dortmund
79,19.0,FOUL,Weigl fouls Wesley.,Weigl,Dortmund,Wesley,Club Brugge
80,17.0,SHOT_WIDE,Witsel misses the target.,Witsel,Dortmund,Witsel,Dortmund
81,17.0,CORNER,Wolf takes the corner.,Wolf,Dortmund,Witsel,Dortmund
82,16.0,FREE_KICK,Bürki takes the free-kick.,Bürki,Dortmund,Diallo,Dortmund
83,16.0,OFFSIDE,Vormer is flagged for offside.,Vormer,Club Brugge,Vormer,Club Brugge
84,13.0,CORNER,Götze takes the corner.,Götze,Dortmund,Letica,Club Brugge
85,12.0,SHOT_WIDE,Vossen misses the target.,Vossen,Club Brugge,Vossen,Club Brugge
86,11.0,SAVE,Letica makes a save.,Letica,Club Brugge,,
87,11.0,SHOT_ON_GOAL,Piszczek has an effort on goal.,Piszczek,Dortmund,Piszczek,Dortmund
88,10.0,SHOT_WIDE,Groeneveld misses the target.,Groeneveld,Club Brugge,Groeneveld,Club Brugge
89,8.0,FREE_KICK,Akanji takes the free-kick.,Akanji,Dortmund,Witsel,Dortmund
90,8.0,OFFSIDE,Wesley is flagged for offside.,Wesley,Club Brugge,Wesley,Club Brugge
91,5.0,FREE_KICK,Witsel takes the free-kick.,Witsel,Dortmund,Diallo,Dortmund
92,4.0,FOUL,Rits fouls Weigl.,Rits,Club Brugge,Weigl,Dortmund
93,4.0,SAVE,Diallo makes a save.,Diallo,Dortmund,,
94,4.0,SHOT_BLOCKED,Vormer has a shot blocked.,Vormer,Club Brugge,Vormer,Club Brugge
95,2.0,SHOT_WIDE,Rits misses the target.,Rits,Club Brugge,Rits,Club Brugge
96,1.0,SHOT_WIDE,Wolf misses the target.,Wolf,Dortmund,Wolf,Dortmund
97,1.0,START_PHASE,The match is under way.,,,,
