,minute,eventType,autoText,primaryPlayer,primaryTeam,secondaryPlayer,secondaryTeam
0,,END_PHASE,The final whistle is blown.,,,,
1,90.0,SAVE,Gakpo makes a save.,Gakpo,PSV,,
2,90.0,SHOT_BLOCKED,Eriksen has a shot blocked.,Eriksen,Tottenham,Eriksen,Tottenham
3,90.0,YELLOW_CARD,Rosario is cautioned by the referee.,Rosario,PSV,Rosario,PSV
4,90.0,FOUL,Rosario fouls Kane.,Rosario,PSV,Kane,Tottenham
5,90.0,FREE_KICK,Zoet takes the free-kick.,Zoet,PSV,Trippier,Tottenham
6,90.0,OFFSIDE,Kane is flagged for offside.,Kane,Tottenham,Kane,Tottenham
7,90.0,SHOT_WIDE,Angeliño misses the target.,Angeliño,PSV,Angeliño,PSV
8,90.0,FREE_KICK,Trippier takes the free-kick.,Trippier,Tottenham,Zoet,PSV
9,90.0,YELLOW_CARD,Dumfries is cautioned by the referee.,Dumfries,PSV,Dumfries,PSV
10,90.0,FOUL,Dumfries fouls Dier.,Dumfries,PSV,Dier,Tottenham
11,90.0,FREE_KICK,Viergever takes the free-kick.,Viergever,PSV,Schwaab,PSV
12,90.0,FOUL,Lamela fouls Hendrix.,Lamela,Tottenham,Hendrix,PSV
13,89.0,CORNER,Trippier takes the corner.,Trippier,Tottenham,Hendrix,PSV
14,87.0,ASSIST,Good assist from Rosario.,Rosario,PSV,Rosario,PSV
15,87.0,GOAL,L. de Jong scores!,L. de Jong,PSV,Vorm,PSV
16,87.0,FREE_KICK,Lozano takes the free-kick.,Lozano,PSV,Kane,Tottenham
17,87.0,FOUL,Trippier fouls Malen.,Trippier,Tottenham,Malen,PSV
18,86.0,FREE_KICK,Zoet takes the free-kick.,Zoet,PSV,L. de Jong,PSV
19,86.0,FOUL,Lamela fouls Dumfries.,Lamela,Tottenham,Dumfries,PSV
20,86.0,FREE_KICK,Trippier takes the free-kick.,Trippier,Tottenham,Lamela,Tottenham
21,85.0,FOUL,Dumfries fouls Kane.,Dumfries,PSV,Kane,Tottenham
22,85.0,FREE_KICK,Winks takes the free-kick.,Winks,Tottenham,Alderweireld,Tottenham
23,84.0,FOUL,Malen fouls Winks.,Malen,PSV,Winks,Tottenham
24,83.0,SUBSTITUTION,Gakpo (on) - Pereiro (off),Pereiro,PSV,Gakpo,PSV
25,82.0,CORNER,Pereiro takes the corner.,Pereiro,PSV,Eriksen,Tottenham
26,82.0,SAVE,Vorm makes a save.,Vorm,Tottenham,,
27,82.0,SHOT_ON_GOAL,L. de Jong has an effort on goal.,L. de Jong,PSV,L. de Jong,PSV
28,81.0,SUBSTITUTION,Vorm (on) - Son (off),Son,Tottenham,Vorm,Tottenham
29,79.0,RED_CARD,Lloris is dismissed.,Lloris,Tottenham,Lloris,Tottenham
30,79.0,FOUL,Lloris fouls Lozano.,Lloris,Tottenham,Lozano,PSV
31,78.0,SHOT_WIDE,Kane misses the target.,Kane,Tottenham,Kane,Tottenham
32,76.0,FOUL,Dumfries fouls Son.,Dumfries,PSV,Son,Tottenham
33,75.0,SAVE,Viergever makes a save.,Viergever,PSV,,
34,75.0,SHOT_BLOCKED,Lamela has a shot blocked.,Lamela,Tottenham,Lamela,Tottenham
35,74.0,SUBSTITUTION,Winks (on) - Dembélé (off),Dembélé,Tottenham,Winks,Tottenham
36,73.0,SHOT_WIDE,Lamela misses the target.,Lamela,Tottenham,Lamela,Tottenham
37,70.0,FREE_KICK,Viergever takes the free-kick.,Viergever,PSV,Schwaab,PSV
38,69.0,FOUL,Dembélé fouls Hendrix.,Dembélé,Tottenham,Hendrix,PSV
39,66.0,FREE_KICK,Zoet takes the free-kick.,Zoet,PSV,Davies,Tottenham
40,66.0,FOUL,Son fouls Pereiro.,Son,Tottenham,Pereiro,PSV
41,66.0,SAVE,Zoet makes a save.,Zoet,PSV,,
42,66.0,SHOT_ON_GOAL,Kane has an effort on goal.,Kane,Tottenham,Kane,Tottenham
43,66.0,FREE_KICK,Trippier takes the free-kick.,Trippier,Tottenham,Kane,Tottenham
44,65.0,FOUL,Dumfries fouls Davies.,Dumfries,PSV,Davies,Tottenham
45,64.0,SUBSTITUTION,Lamela (on) - Moura (off),Moura,Tottenham,Lamela,Tottenham
46,61.0,SAVE,Zoet makes a save.,Zoet,PSV,,
47,61.0,SHOT_ON_GOAL,Son has an effort on goal.,Son,Tottenham,Son,Tottenham
48,59.0,FREE_KICK,Dier takes the free-kick.,Dier,Tottenham,Sánchez,Tottenham
49,59.0,YELLOW_CARD,Angeliño is cautioned by the referee.,Angeliño,PSV,Angeliño,PSV
50,59.0,FOUL,Angeliño fouls Moura.,Angeliño,PSV,Moura,Tottenham
51,58.0,SHOT_WIDE,Son misses the target.,Son,Tottenham,Son,Tottenham
52,58.0,SAVE,Dumfries makes a save.,Dumfries,PSV,,
53,58.0,SHOT_BLOCKED,Dembélé has a shot blocked.,Dembélé,Tottenham,Dembélé,Tottenham
54,57.0,FREE_KICK,Alderweireld takes the free-kick.,Alderweireld,Tottenham,Dier,Tottenham
55,57.0,OFFSIDE,Lozano is flagged for offside.,Lozano,PSV,Lozano,PSV
56,55.0,ASSIST,Good assist from Eriksen.,Eriksen,Tottenham,Eriksen,Tottenham
57,55.0,GOAL,Kane scores!,Kane,Tottenham,Zoet,Tottenham
58,54.0,FREE_KICK,Alderweireld takes the free-kick.,Alderweireld,Tottenham,Dier,Tottenham
59,54.0,OFFSIDE,Lozano is flagged for offside.,Lozano,PSV,Lozano,PSV
60,53.0,SHOT_WIDE,Dembélé misses the target.,Dembélé,Tottenham,Dembélé,Tottenham
61,53.0,SAVE,Zoet makes a save.,Zoet,PSV,,
62,53.0,SHOT_ON_GOAL,Eriksen has an effort on goal.,Eriksen,Tottenham,Eriksen,Tottenham
63,51.0,FREE_KICK,Trippier takes the free-kick.,Trippier,Tottenham,Dumfries,PSV
64,51.0,FOUL,Malen fouls Trippier.,Malen,PSV,Trippier,Tottenham
65,49.0,SAVE,Rosario makes a save.,Rosario,PSV,,
66,49.0,SHOT_BLOCKED,Trippier has a shot blocked.,Trippier,Tottenham,Trippier,Tottenham
67,48.0,FOUL,Dumfries fouls Kane.,Dumfries,PSV,Kane,Tottenham
68,48.0,FREE_KICK,Viergever takes the free-kick.,Viergever,PSV,L. de Jong,PSV
69,47.0,FOUL,Trippier fouls Malen.,Trippier,Tottenham,Malen,PSV
70,46.0,START_PHASE,The second half begins.,,,,
71,,END_PHASE,The referee blows for half-time.,,,,
72,44.0,SAVE,Sánchez makes a save.,Sánchez,Tottenham,,
73,44.0,SHOT_BLOCKED,Pereiro has a shot blocked.,Pereiro,PSV,Pereiro,PSV
74,43.0,SHOT_WIDE,Moura misses the target.,Moura,Tottenham,Moura,Tottenham
75,42.0,FREE_KICK,Sánchez takes the free-kick.,Sánchez,Tottenham,Lloris,Tottenham
76,42.0,OFFSIDE,Malen is flagged for offside.,Malen,PSV,Malen,PSV
77,41.0,SHOT_WIDE,Malen misses the target.,Malen,PSV,Malen,PSV
78,41.0,FREE_KICK,Pereiro takes the free-kick.,Pereiro,PSV,Alderweireld,Tottenham
79,40.0,FOUL,Dembélé fouls Lozano.,Dembélé,Tottenham,Lozano,PSV
80,39.0,ASSIST,Good assist from Trippier.,Trippier,Tottenham,Trippier,Tottenham
81,39.0,GOAL,Moura scores!,Moura,Tottenham,Zoet,Tottenham
82,38.0,FREE_KICK,Pereiro takes the free-kick.,Pereiro,PSV,Dier,Tottenham
83,37.0,FOUL,Trippier fouls Malen.,Trippier,Tottenham,Malen,PSV
84,36.0,SAVE,Zoet makes a save.,Zoet,PSV,,
85,36.0,SHOT_ON_GOAL,Son has an effort on goal.,Son,Tottenham,Son,Tottenham
86,36.0,FREE_KICK,Alderweireld takes the free-kick.,Alderweireld,Tottenham,Sánchez,Tottenham
87,36.0,FOUL,L. de Jong fouls Davies.,L. de Jong,PSV,Davies,Tottenham
88,35.0,FREE_KICK,Zoet takes the free-kick.,Zoet,PSV,Lloris,Tottenham
89,34.0,OFFSIDE,Kane is flagged for offside.,Kane,Tottenham,Kane,Tottenham
90,34.0,SAVE,Zoet makes a save.,Zoet,PSV,,
91,34.0,SHOT_ON_GOAL,Alderweireld has an effort on goal.,Alderweireld,Tottenham,Alderweireld,Tottenham
92,34.0,CORNER,Trippier takes the corner.,Trippier,Tottenham,Alderweireld,Tottenham
93,30.0,GOAL,Lozano scores!,Lozano,PSV,Lloris,PSV
94,28.0,FREE_KICK,Viergever takes the free-kick.,Viergever,PSV,Schwaab,PSV
95,28.0,FOUL,Eriksen fouls Hendrix.,Eriksen,Tottenham,Hendrix,PSV
96,27.0,SAVE,Zoet makes a save.,Zoet,PSV,,
97,27.0,SHOT_ON_GOAL,Son has an effort on goal.,Son,Tottenham,Son,Tottenham
98,25.0,SHOT_WIDE,L. de Jong misses the target.,L. de Jong,PSV,L. de Jong,PSV
99,25.0,FREE_KICK,Lozano takes the free-kick.,Lozano,PSV,L. de Jong,PSV
100,24.0,FOUL,Dembélé fouls Rosario.,Dembélé,Tottenham,Rosario,PSV
101,24.0,FREE_KICK,Schwaab takes the free-kick.,Schwaab,PSV,Viergever,PSV
102,24.0,FOUL,Davies handles the ball.,Davies,Tottenham,,
103,24.0,SAVE,Dumfries makes a save.,Dumfries,PSV,,
104,24.0,SHOT_BLOCKED,Davies has a shot blocked.,Davies,Tottenham,Davies,Tottenham
105,21.0,SHOT_WIDE,Pereiro misses the target.,Pereiro,PSV,Pereiro,PSV
106,20.0,YELLOW_CARD,Dembélé is cautioned by the referee.,Dembélé,Tottenham,Dembélé,Tottenham
107,20.0,FOUL,Dembélé fouls Lozano.,Dembélé,Tottenham,Lozano,PSV
108,18.0,SHOT_WIDE,Dier misses the target.,Dier,Tottenham,Dier,Tottenham
109,18.0,SHOT_WIDE,Kane misses the target.,Kane,Tottenham,Kane,Tottenham
110,18.0,CORNER,Trippier takes the corner.,Trippier,Tottenham,Kane,Tottenham
111,17.0,SAVE,L. de Jong makes a save.,L. de Jong,PSV,,
112,17.0,SHOT_BLOCKED,Kane has a shot blocked.,Kane,Tottenham,Kane,Tottenham
113,17.0,CORNER,Trippier takes the corner.,Trippier,Tottenham,Rosario,PSV
114,15.0,SAVE,Zoet makes a save.,Zoet,PSV,,
115,15.0,SHOT_ON_GOAL,Kane has an effort on goal.,Kane,Tottenham,Kane,Tottenham
116,12.0,SHOT_WIDE,Angeliño misses the target.,Angeliño,PSV,Angeliño,PSV
117,11.0,FREE_KICK,Pereiro takes the free-kick.,Pereiro,PSV,Angeliño,PSV
118,11.0,FOUL,Dembélé fouls Lozano.,Dembélé,Tottenham,Lozano,PSV
119,10.0,CORNER,Trippier takes the corner.,Trippier,Tottenham,Rosario,PSV
120,6.0,SHOT_WIDE,Pereiro misses the target.,Pereiro,PSV,Pereiro,PSV
121,6.0,FOUL,Davies fouls Lozano.,Davies,Tottenham,Lozano,PSV
122,5.0,CORNER,Trippier takes the corner.,Trippier,Tottenham,L. de Jong,PSV
123,4.0,SAVE,Dumfries makes a save.,Dumfries,PSV,,
124,4.0,SHOT_BLOCKED,Son has a shot blocked.,Son,Tottenham,Son,Tottenham
125,3.0,SHOT_WIDE,Moura misses the target.,Moura,Tottenham,Moura,Tottenham
126,1.0,START_PHASE,The match is under way.,,,,
