,minute,eventType,autoText,primaryPlayer,primaryTeam,secondaryPlayer,secondaryTeam
0,,END_PHASE,The final whistle is blown.,,,,
1,90.0,FREE_KICK,Onana takes the free-kick.,Onana,Ajax,De Ligt,Ajax
2,90.0,FOUL,Lewandowski handles the ball.,Lewandowski,Bayern,,
3,90.0,FREE_KICK,Süle takes the free-kick.,Süle,Bayern,Coman,Bayern
4,90.0,FOUL,Tagliafico fouls Kimmich.,Tagliafico,Ajax,Kimmich,Bayern
5,90.0,YELLOW_CARD,Tagliafico is cautioned by the referee.,Tagliafico,Ajax,Tagliafico,Ajax
6,90.0,ASSIST,Good assist from Huntelaar.,Huntelaar,Ajax,Huntelaar,Ajax
7,90.0,GOAL,Tagliafico scores!,Tagliafico,Ajax,Neuer,Ajax
8,90.0,SAVE,Kimmich makes a save.,Kimmich,Bayern,,
9,90.0,SHOT_BLOCKED,Mazraoui has a shot blocked.,Mazraoui,Ajax,Mazraoui,Ajax
10,90.0,FREE_KICK,Ziyech takes the free-kick.,Ziyech,Ajax,Huntelaar,Ajax
11,90.0,FOUL,Lewandowski fouls Tagliafico.,Lewandowski,Bayern,Tagliafico,Ajax
12,90.0,SHOT_WIDE,Huntelaar misses the target.,Huntelaar,Ajax,Huntelaar,Ajax
13,90.0,SAVE,Tagliafico makes a save.,Tagliafico,Ajax,,
14,90.0,SHOT_BLOCKED,Lewandowski has a shot blocked.,Lewandowski,Bayern,Lewandowski,Bayern
15,90.0,FREE_KICK,Neuer takes the free-kick.,Neuer,Bayern,Lewandowski,Bayern
16,90.0,OFFSIDE,De Ligt is flagged for offside.,De Ligt,Ajax,De Ligt,Ajax
17,90.0,SAVE,Boateng makes a save.,Boateng,Bayern,,
18,90.0,SHOT_BLOCKED,De Ligt has a shot blocked.,De Ligt,Ajax,De Ligt,Ajax
19,90.0,ASSIST,Good assist from Thiago Alcántara.,Thiago Alcántara,Bayern,Thiago Alcántara,Bayern
20,90.0,GOAL,Coman scores!,Coman,Bayern,Onana,Bayern
21,89.0,SUBSTITUTION,Huntelaar (on) - Neres (off),Neres,Ajax,Huntelaar,Ajax
22,89.0,SUBSTITUTION,Renato Sanches (on) - Goretzka (off),Goretzka,Bayern,Renato Sanches,Bayern
23,87.0,GOAL,Lewandowski scores from the penalty spot.,Lewandowski,Bayern,Onana,Bayern
24,86.0,FOUL,Tagliafico fouls Thiago Alcántara.,Tagliafico,Ajax,Thiago Alcántara,Bayern
25,86.0,FREE_KICK,Neuer takes the free-kick.,Neuer,Bayern,Süle,Bayern
26,86.0,FOUL,Dolberg fouls Boateng.,Dolberg,Ajax,Boateng,Bayern
27,85.0,OFFSIDE,Coman is flagged for offside.,Coman,Bayern,Coman,Bayern
28,82.0,GOAL,Tadić scores from the penalty spot.,Tadić,Ajax,Neuer,Ajax
29,81.0,FOUL,Boateng fouls Dolberg.,Boateng,Bayern,Dolberg,Ajax
30,78.0,FREE_KICK,F. de Jong takes the free-kick.,F. de Jong,Ajax,De Ligt,Ajax
31,78.0,SUBSTITUTION,Dolberg (on) - Van de Beek (off),Van de Beek,Ajax,Dolberg,Ajax
32,75.0,RED_CARD,Müller is dismissed.,Müller,Bayern,Müller,Bayern
33,75.0,FOUL,Müller fouls Tagliafico.,Müller,Bayern,Tagliafico,Ajax
34,73.0,FREE_KICK,Onana takes the free-kick.,Onana,Ajax,,
35,72.0,FOUL,Müller fouls Tagliafico.,Müller,Bayern,Tagliafico,Ajax
36,72.0,FREE_KICK,Alaba takes the free-kick.,Alaba,Bayern,Boateng,Bayern
37,72.0,FOUL,Ziyech fouls Thiago Alcántara.,Ziyech,Ajax,Thiago Alcántara,Bayern
38,71.0,FREE_KICK,Süle takes the free-kick.,Süle,Bayern,Boateng,Bayern
39,71.0,SUBSTITUTION,Coman (on) - Ribéry (off),Ribéry,Bayern,Coman,Bayern
40,70.0,FOUL,Tagliafico fouls Müller.,Tagliafico,Ajax,Müller,Bayern
41,68.0,FREE_KICK,Müller takes the free-kick.,Müller,Bayern,Kimmich,Bayern
42,67.0,RED_CARD,Wöber is dismissed.,Wöber,Ajax,Wöber,Ajax
43,67.0,FOUL,Wöber fouls Goretzka.,Wöber,Ajax,Goretzka,Bayern
44,66.0,FREE_KICK,Rafinha takes the free-kick.,Rafinha,Bayern,Thiago Alcántara,Bayern
45,66.0,FOUL,Blind fouls Thiago Alcántara.,Blind,Ajax,Thiago Alcántara,Bayern
46,66.0,SAVE,Onana makes a save.,Onana,Ajax,,
47,66.0,SHOT_ON_GOAL,Lewandowski has an effort on goal.,Lewandowski,Bayern,Lewandowski,Bayern
48,64.0,FREE_KICK,Kimmich takes the free-kick.,Kimmich,Bayern,Thiago Alcántara,Bayern
49,64.0,FOUL,De Ligt fouls Lewandowski.,De Ligt,Ajax,Lewandowski,Bayern
50,63.0,FREE_KICK,Rafinha takes the free-kick.,Rafinha,Bayern,Kimmich,Bayern
51,63.0,YELLOW_CARD,Blind is cautioned by the referee.,Blind,Ajax,Blind,Ajax
52,63.0,FOUL,Tagliafico fouls Müller.,Tagliafico,Ajax,Müller,Bayern
53,62.0,SUBSTITUTION,Thiago Alcántara (on) - Gnabry (off),Gnabry,Bayern,Thiago Alcántara,Bayern
54,61.0,ASSIST,Good assist from Van de Beek.,Van de Beek,Ajax,Van de Beek,Ajax
55,61.0,GOAL,Tadić scores!,Tadić,Ajax,Neuer,Ajax
56,60.0,SAVE,Neuer makes a save.,Neuer,Bayern,,
57,60.0,SHOT_ON_GOAL,Ziyech has an effort on goal.,Ziyech,Ajax,Ziyech,Ajax
58,58.0,SHOT_WIDE,Neres misses the target.,Neres,Ajax,Neres,Ajax
59,54.0,FREE_KICK,Blind takes the free-kick.,Blind,Ajax,Ziyech,Ajax
60,54.0,FOUL,Goretzka fouls Blind.,Goretzka,Bayern,Blind,Ajax
61,54.0,FREE_KICK,Wöber takes the free-kick.,Wöber,Ajax,De Ligt,Ajax
62,54.0,FOUL,Müller fouls Wöber.,Müller,Bayern,Wöber,Ajax
63,51.0,SAVE,De Ligt makes a save.,De Ligt,Ajax,,
64,51.0,SHOT_BLOCKED,Lewandowski has a shot blocked.,Lewandowski,Bayern,Lewandowski,Bayern
65,49.0,CORNER,Kimmich takes the corner.,Kimmich,Bayern,Blind,Ajax
66,48.0,SAVE,Wöber makes a save.,Wöber,Ajax,,
67,48.0,SHOT_BLOCKED,Goretzka has a shot blocked.,Goretzka,Bayern,Goretzka,Bayern
68,47.0,CORNER,Kimmich takes the corner.,Kimmich,Bayern,Müller,Bayern
69,46.0,START_PHASE,The second half begins.,,,,
70,,END_PHASE,The referee blows for half-time.,,,,
71,45.0,SAVE,Neuer makes a save.,Neuer,Bayern,,
72,45.0,SHOT_ON_GOAL,Ziyech has an effort on goal.,Ziyech,Ajax,Ziyech,Ajax
73,45.0,CORNER,Ziyech takes the corner.,Ziyech,Ajax,Gnabry,Bayern
74,45.0,SAVE,Gnabry makes a save.,Gnabry,Bayern,,
75,45.0,SHOT_BLOCKED,Tagliafico has a shot blocked.,Tagliafico,Ajax,Tagliafico,Ajax
76,44.0,FREE_KICK,Neuer takes the free-kick.,Neuer,Bayern,Wöber,Ajax
77,44.0,FOUL,Neres fouls Gnabry.,Neres,Ajax,Gnabry,Bayern
78,42.0,FREE_KICK,Boateng takes the free-kick.,Boateng,Bayern,Süle,Bayern
79,42.0,FOUL,Mazraoui fouls Ribéry.,Mazraoui,Ajax,Ribéry,Bayern
80,41.0,FREE_KICK,Boateng takes the free-kick.,Boateng,Bayern,Süle,Bayern
81,40.0,YELLOW_CARD,De Ligt is cautioned by the referee.,De Ligt,Ajax,De Ligt,Ajax
82,40.0,FOUL,De Ligt fouls Müller.,De Ligt,Ajax,Müller,Bayern
83,38.0,FREE_KICK,F. de Jong takes the free-kick.,F. de Jong,Ajax,Wöber,Ajax
84,38.0,FOUL,Ribéry fouls Mazraoui.,Ribéry,Bayern,Mazraoui,Ajax
85,37.0,FREE_KICK,Blind takes the free-kick.,Blind,Ajax,De Ligt,Ajax
86,37.0,YELLOW_CARD,Rafinha is cautioned by the referee.,Rafinha,Bayern,Rafinha,Bayern
87,37.0,FOUL,Rafinha fouls Neres.,Rafinha,Bayern,Neres,Ajax
88,34.0,FREE_KICK,Ziyech takes the free-kick.,Ziyech,Ajax,Müller,Bayern
89,34.0,FOUL,Ribéry fouls Neres.,Ribéry,Bayern,Neres,Ajax
90,33.0,FREE_KICK,Wöber takes the free-kick.,Wöber,Ajax,Onana,Ajax
91,33.0,FOUL,Rafinha fouls Ziyech.,Rafinha,Bayern,Ziyech,Ajax
92,31.0,FREE_KICK,Ziyech takes the free-kick.,Ziyech,Ajax,Goretzka,Bayern
93,31.0,FOUL,Lewandowski fouls Tagliafico.,Lewandowski,Bayern,Tagliafico,Ajax
94,30.0,FREE_KICK,Wöber takes the free-kick.,Wöber,Ajax,De Ligt,Ajax
95,30.0,FOUL,Lewandowski fouls De Ligt.,Lewandowski,Bayern,De Ligt,Ajax
96,30.0,FREE_KICK,Rafinha takes the free-kick.,Rafinha,Bayern,Goretzka,Bayern
97,30.0,FOUL,Van de Beek fouls Kimmich.,Van de Beek,Ajax,Kimmich,Bayern
98,29.0,SAVE,Goretzka makes a save.,Goretzka,Bayern,,
99,29.0,SHOT_BLOCKED,Neres has a shot blocked.,Neres,Ajax,Neres,Ajax
100,29.0,CORNER,Ziyech takes the corner.,Ziyech,Ajax,Lewandowski,Bayern
101,28.0,YELLOW_CARD,Kimmich is cautioned by the referee.,Kimmich,Bayern,Kimmich,Bayern
102,27.0,SAVE,Onana makes a save.,Onana,Ajax,,
103,27.0,SHOT_WIDE,Kimmich misses the target.,Kimmich,Bayern,Kimmich,Bayern
104,27.0,SHOT_ON_GOAL,Lewandowski has an effort on goal.,Lewandowski,Bayern,Lewandowski,Bayern
105,26.0,SAVE,Neuer makes a save.,Neuer,Bayern,,
106,26.0,SHOT_ON_GOAL,Van de Beek has an effort on goal.,Van de Beek,Ajax,Van de Beek,Ajax
107,25.0,SAVE,Onana makes a save.,Onana,Ajax,,
108,25.0,SHOT_ON_GOAL,Ribéry has an effort on goal.,Ribéry,Bayern,Ribéry,Bayern
109,22.0,FREE_KICK,Onana takes the free-kick.,Onana,Ajax,F. de Jong,Ajax
110,22.0,OFFSIDE,Lewandowski is flagged for offside.,Lewandowski,Bayern,Lewandowski,Bayern
111,20.0,CORNER,Ziyech takes the corner.,Ziyech,Ajax,Ribéry,Bayern
112,19.0,SAVE,Süle makes a save.,Süle,Bayern,,
113,19.0,SHOT_BLOCKED,Blind has a shot blocked.,Blind,Ajax,Blind,Ajax
114,19.0,SAVE,Süle makes a save.,Süle,Bayern,,
115,19.0,SHOT_BLOCKED,Blind has a shot blocked.,Blind,Ajax,Blind,Ajax
116,17.0,SAVE,Neuer makes a save.,Neuer,Bayern,,
117,17.0,SHOT_ON_GOAL,Ziyech has an effort on goal.,Ziyech,Ajax,Ziyech,Ajax
118,15.0,FREE_KICK,Blind takes the free-kick.,Blind,Ajax,De Ligt,Ajax
119,15.0,FOUL,Goretzka fouls De Ligt.,Goretzka,Bayern,De Ligt,Ajax
120,13.0,ASSIST,Good assist from Gnabry.,Gnabry,Bayern,Gnabry,Bayern
121,13.0,GOAL,Lewandowski scores!,Lewandowski,Bayern,Onana,Bayern
122,13.0,CORNER,Kimmich takes the corner.,Kimmich,Bayern,Tagliafico,Ajax
123,12.0,SAVE,Onana makes a save.,Onana,Ajax,,
124,12.0,SHOT_ON_GOAL,Gnabry has an effort on goal.,Gnabry,Bayern,Gnabry,Bayern
125,10.0,SHOT_WIDE,Tadić misses the target.,Tadić,Ajax,Tadić,Ajax
126,9.0,SAVE,Onana makes a save.,Onana,Ajax,,
127,9.0,SHOT_ON_GOAL,Gnabry has an effort on goal.,Gnabry,Bayern,Gnabry,Bayern
128,7.0,FREE_KICK,Blind takes the free-kick.,Blind,Ajax,Wöber,Ajax
129,7.0,FOUL,Goretzka fouls Neres.,Goretzka,Bayern,Neres,Ajax
130,4.0,SHOT_WIDE,Lewandowski misses the target.,Lewandowski,Bayern,Lewandowski,Bayern
131,3.0,FREE_KICK,Kimmich takes the free-kick.,Kimmich,Bayern,Süle,Bayern
132,3.0,FOUL,Neres fouls Kimmich.,Neres,Ajax,Kimmich,Bayern
133,3.0,SAVE,Neuer makes a save.,Neuer,Bayern,,
134,2.0,SHOT_ON_GOAL,Van de Beek has an effort on goal.,Van de Beek,Ajax,Van de Beek,Ajax
135,2.0,SHOT_WIDE,Gnabry misses the target.,Gnabry,Bayern,Gnabry,Bayern
136,1.0,START_PHASE,The match is under way.,,,,
