,minute,eventType,autoText,primaryPlayer,primaryTeam,secondaryPlayer,secondaryTeam
0,,END_PHASE,The final whistle is blown.,,,,
1,90.0,FREE_KICK,Ederson takes the free-kick.,Ederson,Man. City,Sané,Man. City
2,90.0,YELLOW_CARD,Burgstaller is cautioned by the referee.,Burgstaller,Schalke,Burgstaller,Schalke
3,90.0,YELLOW_CARD,Ederson is cautioned by the referee.,Ederson,Man. City,Ederson,Man. City
4,90.0,FOUL,Burgstaller fouls Zinchenko.,Burgstaller,Schalke,Zinchenko,Man. City
5,90.0,SAVE,Laporte makes a save.,Laporte,Man. City,,
6,90.0,SHOT_BLOCKED,Skrzybski has a shot blocked.,Skrzybski,Schalke,Skrzybski,Schalke
7,90.0,ASSIST,Good assist from Ederson.,Ederson,Man. City,Ederson,Man. City
8,90.0,GOAL,Sterling scores!,Sterling,Man. City,Fährmann,Man. City
9,90.0,CORNER,Gündoğan takes the corner.,Gündoğan,Man. City,Caligiuri,Schalke
10,89.0,CORNER,Gündoğan takes the corner.,Gündoğan,Man. City,Nastasić,Schalke
11,88.0,SUBSTITUTION,Harit (on) - Uth (off),Uth,Schalke,Harit,Schalke
12,87.0,SUBSTITUTION,Zinchenko (on) - De Bruyne (off),De Bruyne,Man. City,Zinchenko,Man. City
13,85.0,GOAL,Sané scores!,Sané,Man. City,Fährmann,Man. City
14,84.0,FOUL,Caligiuri fouls Sterling.,Caligiuri,Schalke,Sterling,Man. City
15,83.0,SAVE,Fernandinho makes a save.,Fernandinho,Man. City,,
16,83.0,SHOT_BLOCKED,Skrzybski has a shot blocked.,Skrzybski,Schalke,Skrzybski,Schalke
17,79.0,FREE_KICK,Uth takes the free-kick.,Uth,Schalke,Nastasić,Schalke
18,79.0,FOUL,Walker fouls Uth.,Walker,Man. City,Uth,Schalke
19,78.0,SUBSTITUTION,Sané (on) - Agüero (off),Agüero,Man. City,Sané,Man. City
20,77.0,SUBSTITUTION,Skrzybski (on) - McKennie (off),McKennie,Schalke,Skrzybski,Schalke
21,77.0,SHOT_WIDE,Bernardo Silva misses the target.,Bernardo Silva,Man. City,Bernardo Silva,Man. City
22,74.0,CORNER,De Bruyne takes the corner.,De Bruyne,Man. City,Fährmann,Schalke
23,74.0,SAVE,Serdar makes a save.,Serdar,Schalke,,
24,74.0,SHOT_BLOCKED,De Bruyne has a shot blocked.,De Bruyne,Man. City,De Bruyne,Man. City
25,73.0,YELLOW_CARD,Sané is cautioned by the referee.,Sané,Schalke,Sané,Schalke
26,73.0,FOUL,Sané fouls Bernardo Silva.,Sané,Schalke,Bernardo Silva,Man. City
27,71.0,FREE_KICK,Kompany takes the free-kick.,Kompany,Man. City,Fernandinho,Man. City
28,70.0,OFFSIDE,Uth is flagged for offside.,Uth,Schalke,Uth,Schalke
29,70.0,FREE_KICK,Caligiuri takes the free-kick.,Caligiuri,Schalke,Gündoğan,Man. City
30,70.0,SUBSTITUTION,Kompany (on) - David Silva (off),David Silva,Man. City,Kompany,Man. City
31,68.0,RED_YELLOW_CARD,Otamendi is shown a second yellow card and is dismissed.,Otamendi,Man. City,Otamendi,Man. City
32,68.0,FOUL,Otamendi fouls Burgstaller.,Otamendi,Man. City,Burgstaller,Schalke
33,65.0,SUBSTITUTION,Burgstaller (on) - Mendyl (off),Mendyl,Schalke,Burgstaller,Schalke
34,59.0,SHOT_BLOCKED,Serdar has a shot blocked.,Serdar,Schalke,Serdar,Schalke
35,59.0,SAVE,De Bruyne makes a save.,De Bruyne,Man. City,,
36,56.0,SHOT_WIDE,Gündoğan misses the target.,Gündoğan,Man. City,Gündoğan,Man. City
37,56.0,SAVE,Bentaleb makes a save.,Bentaleb,Schalke,,
38,56.0,SHOT_BLOCKED,Gündoğan has a shot blocked.,Gündoğan,Man. City,Gündoğan,Man. City
39,52.0,SHOT_WIDE,Agüero misses the target.,Agüero,Man. City,Agüero,Man. City
40,52.0,FREE_KICK,Fährmann takes the free-kick.,Fährmann,Schalke,McKennie,Schalke
41,51.0,FOUL,Sterling fouls Sané.,Sterling,Man. City,Sané,Schalke
42,47.0,SHOT_WIDE,Sterling misses the target.,Sterling,Man. City,Sterling,Man. City
43,47.0,SAVE,Schalke make a save.,,Schalke,,
44,47.0,SHOT_BLOCKED,Sterling has a shot blocked.,Sterling,Man. City,Sterling,Man. City
45,47.0,CORNER,De Bruyne takes the corner.,De Bruyne,Man. City,Fernandinho,Man. City
46,47.0,SHOT_BLOCKED,De Bruyne has a shot blocked.,De Bruyne,Man. City,De Bruyne,Man. City
47,46.0,START_PHASE,The second half begins.,,,,
48,45.0,SHOT_WIDE,Bernardo Silva misses the target.,Bernardo Silva,Man. City,Bernardo Silva,Man. City
49,45.0,FREE_KICK,Laporte takes the free-kick.,Laporte,Man. City,Gündoğan,Man. City
50,45.0,FOUL,McKennie fouls Laporte.,McKennie,Schalke,Laporte,Man. City
51,45.0,GOAL,Bentaleb scores from the penalty spot.,Bentaleb,Schalke,Ederson,Schalke
52,43.0,YELLOW_CARD,Fernandinho is cautioned by the referee.,Fernandinho,Man. City,Fernandinho,Man. City
53,43.0,FOUL,Fernandinho fouls Sané.,Fernandinho,Man. City,Sané,Schalke
54,43.0,FREE_KICK,Caligiuri takes the free-kick.,Caligiuri,Schalke,Ederson,Man. City
55,43.0,FOUL,David Silva fouls Serdar.,David Silva,Man. City,Serdar,Schalke
56,41.0,FREE_KICK,Otamendi takes the free-kick.,Otamendi,Man. City,Fernandinho,Man. City
57,41.0,YELLOW_CARD,Uth is cautioned by the referee.,Uth,Schalke,Uth,Schalke
58,41.0,FOUL,Uth fouls Gündoğan.,Uth,Schalke,Gündoğan,Man. City
59,41.0,FREE_KICK,Caligiuri takes the free-kick.,Caligiuri,Schalke,Sané,Schalke
60,40.0,FOUL,Laporte handles the ball.,Laporte,Man. City,,
61,39.0,FOUL,Sané fouls De Bruyne.,Sané,Schalke,De Bruyne,Man. City
62,38.0,GOAL,Bentaleb scores from the penalty spot.,Bentaleb,Schalke,Ederson,Schalke
63,37.0,YELLOW_CARD,Otamendi is cautioned by the referee.,Otamendi,Man. City,,Man. City
64,33.0,FOUL,Otamendi handles the ball.,Otamendi,Man. City,,
65,33.0,SAVE,Otamendi makes a save.,Otamendi,Man. City,,
66,33.0,SHOT_BLOCKED,Caligiuri has a shot blocked.,Caligiuri,Schalke,Caligiuri,Schalke
67,33.0,SAVE,Fährmann makes a save.,Fährmann,Schalke,,
68,33.0,SHOT_ON_GOAL,De Bruyne has an effort on goal.,De Bruyne,Man. City,De Bruyne,Man. City
69,32.0,FOUL,Caligiuri handles the ball.,Caligiuri,Schalke,,
70,32.0,SAVE,Bruma makes a save.,Bruma,Schalke,,
71,32.0,SHOT_BLOCKED,Sterling has a shot blocked.,Sterling,Man. City,Sterling,Man. City
72,29.0,CORNER,Oczipka takes the corner.,Oczipka,Schalke,Fernandinho,Man. City
73,27.0,FREE_KICK,Bentaleb takes the free-kick.,Bentaleb,Schalke,Sané,Schalke
74,27.0,FOUL,Agüero fouls Sané.,Agüero,Man. City,Sané,Schalke
75,25.0,SHOT_WIDE,Uth misses the target.,Uth,Schalke,Uth,Schalke
76,23.0,FREE_KICK,Ederson takes the free-kick.,Ederson,Man. City,Otamendi,Man. City
77,23.0,OFFSIDE,Caligiuri is flagged for offside.,Caligiuri,Schalke,Caligiuri,Schalke
78,23.0,CORNER,Caligiuri takes the corner.,Caligiuri,Schalke,Laporte,Man. City
79,22.0,FREE_KICK,Bentaleb takes the free-kick.,Bentaleb,Schalke,Nastasić,Schalke
80,21.0,FOUL,David Silva fouls Serdar.,David Silva,Man. City,Serdar,Schalke
81,18.0,ASSIST,Good assist from David Silva.,David Silva,Man. City,David Silva,Man. City
82,18.0,GOAL,Agüero scores!,Agüero,Man. City,Fährmann,Man. City
83,17.0,CORNER,De Bruyne takes the corner.,De Bruyne,Man. City,David Silva,Man. City
84,17.0,SAVE,Mendyl makes a save.,Mendyl,Schalke,,
85,17.0,SHOT_BLOCKED,Agüero has a shot blocked.,Agüero,Man. City,Agüero,Man. City
86,16.0,SAVE,Fährmann makes a save.,Fährmann,Schalke,,
87,16.0,SHOT_ON_GOAL,De Bruyne has an effort on goal.,De Bruyne,Man. City,De Bruyne,Man. City
88,16.0,FREE_KICK,Otamendi takes the free-kick.,Otamendi,Man. City,Walker,Man. City
89,15.0,FOUL,Serdar fouls David Silva.,Serdar,Schalke,David Silva,Man. City
90,14.0,FREE_KICK,Ederson takes the free-kick.,Ederson,Man. City,Fernandinho,Man. City
91,14.0,FOUL,McKennie fouls Laporte.,McKennie,Schalke,Laporte,Man. City
92,12.0,CORNER,De Bruyne takes the corner.,De Bruyne,Man. City,David Silva,Man. City
93,11.0,SAVE,Nastasić makes a save.,Nastasić,Schalke,,
94,11.0,SHOT_BLOCKED,Agüero has a shot blocked.,Agüero,Man. City,Agüero,Man. City
95,10.0,FREE_KICK,David Silva takes the free-kick.,David Silva,Man. City,Otamendi,Man. City
96,10.0,FOUL,Serdar fouls David Silva.,Serdar,Schalke,David Silva,Man. City
97,8.0,SAVE,Nastasić makes a save.,Nastasić,Schalke,,
98,8.0,SHOT_BLOCKED,Gündoğan has a shot blocked.,Gündoğan,Man. City,Gündoğan,Man. City
99,8.0,CORNER,De Bruyne takes the corner.,De Bruyne,Man. City,Gündoğan,Man. City
100,7.0,CORNER,David Silva takes the corner.,David Silva,Man. City,Caligiuri,Schalke
101,7.0,SAVE,Fährmann makes a save.,Fährmann,Schalke,,
102,7.0,SHOT_ON_GOAL,Agüero has an effort on goal.,Agüero,Man. City,Agüero,Man. City
103,6.0,FREE_KICK,David Silva takes the free-kick.,David Silva,Man. City,Bernardo Silva,Man. City
104,6.0,FOUL,Caligiuri fouls Sterling.,Caligiuri,Schalke,Sterling,Man. City
105,5.0,CORNER,De Bruyne takes the corner.,De Bruyne,Man. City,Bentaleb,Schalke
106,2.0,SAVE,Sané makes a save.,Sané,Schalke,,
107,2.0,SHOT_BLOCKED,Agüero has a shot blocked.,Agüero,Man. City,Agüero,Man. City
108,1.0,START_PHASE,The match is under way.,,,,
