,minute,eventType,autoText,primaryPlayer,primaryTeam,secondaryPlayer,secondaryTeam
0,,END_PHASE,The final whistle is blown.,,,,
1,90.0,SUBSTITUTION,Wanyama (on) - Sissoko (off),Sissoko,Tottenham,Wanyama,Tottenham
2,90.0,SHOT_WIDE,Guerreiro misses the target.,Guerreiro,Dortmund,Guerreiro,Dortmund
3,90.0,FREE_KICK,Eriksen takes the free-kick.,Eriksen,Tottenham,Sánchez,Tottenham
4,90.0,SUBSTITUTION,Lamela (on) - Son (off),Son,Tottenham,Lamela,Tottenham
5,89.0,FOUL,Delaney fouls Sissoko.,Delaney,Dortmund,Sissoko,Tottenham
6,88.0,SUBSTITUTION,Guerreiro (on) - Sancho (off),Sancho,Dortmund,Guerreiro,Dortmund
7,87.0,SUBSTITUTION,Bruun Larsen (on) - Pulišić (off),Pulišić,Dortmund,Bruun Larsen,Dortmund
8,86.0,ASSIST,Good assist from Eriksen.,Eriksen,Tottenham,Eriksen,Tottenham
9,86.0,GOAL,Llorente scores!,Llorente,Tottenham,Bürki,Tottenham
10,86.0,CORNER,Eriksen takes the corner.,Eriksen,Tottenham,Llorente,Tottenham
11,84.0,FOUL,Foyth fouls Pulišić.,Foyth,Tottenham,Pulišić,Dortmund
12,84.0,SUBSTITUTION,Llorente (on) - Moura (off),Moura,Tottenham,Llorente,Tottenham
13,83.0,ASSIST,Good assist from Aurier.,Aurier,Tottenham,Aurier,Tottenham
14,83.0,GOAL,Vertonghen scores!,Vertonghen,Tottenham,Bürki,Tottenham
15,83.0,SAVE,Delaney makes a save.,Delaney,Dortmund,,
16,83.0,SHOT_BLOCKED,Eriksen has a shot blocked.,Eriksen,Tottenham,Eriksen,Tottenham
17,80.0,FREE_KICK,Diallo takes the free-kick.,Diallo,Dortmund,Schmelzer,Dortmund
18,80.0,FOUL,Sissoko fouls Sancho.,Sissoko,Tottenham,Sancho,Dortmund
19,79.0,FREE_KICK,Bürki takes the free-kick.,Bürki,Dortmund,Götze,Dortmund
20,79.0,FOUL,Son handles the ball.,Son,Tottenham,,
21,77.0,FREE_KICK,Foyth takes the free-kick.,Foyth,Tottenham,Aurier,Tottenham
22,77.0,FOUL,Schmelzer handles the ball.,Schmelzer,Dortmund,,
23,77.0,SUBSTITUTION,Schmelzer (on) - Zagadou (off),Zagadou,Dortmund,Schmelzer,Dortmund
24,77.0,SHOT_WIDE,Moura misses the target.,Moura,Tottenham,Moura,Tottenham
25,76.0,CORNER,Eriksen takes the corner.,Eriksen,Tottenham,Dahoud,Dortmund
26,76.0,SAVE,Delaney makes a save.,Delaney,Dortmund,,
27,76.0,SHOT_BLOCKED,Moura has a shot blocked.,Moura,Tottenham,Moura,Tottenham
28,76.0,CORNER,Eriksen takes the corner.,Eriksen,Tottenham,Winks,Tottenham
29,75.0,SAVE,Zagadou makes a save.,Zagadou,Dortmund,,
30,75.0,SHOT_BLOCKED,Eriksen has a shot blocked.,Eriksen,Tottenham,Eriksen,Tottenham
31,69.0,SAVE,Lloris makes a save.,Lloris,Tottenham,,
32,69.0,SHOT_ON_GOAL,Dahoud has an effort on goal.,Dahoud,Dortmund,Dahoud,Dortmund
33,67.0,FREE_KICK,Zagadou takes the free-kick.,Zagadou,Dortmund,Witsel,Dortmund
34,66.0,FOUL,Sissoko fouls Pulišić.,Sissoko,Tottenham,Pulišić,Dortmund
35,64.0,CORNER,Eriksen takes the corner.,Eriksen,Tottenham,Foyth,Tottenham
36,61.0,SAVE,Bürki makes a save.,Bürki,Dortmund,,
37,61.0,SHOT_ON_GOAL,Alderweireld has an effort on goal.,Alderweireld,Tottenham,Alderweireld,Tottenham
38,61.0,CORNER,Eriksen takes the corner.,Eriksen,Tottenham,Alderweireld,Tottenham
39,60.0,FREE_KICK,Alderweireld takes the free-kick.,Alderweireld,Tottenham,Eriksen,Tottenham
40,60.0,FOUL,Witsel fouls Moura.,Witsel,Dortmund,Moura,Tottenham
41,60.0,SAVE,Bürki makes a save.,Bürki,Dortmund,,
42,60.0,SHOT_ON_GOAL,Eriksen has an effort on goal.,Eriksen,Tottenham,Eriksen,Tottenham
43,59.0,SHOT_WIDE,Vertonghen misses the target.,Vertonghen,Tottenham,Vertonghen,Tottenham
44,57.0,FREE_KICK,Ömer Toprak takes the free-kick.,Ömer Toprak,Dortmund,Dahoud,Dortmund
45,57.0,FOUL,Vertonghen fouls Sancho.,Vertonghen,Tottenham,Sancho,Dortmund
46,55.0,FREE_KICK,Ömer Toprak takes the free-kick.,Ömer Toprak,Dortmund,Witsel,Dortmund
47,55.0,OFFSIDE,Son is flagged for offside.,Son,Tottenham,Son,Tottenham
48,55.0,SAVE,Ömer Toprak makes a save.,Ömer Toprak,Dortmund,,
49,55.0,SHOT_BLOCKED,Eriksen has a shot blocked.,Eriksen,Tottenham,Eriksen,Tottenham
50,53.0,YELLOW_CARD,Delaney is cautioned by the referee.,Delaney,Dortmund,Delaney,Dortmund
51,53.0,FOUL,Delaney fouls Son.,Delaney,Dortmund,Son,Tottenham
52,52.0,FREE_KICK,Witsel takes the free-kick.,Witsel,Dortmund,Diallo,Dortmund
53,52.0,FOUL,Sissoko fouls Witsel.,Sissoko,Tottenham,Witsel,Dortmund
54,51.0,FREE_KICK,Bürki takes the free-kick.,Bürki,Dortmund,Diallo,Dortmund
55,50.0,FOUL,Son fouls Ömer Toprak.,Son,Tottenham,Ömer Toprak,Dortmund
56,47.0,ASSIST,Good assist from Vertonghen.,Vertonghen,Tottenham,Vertonghen,Tottenham
57,47.0,GOAL,Son scores!,Son,Tottenham,Bürki,Tottenham
58,46.0,START_PHASE,The second half begins.,,,,
59,,END_PHASE,The referee blows for half-time.,,,,
60,45.0,SAVE,Lloris makes a save.,Lloris,Tottenham,,
61,45.0,SHOT_ON_GOAL,Zagadou has an effort on goal.,Zagadou,Dortmund,Zagadou,Dortmund
62,45.0,CORNER,Sancho takes the corner.,Sancho,Dortmund,Pulišić,Dortmund
63,40.0,FREE_KICK,Diallo takes the free-kick.,Diallo,Dortmund,Zagadou,Dortmund
64,40.0,FOUL,Foyth fouls Pulišić.,Foyth,Tottenham,Pulišić,Dortmund
65,37.0,FREE_KICK,Bürki takes the free-kick.,Bürki,Dortmund,Diallo,Dortmund
66,36.0,OFFSIDE,Moura is flagged for offside.,Moura,Tottenham,Moura,Tottenham
67,36.0,SHOT_WIDE,Winks misses the target.,Winks,Tottenham,Winks,Tottenham
68,36.0,SAVE,Bürki makes a save.,Bürki,Dortmund,,
69,36.0,SHOT_ON_GOAL,Son has an effort on goal.,Son,Tottenham,Son,Tottenham
70,35.0,FREE_KICK,Alderweireld takes the free-kick.,Alderweireld,Tottenham,Sánchez,Tottenham
71,35.0,OFFSIDE,Sancho is flagged for offside.,Sancho,Dortmund,Sancho,Dortmund
72,35.0,SAVE,Lloris makes a save.,Lloris,Tottenham,,
73,35.0,SHOT_ON_GOAL,Delaney has an effort on goal.,Delaney,Dortmund,Delaney,Dortmund
74,34.0,SHOT_WIDE,Eriksen misses the target.,Eriksen,Tottenham,Eriksen,Tottenham
75,33.0,SAVE,Hakimi makes a save.,Hakimi,Dortmund,,
76,33.0,SHOT_BLOCKED,Son has a shot blocked.,Son,Tottenham,Son,Tottenham
77,29.0,FREE_KICK,Aurier takes the free-kick.,Aurier,Tottenham,Foyth,Tottenham
78,29.0,FOUL,Dahoud fouls Aurier.,Dahoud,Dortmund,Aurier,Tottenham
79,23.0,SAVE,Lloris makes a save.,Lloris,Tottenham,,
80,23.0,SHOT_ON_GOAL,Götze has an effort on goal.,Götze,Dortmund,Götze,Dortmund
81,22.0,FREE_KICK,Hakimi takes the free-kick.,Hakimi,Dortmund,Witsel,Dortmund
82,22.0,FOUL,Vertonghen fouls Hakimi.,Vertonghen,Tottenham,Hakimi,Dortmund
83,20.0,SAVE,Lloris makes a save.,Lloris,Tottenham,,
84,20.0,SHOT_ON_GOAL,Witsel has an effort on goal.,Witsel,Dortmund,Witsel,Dortmund
85,20.0,FREE_KICK,Pulišić takes the free-kick.,Pulišić,Dortmund,Vertonghen,Tottenham
86,19.0,FOUL,Sissoko fouls Hakimi.,Sissoko,Tottenham,Hakimi,Dortmund
87,15.0,SHOT_ON_GOAL,Pulišić has an effort on goal.,Pulišić,Dortmund,Pulišić,Dortmund
88,15.0,SAVE,Lloris makes a save.,Lloris,Tottenham,,
89,14.0,FREE_KICK,Hakimi takes the free-kick.,Hakimi,Dortmund,Ömer Toprak,Dortmund
90,14.0,FOUL,Son fouls Sancho.,Son,Tottenham,Sancho,Dortmund
91,13.0,FREE_KICK,Witsel takes the free-kick.,Witsel,Dortmund,Ömer Toprak,Dortmund
92,13.0,FOUL,Moura fouls Witsel.,Moura,Tottenham,Witsel,Dortmund
93,12.0,FREE_KICK,Diallo takes the free-kick.,Diallo,Dortmund,Zagadou,Dortmund
94,12.0,YELLOW_CARD,Aurier is cautioned by the referee.,Aurier,Tottenham,Aurier,Tottenham
95,12.0,FOUL,Aurier fouls Pulišić.,Aurier,Tottenham,Pulišić,Dortmund
96,11.0,CORNER,Eriksen takes the corner.,Eriksen,Tottenham,Pulišić,Dortmund
97,7.0,SHOT_WIDE,Moura misses the target.,Moura,Tottenham,Moura,Tottenham
98,3.0,FREE_KICK,Witsel takes the free-kick.,Witsel,Dortmund,Zagadou,Dortmund
99,3.0,OFFSIDE,Eriksen is flagged for offside.,Eriksen,Tottenham,Eriksen,Tottenham
100,1.0,START_PHASE,The match is under way.,,,,
