,minute,eventType,autoText,primaryPlayer,primaryTeam,secondaryPlayer,secondaryTeam
0,,END_PHASE,The final whistle is blown.,,,,
1,90.0,FREE_KICK,Thiago Alcántara takes the free-kick.,Thiago Alcántara,Bayern,Kimmich,Bayern
2,90.0,FOUL,Robertson fouls Javi Martínez.,Robertson,Liverpool,Javi Martínez,Bayern
3,90.0,SUBSTITUTION,Rafinha (on) - Gnabry (off),Gnabry,Bayern,Rafinha,Bayern
4,88.0,FOUL,Hummels fouls Origi.,Hummels,Bayern,Origi,Liverpool
5,88.0,SUBSTITUTION,Renato Sanches (on) - James Rodríguez (off),James Rodríguez,Bayern,Renato Sanches,Bayern
6,86.0,SHOT_WIDE,Matip misses the target.,Matip,Liverpool,Matip,Liverpool
7,86.0,CORNER,Alexander-Arnold takes the corner.,Alexander-Arnold,Liverpool,Matip,Liverpool
8,85.0,SAVE,Neuer makes a save.,Neuer,Bayern,,
9,85.0,SHOT_ON_GOAL,Mané has an effort on goal.,Mané,Liverpool,Mané,Liverpool
10,83.0,SHOT_WIDE,Matip misses the target.,Matip,Liverpool,Matip,Liverpool
11,83.0,CORNER,Alexander-Arnold takes the corner.,Alexander-Arnold,Liverpool,James Rodríguez,Bayern
12,81.0,SUBSTITUTION,Ribéry (on) - Coman (off),Coman,Bayern,Ribéry,Bayern
13,81.0,SHOT_WIDE,Alexander-Arnold misses the target.,Alexander-Arnold,Liverpool,Alexander-Arnold,Liverpool
14,81.0,SHOT_BLOCKED,Matip has a shot blocked.,Matip,Liverpool,Matip,Liverpool
15,81.0,SAVE,Javi Martínez makes a save.,Javi Martínez,Bayern,,
16,81.0,CORNER,Alexander-Arnold takes the corner.,Alexander-Arnold,Liverpool,Matip,Liverpool
17,79.0,SHOT_WIDE,James Rodríguez misses the target.,James Rodríguez,Bayern,James Rodríguez,Bayern
18,78.0,FREE_KICK,Alisson Becker takes the free-kick.,Alisson Becker,Liverpool,Alexander-Arnold,Liverpool
19,78.0,OFFSIDE,Alaba is flagged for offside.,Alaba,Bayern,Alaba,Bayern
20,76.0,SUBSTITUTION,Origi (on) - Firmino (off),Firmino,Liverpool,Origi,Liverpool
21,76.0,SUBSTITUTION,Milner (on) - Keïta (off),Keïta,Liverpool,Milner,Liverpool
22,76.0,SHOT_WIDE,Gnabry misses the target.,Gnabry,Bayern,Gnabry,Bayern
23,72.0,CORNER,Salah takes the corner.,Salah,Liverpool,Lewandowski,Bayern
24,71.0,FREE_KICK,Robertson takes the free-kick.,Robertson,Liverpool,Süle,Bayern
25,71.0,FOUL,Lewandowski fouls Matip.,Lewandowski,Bayern,Matip,Liverpool
26,67.0,FREE_KICK,Neuer takes the free-kick.,Neuer,Bayern,Robertson,Liverpool
27,66.0,FOUL,Keïta fouls James Rodríguez.,Keïta,Liverpool,James Rodríguez,Bayern
28,64.0,FREE_KICK,Alexander-Arnold takes the free-kick.,Alexander-Arnold,Liverpool,Matip,Liverpool
29,64.0,FOUL,Javi Martínez fouls Alexander-Arnold.,Javi Martínez,Bayern,Alexander-Arnold,Liverpool
30,60.0,FREE_KICK,Hummels takes the free-kick.,Hummels,Bayern,Coman,Bayern
31,60.0,OFFSIDE,Salah is flagged for offside.,Salah,Liverpool,Salah,Liverpool
32,59.0,SHOT_WIDE,Gnabry misses the target.,Gnabry,Bayern,Gnabry,Bayern
33,58.0,SHOT_WIDE,Javi Martínez misses the target.,Javi Martínez,Bayern,Javi Martínez,Bayern
34,58.0,CORNER,James Rodríguez takes the corner.,James Rodríguez,Bayern,Javi Martínez,Bayern
35,58.0,SAVE,Mané makes a save.,Mané,Liverpool,,
36,58.0,SHOT_BLOCKED,James Rodríguez has a shot blocked.,James Rodríguez,Bayern,James Rodríguez,Bayern
37,58.0,CORNER,Kimmich takes the corner.,Kimmich,Bayern,James Rodríguez,Bayern
38,57.0,FREE_KICK,Alaba takes the free-kick.,Alaba,Bayern,Gnabry,Bayern
39,57.0,FOUL,Fabinho fouls Lewandowski.,Fabinho,Liverpool,Lewandowski,Bayern
40,56.0,FREE_KICK,Javi Martínez takes the free-kick.,Javi Martínez,Bayern,James Rodríguez,Bayern
41,55.0,YELLOW_CARD,Henderson is cautioned by the referee.,Henderson,Liverpool,Henderson,Liverpool
42,55.0,FOUL,Henderson fouls Javi Martínez.,Henderson,Liverpool,Javi Martínez,Bayern
43,53.0,FREE_KICK,Thiago Alcántara takes the free-kick.,Thiago Alcántara,Bayern,Hummels,Bayern
44,53.0,FOUL,Alexander-Arnold fouls Coman.,Alexander-Arnold,Liverpool,Coman,Bayern
45,52.0,FREE_KICK,Alexander-Arnold takes the free-kick.,Alexander-Arnold,Liverpool,Matip,Liverpool
46,52.0,FOUL,Alaba fouls Salah.,Alaba,Bayern,Salah,Liverpool
47,48.0,FREE_KICK,Alexander-Arnold takes the free-kick.,Alexander-Arnold,Liverpool,Robertson,Liverpool
48,48.0,FOUL,Lewandowski fouls Matip.,Lewandowski,Bayern,Matip,Liverpool
49,46.0,FREE_KICK,Henderson takes the free-kick.,Henderson,Liverpool,Fabinho,Liverpool
50,46.0,FOUL,Gnabry fouls Keïta.,Gnabry,Bayern,Keïta,Liverpool
51,46.0,START_PHASE,The second half begins.,,,,
52,,END_PHASE,The referee blows for half-time.,,,,
53,45.0,SHOT_WIDE,Firmino misses the target.,Firmino,Liverpool,Firmino,Liverpool
54,45.0,FREE_KICK,Neuer takes the free-kick.,Neuer,Bayern,Kimmich,Bayern
55,45.0,FOUL,Mané fouls Gnabry.,Mané,Liverpool,Gnabry,Bayern
56,43.0,CORNER,James Rodríguez takes the corner.,James Rodríguez,Bayern,Firmino,Liverpool
57,40.0,SHOT_WIDE,Matip misses the target.,Matip,Liverpool,Matip,Liverpool
58,40.0,CORNER,Salah takes the corner.,Salah,Liverpool,Hummels,Bayern
59,40.0,FREE_KICK,Keïta takes the free-kick.,Keïta,Liverpool,Wijnaldum,Liverpool
60,40.0,FOUL,Hummels fouls Keïta.,Hummels,Bayern,Keïta,Liverpool
61,39.0,SHOT_WIDE,Lewandowski misses the target.,Lewandowski,Bayern,Lewandowski,Bayern
62,39.0,CORNER,James Rodríguez takes the corner.,James Rodríguez,Bayern,Lewandowski,Bayern
63,38.0,SHOT_WIDE,Mané misses the target.,Mané,Liverpool,Mané,Liverpool
64,38.0,SAVE,Alaba makes a save.,Alaba,Bayern,,
65,38.0,SHOT_BLOCKED,Keïta has a shot blocked.,Keïta,Liverpool,Keïta,Liverpool
66,37.0,CORNER,James Rodríguez takes the corner.,James Rodríguez,Bayern,Wijnaldum,Liverpool
67,36.0,SAVE,Alisson Becker makes a save.,Alisson Becker,Liverpool,,
68,36.0,SHOT_ON_GOAL,Gnabry has an effort on goal.,Gnabry,Bayern,Gnabry,Bayern
69,36.0,CORNER,James Rodríguez takes the corner.,James Rodríguez,Bayern,Fabinho,Liverpool
70,33.0,SAVE,Süle makes a save.,Süle,Bayern,,
71,33.0,SHOT_WIDE,Mané misses the target.,Mané,Liverpool,Mané,Liverpool
72,33.0,SHOT_BLOCKED,Keïta has a shot blocked.,Keïta,Liverpool,Keïta,Liverpool
73,28.0,FREE_KICK,Mané takes the free-kick.,Mané,Liverpool,Robertson,Liverpool
74,28.0,YELLOW_CARD,Kimmich is cautioned by the referee.,Kimmich,Bayern,Kimmich,Bayern
75,27.0,FOUL,Kimmich fouls Mané.,Kimmich,Bayern,Mané,Liverpool
76,25.0,FREE_KICK,Alexander-Arnold takes the free-kick.,Alexander-Arnold,Liverpool,Matip,Liverpool
77,25.0,OFFSIDE,Coman is flagged for offside.,Coman,Bayern,Coman,Bayern
78,24.0,SHOT_WIDE,Salah misses the target.,Salah,Liverpool,Salah,Liverpool
79,24.0,FREE_KICK,Alexander-Arnold takes the free-kick.,Alexander-Arnold,Liverpool,Kimmich,Bayern
80,23.0,FOUL,Süle fouls Mané.,Süle,Bayern,Mané,Liverpool
81,20.0,SHOT_WIDE,Keïta misses the target.,Keïta,Liverpool,Keïta,Liverpool
82,20.0,SHOT_WIDE,Salah misses the target.,Salah,Liverpool,Salah,Liverpool
83,19.0,FREE_KICK,Alexander-Arnold takes the free-kick.,Alexander-Arnold,Liverpool,Matip,Liverpool
84,19.0,FOUL,Lewandowski handles the ball.,Lewandowski,Bayern,,
85,16.0,SHOT_WIDE,Coman misses the target.,Coman,Bayern,Coman,Bayern
86,16.0,SHOT_WIDE,Mané misses the target.,Mané,Liverpool,Mané,Liverpool
87,14.0,FREE_KICK,Thiago Alcántara takes the free-kick.,Thiago Alcántara,Bayern,Javi Martínez,Bayern
88,14.0,FOUL,Firmino fouls Javi Martínez.,Firmino,Liverpool,Javi Martínez,Bayern
89,13.0,SAVE,Keïta makes a save.,Keïta,Liverpool,,
90,13.0,SHOT_BLOCKED,Kimmich has a shot blocked.,Kimmich,Bayern,Kimmich,Bayern
91,13.0,SAVE,Alisson Becker makes a save.,Alisson Becker,Liverpool,,
92,12.0,SAVE,Neuer makes a save.,Neuer,Bayern,,
93,12.0,SHOT_ON_GOAL,Salah has an effort on goal.,Salah,Liverpool,Salah,Liverpool
94,12.0,FREE_KICK,Salah takes the free-kick.,Salah,Liverpool,Thiago Alcántara,Bayern
95,11.0,FOUL,Thiago Alcántara fouls Wijnaldum.,Thiago Alcántara,Bayern,Wijnaldum,Liverpool
96,7.0,FREE_KICK,Thiago Alcántara takes the free-kick.,Thiago Alcántara,Bayern,Süle,Bayern
97,7.0,FOUL,Mané fouls Kimmich.,Mané,Liverpool,Kimmich,Bayern
98,7.0,FREE_KICK,Alisson Becker takes the free-kick.,Alisson Becker,Liverpool,Matip,Liverpool
99,7.0,FOUL,Coman handles the ball.,Coman,Bayern,,
100,4.0,FREE_KICK,James Rodríguez takes the free-kick.,James Rodríguez,Bayern,Süle,Bayern
101,4.0,FOUL,Mané fouls James Rodríguez.,Mané,Liverpool,James Rodríguez,Bayern
102,3.0,FREE_KICK,Henderson takes the free-kick.,Henderson,Liverpool,Alexander-Arnold,Liverpool
103,3.0,FOUL,Javi Martínez fouls Wijnaldum.,Javi Martínez,Bayern,Wijnaldum,Liverpool
104,2.0,FREE_KICK,Thiago Alcántara takes the free-kick.,Thiago Alcántara,Bayern,Hummels,Bayern
105,1.0,FOUL,Matip fouls Lewandowski.,Matip,Liverpool,Lewandowski,Bayern
106,1.0,START_PHASE,The match is under way.,,,,
