,minute,eventType,autoText,primaryPlayer,primaryTeam,secondaryPlayer,secondaryTeam
0,,END_PHASE,The final whistle is blown.,,,,
1,90.0,ASSIST,Good assist from Alli.,Alli,Tottenham,Alli,Tottenham
2,90.0,GOAL,Moura scores!,Moura,Tottenham,Onana,Tottenham
3,90.0,YELLOW_CARD,Onana is cautioned by the referee.,Onana,Ajax,Onana,Ajax
4,90.0,SHOT_WIDE,Llorente misses the target.,Llorente,Tottenham,Llorente,Tottenham
5,90.0,CORNER,Eriksen takes the corner.,Eriksen,Tottenham,Llorente,Tottenham
6,90.0,SAVE,Blind makes a save.,Blind,Ajax,,
7,90.0,SHOT_BLOCKED,Eriksen has a shot blocked.,Eriksen,Tottenham,Eriksen,Tottenham
8,90.0,SHOT_WIDE,Tadić misses the target.,Tadić,Ajax,Tadić,Ajax
9,90.0,SAVE,Lloris makes a save.,Lloris,Tottenham,,
10,90.0,SHOT_ON_GOAL,Ziyech has an effort on goal.,Ziyech,Ajax,Ziyech,Ajax
11,90.0,CORNER,Ziyech takes the corner.,Ziyech,Ajax,Tadić,Ajax
12,90.0,SAVE,Alderweireld makes a save.,Alderweireld,Tottenham,,
13,90.0,SHOT_BLOCKED,F. de Jong has a shot blocked.,F. de Jong,Ajax,F. de Jong,Ajax
14,90.0,SUBSTITUTION,Magallán (on) - Van de Beek (off),Van de Beek,Ajax,Magallán,Ajax
15,88.0,FREE_KICK,Eriksen takes the free-kick.,Eriksen,Tottenham,Vertonghen,Tottenham
16,88.0,FOUL,Tadić fouls Alli.,Tadić,Ajax,Alli,Tottenham
17,87.0,SHOT_WIDE,Son misses the target.,Son,Tottenham,Son,Tottenham
18,87.0,SAVE,Veltman makes a save.,Veltman,Ajax,,
19,87.0,SHOT_BLOCKED,Vertonghen has a shot blocked.,Vertonghen,Tottenham,Vertonghen,Tottenham
20,87.0,SHOT_WIDE,Vertonghen misses the target.,Vertonghen,Tottenham,Vertonghen,Tottenham
21,86.0,CORNER,Eriksen takes the corner.,Eriksen,Tottenham,Llorente,Tottenham
22,86.0,SAVE,Tagliafico makes a save.,Tagliafico,Ajax,,
23,86.0,SHOT_BLOCKED,Son has a shot blocked.,Son,Tottenham,Son,Tottenham
24,85.0,FREE_KICK,Davies takes the free-kick.,Davies,Tottenham,Alderweireld,Tottenham
25,84.0,FOUL,Veltman fouls Son.,Veltman,Ajax,Son,Tottenham
26,84.0,FREE_KICK,De Ligt takes the free-kick.,De Ligt,Ajax,Davies,Tottenham
27,84.0,FOUL,Davies fouls Ziyech.,Davies,Tottenham,Ziyech,Ajax
28,83.0,FREE_KICK,Vertonghen takes the free-kick.,Vertonghen,Tottenham,Alderweireld,Tottenham
29,82.0,SUBSTITUTION,Davies (on) - Rose (off),Rose,Tottenham,Davies,Tottenham
30,82.0,FOUL,Tadić fouls Alli.,Tadić,Ajax,Alli,Tottenham
31,81.0,FREE_KICK,Eriksen takes the free-kick.,Eriksen,Tottenham,Alderweireld,Tottenham
32,81.0,SUBSTITUTION,Lamela (on) - Trippier (off),Trippier,Tottenham,Lamela,Tottenham
33,80.0,FOUL,Ziyech fouls Rose.,Ziyech,Ajax,Rose,Tottenham
34,80.0,FREE_KICK,Onana takes the free-kick.,Onana,Ajax,Alderweireld,Tottenham
35,79.0,FOUL,Moura fouls Sinkgraven.,Moura,Tottenham,Sinkgraven,Ajax
36,79.0,SHOT_WIDE,Ziyech misses the target.,Ziyech,Ajax,Ziyech,Ajax
37,79.0,SAVE,Vertonghen makes a save.,Vertonghen,Tottenham,,
38,79.0,SHOT_BLOCKED,Van de Beek has a shot blocked.,Van de Beek,Ajax,Van de Beek,Ajax
39,78.0,FREE_KICK,Onana takes the free-kick.,Onana,Ajax,De Ligt,Ajax
40,78.0,FOUL,Llorente fouls Blind.,Llorente,Tottenham,Blind,Ajax
41,77.0,FREE_KICK,Eriksen takes the free-kick.,Eriksen,Tottenham,Alderweireld,Tottenham
42,77.0,YELLOW_CARD,Ziyech is cautioned by the referee.,Ziyech,Ajax,Ziyech,Ajax
43,77.0,FOUL,Ziyech fouls Rose.,Ziyech,Ajax,Rose,Tottenham
44,76.0,FREE_KICK,De Ligt takes the free-kick.,De Ligt,Ajax,Rose,Tottenham
45,76.0,YELLOW_CARD,Rose is cautioned by the referee.,Rose,Tottenham,Rose,Tottenham
46,76.0,FOUL,Rose handles the ball.,Rose,Tottenham,,
47,75.0,FREE_KICK,Vertonghen takes the free-kick.,Vertonghen,Tottenham,Eriksen,Tottenham
48,75.0,OFFSIDE,Ziyech is flagged for offside.,Ziyech,Ajax,Ziyech,Ajax
49,74.0,SHOT_WIDE,Alderweireld misses the target.,Alderweireld,Tottenham,Alderweireld,Tottenham
50,74.0,CORNER,Trippier takes the corner.,Trippier,Tottenham,Alderweireld,Tottenham
51,72.0,FREE_KICK,Vertonghen takes the free-kick.,Vertonghen,Tottenham,Alderweireld,Tottenham
52,72.0,OFFSIDE,Tadić is flagged for offside.,Tadić,Ajax,Tadić,Ajax
53,71.0,CORNER,Ziyech takes the corner.,Ziyech,Ajax,De Ligt,Ajax
54,69.0,SHOT_BLOCKED,Mazraoui has a shot blocked.,Mazraoui,Ajax,Mazraoui,Ajax
55,69.0,SAVE,Vertonghen makes a save.,Vertonghen,Tottenham,,
56,67.0,SUBSTITUTION,Sinkgraven (on) - Dolberg (off),Dolberg,Ajax,Sinkgraven,Ajax
57,67.0,CORNER,Trippier takes the corner.,Trippier,Tottenham,Son,Tottenham
58,66.0,FREE_KICK,Onana takes the free-kick.,Onana,Ajax,Tadić,Ajax
59,65.0,FOUL,Son fouls Veltman.,Son,Tottenham,Veltman,Ajax
60,64.0,SHOT_WIDE,Llorente misses the target.,Llorente,Tottenham,Llorente,Tottenham
61,64.0,CORNER,Trippier takes the corner.,Trippier,Tottenham,Llorente,Tottenham
62,64.0,SAVE,De Ligt makes a save.,De Ligt,Ajax,,
63,64.0,SAVE,De Ligt makes a save.,De Ligt,Ajax,,
64,64.0,SHOT_BLOCKED,Moura has a shot blocked.,Moura,Tottenham,Moura,Tottenham
65,64.0,SHOT_BLOCKED,Llorente has a shot blocked.,Llorente,Tottenham,Llorente,Tottenham
66,63.0,SHOT_WIDE,Ziyech misses the target.,Ziyech,Ajax,Ziyech,Ajax
67,62.0,SHOT_WIDE,Blind misses the target.,Blind,Ajax,Blind,Ajax
68,62.0,SAVE,Alderweireld makes a save.,Alderweireld,Tottenham,,
69,62.0,SHOT_BLOCKED,De Ligt has a shot blocked.,De Ligt,Ajax,De Ligt,Ajax
70,62.0,CORNER,Ziyech takes the corner.,Ziyech,Ajax,De Ligt,Ajax
71,62.0,SHOT_WIDE,Llorente misses the target.,Llorente,Tottenham,Llorente,Tottenham
72,61.0,CORNER,Ziyech takes the corner.,Ziyech,Ajax,Llorente,Tottenham
73,61.0,SAVE,Alderweireld makes a save.,Alderweireld,Tottenham,,
74,61.0,SHOT_BLOCKED,Ziyech has a shot blocked.,Ziyech,Ajax,Ziyech,Ajax
75,60.0,SUBSTITUTION,Veltman (on) - Schöne (off),Schöne,Ajax,Veltman,Ajax
76,59.0,GOAL,Moura scores!,Moura,Tottenham,Onana,Tottenham
77,59.0,SAVE,Onana makes a save.,Onana,Ajax,,
78,59.0,SAVE,Onana makes a save.,Onana,Ajax,,
79,58.0,SHOT_ON_GOAL,Llorente has an effort on goal.,Llorente,Tottenham,Llorente,Tottenham
80,55.0,ASSIST,Good assist from Alli.,Alli,Tottenham,Alli,Tottenham
81,55.0,GOAL,Moura scores!,Moura,Tottenham,Onana,Tottenham
82,55.0,FREE_KICK,Ziyech takes the free-kick.,Ziyech,Ajax,De Ligt,Ajax
83,54.0,FOUL,Sissoko fouls Dolberg.,Sissoko,Tottenham,Dolberg,Ajax
84,54.0,SHOT_WIDE,Llorente misses the target.,Llorente,Tottenham,Llorente,Tottenham
85,54.0,CORNER,Trippier takes the corner.,Trippier,Tottenham,Llorente,Tottenham
86,53.0,SAVE,Onana makes a save.,Onana,Ajax,,
87,53.0,SHOT_ON_GOAL,Alli has an effort on goal.,Alli,Tottenham,Alli,Tottenham
88,53.0,SAVE,Mazraoui makes a save.,Mazraoui,Ajax,,
89,53.0,SHOT_BLOCKED,Son has a shot blocked.,Son,Tottenham,Son,Tottenham
90,53.0,FREE_KICK,Blind takes the free-kick.,Blind,Ajax,Lloris,Tottenham
91,52.0,FOUL,Rose fouls Ziyech.,Rose,Tottenham,Ziyech,Ajax
92,52.0,CORNER,Eriksen takes the corner.,Eriksen,Tottenham,F. de Jong,Ajax
93,50.0,FREE_KICK,Rose takes the free-kick.,Rose,Tottenham,Vertonghen,Tottenham
94,50.0,YELLOW_CARD,Dolberg is cautioned by the referee.,Dolberg,Ajax,Dolberg,Ajax
95,50.0,FOUL,Dolberg fouls Rose.,Dolberg,Ajax,Rose,Tottenham
96,47.0,CORNER,Eriksen takes the corner.,Eriksen,Tottenham,F. de Jong,Ajax
97,46.0,SUBSTITUTION,Llorente (on) - Wanyama (off),Wanyama,Tottenham,Llorente,Tottenham
98,46.0,START_PHASE,The second half begins.,,,,
99,,END_PHASE,The referee blows for half-time.,,,,
100,45.0,FREE_KICK,Rose takes the free-kick.,Rose,Tottenham,Wanyama,Tottenham
101,45.0,FOUL,Ziyech fouls Rose.,Ziyech,Ajax,Rose,Tottenham
102,45.0,CORNER,Schöne takes the corner.,Schöne,Ajax,Ziyech,Ajax
103,44.0,FREE_KICK,Dolberg takes the free-kick.,Dolberg,Ajax,De Ligt,Ajax
104,43.0,FOUL,Wanyama fouls Schöne.,Wanyama,Tottenham,Schöne,Ajax
105,35.0,ASSIST,Good assist from Tadić.,Tadić,Ajax,Tadić,Ajax
106,35.0,GOAL,Ziyech scores!,Ziyech,Ajax,Lloris,Ajax
107,35.0,FREE_KICK,Blind takes the free-kick.,Blind,Ajax,Schöne,Ajax
108,34.0,FOUL,Son fouls F. de Jong.,Son,Tottenham,F. de Jong,Ajax
109,33.0,FREE_KICK,Wanyama takes the free-kick.,Wanyama,Tottenham,Son,Tottenham
110,33.0,FOUL,Dolberg handles the ball.,Dolberg,Ajax,,
111,30.0,SHOT_WIDE,Tadić misses the target.,Tadić,Ajax,Tadić,Ajax
112,28.0,SHOT_WIDE,Moura misses the target.,Moura,Tottenham,Moura,Tottenham
113,28.0,CORNER,Rose takes the corner.,Rose,Tottenham,F. de Jong,Ajax
114,26.0,FREE_KICK,Alderweireld takes the free-kick.,Alderweireld,Tottenham,Vertonghen,Tottenham
115,25.0,FOUL,Tadić fouls Alli.,Tadić,Ajax,Alli,Tottenham
116,24.0,SAVE,Onana makes a save.,Onana,Ajax,,
117,24.0,SHOT_ON_GOAL,Eriksen has an effort on goal.,Eriksen,Tottenham,Eriksen,Tottenham
118,23.0,SAVE,Onana makes a save.,Onana,Ajax,,
119,23.0,SHOT_ON_GOAL,Son has an effort on goal.,Son,Tottenham,Son,Tottenham
120,23.0,FREE_KICK,De Ligt takes the free-kick.,De Ligt,Ajax,Blind,Ajax
121,22.0,FOUL,Vertonghen fouls Ziyech.,Vertonghen,Tottenham,Ziyech,Ajax
122,22.0,SAVE,Blind makes a save.,Blind,Ajax,,
123,22.0,SHOT_BLOCKED,Son has a shot blocked.,Son,Tottenham,Son,Tottenham
124,21.0,FREE_KICK,Ziyech takes the free-kick.,Ziyech,Ajax,Vertonghen,Tottenham
125,20.0,FOUL,Sissoko fouls Tagliafico.,Sissoko,Tottenham,Tagliafico,Ajax
126,20.0,FREE_KICK,Alderweireld takes the free-kick.,Alderweireld,Tottenham,Lloris,Tottenham
127,20.0,FOUL,Dolberg fouls Sissoko.,Dolberg,Ajax,Sissoko,Tottenham
128,17.0,FREE_KICK,Blind takes the free-kick.,Blind,Ajax,Tadić,Ajax
129,16.0,YELLOW_CARD,Sissoko is cautioned by the referee.,Sissoko,Tottenham,Sissoko,Tottenham
130,16.0,FOUL,Sissoko fouls Tagliafico.,Sissoko,Tottenham,Tagliafico,Ajax
131,16.0,FREE_KICK,Sissoko takes the free-kick.,Sissoko,Tottenham,Alderweireld,Tottenham
132,16.0,FOUL,Dolberg fouls Vertonghen.,Dolberg,Ajax,Vertonghen,Tottenham
133,15.0,FREE_KICK,Rose takes the free-kick.,Rose,Tottenham,Vertonghen,Tottenham
134,14.0,FOUL,Ziyech fouls Rose.,Ziyech,Ajax,Rose,Tottenham
135,11.0,SAVE,Rose makes a save.,Rose,Tottenham,,
136,11.0,SHOT_BLOCKED,Ziyech has a shot blocked.,Ziyech,Ajax,Ziyech,Ajax
137,10.0,FREE_KICK,Onana takes the free-kick.,Onana,Ajax,Mazraoui,Ajax
138,10.0,OFFSIDE,Alli is flagged for offside.,Alli,Tottenham,Alli,Tottenham
139,9.0,FREE_KICK,Trippier takes the free-kick.,Trippier,Tottenham,Alli,Tottenham
140,8.0,FOUL,Blind fouls Sissoko.,Blind,Ajax,Sissoko,Tottenham
141,6.0,SHOT_WIDE,Eriksen misses the target.,Eriksen,Tottenham,Eriksen,Tottenham
142,6.0,SHOT_WIDE,Son misses the target.,Son,Tottenham,Son,Tottenham
143,5.0,ASSIST,Good assist from Schöne.,Schöne,Ajax,Schöne,Ajax
144,5.0,GOAL,De Ligt scores!,De Ligt,Ajax,Lloris,Ajax
145,5.0,CORNER,Schöne takes the corner.,Schöne,Ajax,De Ligt,Ajax
146,4.0,SAVE,Lloris makes a save.,Lloris,Tottenham,,
147,4.0,SHOT_ON_GOAL,Tadić has an effort on goal.,Tadić,Ajax,Tadić,Ajax
148,3.0,SAVE,Wanyama makes a save.,Wanyama,Tottenham,,
149,3.0,SHOT_BLOCKED,Ziyech has a shot blocked.,Ziyech,Ajax,Ziyech,Ajax
150,1.0,START_PHASE,The match is under way.,,,,
