,minute,eventType,autoText,primaryPlayer,primaryTeam,secondaryPlayer,secondaryTeam
0,,END_PHASE,The final whistle is blown.,,,,
1,90.0,FREE_KICK,Goretzka takes the free-kick.,Goretzka,Bayern,Tolisso,Bayern
2,90.0,FOUL,Kanté fouls Coutinho.,Kanté,Chelsea,Coutinho,Bayern
3,90.0,FREE_KICK,Goretzka takes the free-kick.,Goretzka,Bayern,Süle,Bayern
4,90.0,FOUL,Kovačić fouls Coutinho.,Kovačić,Chelsea,Coutinho,Bayern
5,90.0,SHOT_WIDE,Giroud misses the target.,Giroud,Chelsea,Giroud,Chelsea
6,86.0,FREE_KICK,James takes the free-kick.,James,Chelsea,Zouma,Chelsea
7,86.0,FOUL,Goretzka fouls Mount.,Goretzka,Bayern,Mount,Chelsea
8,84.0,ASSIST,Good assist from Odriozola.,Odriozola,Bayern,Odriozola,Bayern
9,84.0,GOAL,Lewandowski scores!,Lewandowski,Bayern,Caballero,Bayern
10,83.0,SAVE,Caballero makes a save.,Caballero,Chelsea,,
11,83.0,SHOT_ON_GOAL,Süle has an effort on goal.,Süle,Bayern,Süle,Bayern
12,83.0,CORNER,Müller takes the corner.,Müller,Bayern,Coutinho,Bayern
13,82.0,SAVE,James makes a save.,James,Chelsea,,
14,82.0,SHOT_BLOCKED,Coutinho has a shot blocked.,Coutinho,Bayern,Coutinho,Bayern
15,81.0,SUBSTITUTION,Giroud (on) - Abraham (off),Abraham,Chelsea,Giroud,Chelsea
16,81.0,SUBSTITUTION,Javi Martínez (on) - Gnabry (off),Gnabry,Bayern,Javi Martínez,Bayern
17,80.0,SHOT_WIDE,Kanté misses the target.,Kanté,Chelsea,Kanté,Chelsea
18,79.0,SAVE,Neuer makes a save.,Neuer,Bayern,,
19,79.0,SHOT_ON_GOAL,James has an effort on goal.,James,Chelsea,James,Chelsea
20,79.0,SAVE,Goretzka makes a save.,Goretzka,Bayern,,
21,79.0,SHOT_BLOCKED,Hudson-Odoi has a shot blocked.,Hudson-Odoi,Chelsea,Hudson-Odoi,Chelsea
22,76.0,ASSIST,Good assist from Lewandowski.,Lewandowski,Bayern,Lewandowski,Bayern
23,76.0,GOAL,Tolisso scores!,Tolisso,Bayern,Caballero,Bayern
24,75.0,FREE_KICK,Odriozola takes the free-kick.,Odriozola,Bayern,Süle,Bayern
25,75.0,FOUL,Emerson fouls Gnabry.,Emerson,Chelsea,Gnabry,Bayern
26,74.0,CORNER,Mount takes the corner.,Mount,Chelsea,Lewandowski,Bayern
27,74.0,SAVE,Süle makes a save.,Süle,Bayern,,
28,74.0,SHOT_BLOCKED,Kovačić has a shot blocked.,Kovačić,Chelsea,Kovačić,Chelsea
29,73.0,SHOT_WIDE,James misses the target.,James,Chelsea,James,Chelsea
30,72.0,SHOT_WIDE,Coutinho misses the target.,Coutinho,Bayern,Coutinho,Bayern
31,71.0,SUBSTITUTION,Tolisso (on) - Thiago Alcántara (off),Thiago Alcántara,Bayern,Tolisso,Bayern
32,71.0,SUBSTITUTION,Odriozola (on) - Kimmich (off),Kimmich,Bayern,Odriozola,Bayern
33,70.0,SAVE,Süle makes a save.,Süle,Bayern,,
34,70.0,SHOT_BLOCKED,Barkley has a shot blocked.,Barkley,Chelsea,Barkley,Chelsea
35,68.0,FOUL,Thiago Alcántara fouls Barkley.,Thiago Alcántara,Bayern,Barkley,Chelsea
36,67.0,SAVE,Caballero makes a save.,Caballero,Chelsea,,
37,67.0,SHOT_ON_GOAL,Alaba has an effort on goal.,Alaba,Bayern,Alaba,Bayern
38,67.0,SHOT_WIDE,Thiago Alcántara misses the target.,Thiago Alcántara,Bayern,Thiago Alcántara,Bayern
39,67.0,CORNER,Kimmich takes the corner.,Kimmich,Bayern,Thiago Alcántara,Bayern
40,66.0,SHOT_WIDE,Lewandowski misses the target.,Lewandowski,Bayern,Lewandowski,Bayern
41,66.0,CORNER,Kimmich takes the corner.,Kimmich,Bayern,Zouma,Chelsea
42,64.0,SUBSTITUTION,Coutinho (on) - Perišić (off),Perišić,Bayern,Coutinho,Bayern
43,63.0,SUBSTITUTION,Süle (on) - Boateng (off),Boateng,Bayern,Süle,Bayern
44,61.0,SHOT_WIDE,Müller misses the target.,Müller,Bayern,Müller,Bayern
45,60.0,FREE_KICK,Neuer takes the free-kick.,Neuer,Bayern,Alaba,Bayern
46,57.0,OFFSIDE,Hudson-Odoi is flagged for offside.,Hudson-Odoi,Chelsea,Hudson-Odoi,Chelsea
47,53.0,SAVE,Zouma makes a save.,Zouma,Chelsea,,
48,53.0,SHOT_BLOCKED,Davies has a shot blocked.,Davies,Bayern,Davies,Bayern
49,49.0,SAVE,Neuer makes a save.,Neuer,Bayern,,
50,49.0,SHOT_ON_GOAL,Mount has an effort on goal.,Mount,Chelsea,Mount,Chelsea
51,48.0,FREE_KICK,Boateng takes the free-kick.,Boateng,Bayern,Thiago Alcántara,Bayern
52,47.0,OFFSIDE,Abraham is flagged for offside.,Abraham,Chelsea,Abraham,Chelsea
53,46.0,START_PHASE,The second half begins.,,,,
54,,END_PHASE,The referee blows for half-time.,,,,
55,45.0,CORNER,Emerson takes the corner.,Emerson,Chelsea,,
56,45.0,FREE_KICK,A. Christensen takes the free-kick.,A. Christensen,Chelsea,Zouma,Chelsea
57,45.0,FOUL,Perišić fouls A. Christensen.,Perišić,Bayern,A. Christensen,Chelsea
58,44.0,GOAL,Abraham scores!,Abraham,Chelsea,Neuer,Chelsea
59,43.0,FREE_KICK,Kimmich takes the free-kick.,Kimmich,Bayern,Neuer,Bayern
60,43.0,YELLOW_CARD,Emerson is cautioned by the referee.,Emerson,Chelsea,Emerson,Chelsea
61,42.0,FOUL,Emerson fouls Goretzka.,Emerson,Chelsea,Goretzka,Bayern
62,38.0,FREE_KICK,Kovačić takes the free-kick.,Kovačić,Chelsea,A. Christensen,Chelsea
63,37.0,FOUL,Goretzka fouls Barkley.,Goretzka,Bayern,Barkley,Chelsea
64,33.0,SAVE,Zouma makes a save.,Zouma,Chelsea,,
65,33.0,SHOT_BLOCKED,Lewandowski has a shot blocked.,Lewandowski,Bayern,Lewandowski,Bayern
66,31.0,SHOT_WIDE,Gnabry misses the target.,Gnabry,Bayern,Gnabry,Bayern
67,29.0,FREE_KICK,Neuer takes the free-kick.,Neuer,Bayern,Boateng,Bayern
68,28.0,OFFSIDE,Abraham is flagged for offside.,Abraham,Chelsea,Abraham,Chelsea
69,26.0,CORNER,Hudson-Odoi takes the corner.,Hudson-Odoi,Chelsea,Emerson,Chelsea
70,26.0,SAVE,Neuer makes a save.,Neuer,Bayern,,
71,26.0,SHOT_ON_GOAL,Emerson has an effort on goal.,Emerson,Chelsea,Emerson,Chelsea
72,24.0,ASSIST,Good assist from Lewandowski.,Lewandowski,Bayern,Lewandowski,Bayern
73,24.0,GOAL,Perišić scores!,Perišić,Bayern,Caballero,Bayern
74,22.0,FREE_KICK,Boateng takes the free-kick.,Boateng,Bayern,Goretzka,Bayern
75,22.0,OFFSIDE,Hudson-Odoi is flagged for offside.,Hudson-Odoi,Chelsea,Hudson-Odoi,Chelsea
76,22.0,FREE_KICK,Emerson takes the free-kick.,Emerson,Chelsea,Kovačić,Chelsea
77,22.0,FOUL,Thiago Alcántara fouls Mount.,Thiago Alcántara,Bayern,Mount,Chelsea
78,21.0,FREE_KICK,Kovačić takes the free-kick.,Kovačić,Chelsea,Mount,Chelsea
79,21.0,FOUL,Thiago Alcántara fouls Mount.,Thiago Alcántara,Bayern,Mount,Chelsea
80,17.0,SHOT_WIDE,Goretzka misses the target.,Goretzka,Bayern,Goretzka,Bayern
81,16.0,FREE_KICK,Alaba takes the free-kick.,Alaba,Bayern,Neuer,Bayern
82,15.0,FOUL,Kanté fouls Davies.,Kanté,Chelsea,Davies,Bayern
83,14.0,SHOT_WIDE,Müller misses the target.,Müller,Bayern,Müller,Bayern
84,12.0,FREE_KICK,Kovačić takes the free-kick.,Kovačić,Chelsea,Emerson,Chelsea
85,12.0,FOUL,Gnabry fouls Barkley.,Gnabry,Bayern,Barkley,Chelsea
86,12.0,FREE_KICK,Caballero takes the free-kick.,Caballero,Chelsea,A. Christensen,Chelsea
87,11.0,FOUL,Davies fouls James.,Davies,Bayern,James,Chelsea
88,11.0,SAVE,Caballero makes a save.,Caballero,Chelsea,,
89,11.0,SHOT_ON_GOAL,Gnabry has an effort on goal.,Gnabry,Bayern,Gnabry,Bayern
90,10.0,GOAL,Lewandowski scores from the penalty spot.,Lewandowski,Bayern,Caballero,Bayern
91,8.0,YELLOW_CARD,Caballero is cautioned by the referee.,Caballero,Chelsea,Caballero,Chelsea
92,7.0,FOUL,Caballero fouls Lewandowski.,Caballero,Chelsea,Lewandowski,Bayern
93,7.0,FREE_KICK,Alaba takes the free-kick.,Alaba,Bayern,Thiago Alcántara,Bayern
94,7.0,OFFSIDE,Abraham is flagged for offside.,Abraham,Chelsea,Abraham,Chelsea
95,2.0,SHOT_WIDE,Alaba misses the target.,Alaba,Bayern,Alaba,Bayern
96,2.0,CORNER,Kimmich takes the corner.,Kimmich,Bayern,Zouma,Chelsea
97,1.0,FREE_KICK,Zouma takes the free-kick.,Zouma,Chelsea,Kovačić,Chelsea
98,1.0,OFFSIDE,Gnabry is flagged for offside.,Gnabry,Bayern,Gnabry,Bayern
99,1.0,START_PHASE,The match is under way.,,,,
