,minute,eventType,autoText,primaryPlayer,primaryTeam,secondaryPlayer,secondaryTeam
0,,END_PHASE,The final whistle is blown.,,,,
1,90.0,SHOT_WIDE,Fernandinho misses the target.,Fernandinho,Man. City,Fernandinho,Man. City
2,90.0,FOUL,Wanyama fouls Sané.,Wanyama,Tottenham,Sané,Man. City
3,90.0,FREE_KICK,Vertonghen takes the free-kick.,Vertonghen,Tottenham,Alderweireld,Tottenham
4,90.0,OFFSIDE,Jesus is flagged for offside.,Jesus,Man. City,Jesus,Man. City
5,90.0,FREE_KICK,Trippier takes the free-kick.,Trippier,Tottenham,Walker,Man. City
6,90.0,FOUL,Laporte handles the ball.,Laporte,Man. City,,
7,90.0,FREE_KICK,Eriksen takes the free-kick.,Eriksen,Tottenham,Wanyama,Tottenham
8,90.0,FOUL,Gündoğan fouls Wanyama.,Gündoğan,Man. City,Wanyama,Tottenham
9,89.0,SUBSTITUTION,De Bruyne (on) - David Silva (off),David Silva,Man. City,De Bruyne,Man. City
10,89.0,SUBSTITUTION,Sané (on) - Mahrez (off),Mahrez,Man. City,Sané,Man. City
11,87.0,SHOT_WIDE,Son misses the target.,Son,Tottenham,Son,Tottenham
12,87.0,SUBSTITUTION,Llorente (on) - Alli (off),Alli,Tottenham,Llorente,Tottenham
13,85.0,FREE_KICK,Lloris takes the free-kick.,Lloris,Tottenham,Delph,Man. City
14,84.0,OFFSIDE,Jesus is flagged for offside.,Jesus,Man. City,Jesus,Man. City
15,81.0,SUBSTITUTION,Wanyama (on) - Winks (off),Winks,Tottenham,Wanyama,Tottenham
16,78.0,GOAL,Son scores!,Son,Tottenham,Ederson,Tottenham
17,76.0,SAVE,Winks makes a save.,Winks,Tottenham,,
18,76.0,SHOT_BLOCKED,David Silva has a shot blocked.,David Silva,Man. City,David Silva,Man. City
19,75.0,SAVE,Alderweireld makes a save.,Alderweireld,Tottenham,,
20,75.0,SHOT_BLOCKED,Jesus has a shot blocked.,Jesus,Man. City,Jesus,Man. City
21,73.0,SHOT_WIDE,Delph misses the target.,Delph,Man. City,Delph,Man. City
22,73.0,FREE_KICK,Otamendi takes the free-kick.,Otamendi,Man. City,Laporte,Man. City
23,72.0,FOUL,Vertonghen fouls Jesus.,Vertonghen,Tottenham,Jesus,Man. City
24,72.0,FREE_KICK,Lloris takes the free-kick.,Lloris,Tottenham,Fernandinho,Man. City
25,71.0,OFFSIDE,Jesus is flagged for offside.,Jesus,Man. City,Jesus,Man. City
26,71.0,SUBSTITUTION,Jesus (on) - Agüero (off),Agüero,Man. City,Jesus,Man. City
27,69.0,SAVE,Otamendi makes a save.,Otamendi,Man. City,,
28,69.0,SHOT_BLOCKED,Alli has a shot blocked.,Alli,Tottenham,Alli,Tottenham
29,69.0,FREE_KICK,Laporte takes the free-kick.,Laporte,Man. City,Otamendi,Man. City
30,68.0,FOUL,Alli fouls Gündoğan.,Alli,Tottenham,Gündoğan,Man. City
31,68.0,FREE_KICK,Eriksen takes the free-kick.,Eriksen,Tottenham,Sissoko,Tottenham
32,67.0,FOUL,Otamendi fouls Alli.,Otamendi,Man. City,Alli,Tottenham
33,66.0,FREE_KICK,Fernandinho takes the free-kick.,Fernandinho,Man. City,Otamendi,Man. City
34,66.0,FOUL,Moura fouls Fernandinho.,Moura,Tottenham,Fernandinho,Man. City
35,64.0,FREE_KICK,Lloris takes the free-kick.,Lloris,Tottenham,Trippier,Tottenham
36,63.0,OFFSIDE,David Silva is flagged for offside.,David Silva,Man. City,David Silva,Man. City
37,61.0,CORNER,Eriksen takes the corner.,Eriksen,Tottenham,Fernandinho,Man. City
38,60.0,FREE_KICK,Trippier takes the free-kick.,Trippier,Tottenham,Mahrez,Man. City
39,59.0,YELLOW_CARD,Mahrez is cautioned by the referee.,Mahrez,Man. City,Mahrez,Man. City
40,59.0,FOUL,Mahrez fouls Moura.,Mahrez,Man. City,Moura,Tottenham
41,58.0,FREE_KICK,Rose takes the free-kick.,Rose,Tottenham,Alderweireld,Tottenham
42,58.0,SUBSTITUTION,Moura (on) - Kane (off),Kane,Tottenham,Moura,Tottenham
43,58.0,FOUL,Fernandinho fouls Alli.,Fernandinho,Man. City,Alli,Tottenham
44,56.0,FREE_KICK,Delph takes the free-kick.,Delph,Man. City,Laporte,Man. City
45,56.0,FOUL,Trippier fouls Sterling.,Trippier,Tottenham,Sterling,Man. City
46,56.0,FREE_KICK,Fernandinho takes the free-kick.,Fernandinho,Man. City,Otamendi,Man. City
47,55.0,FOUL,Sissoko fouls Sterling.,Sissoko,Tottenham,Sterling,Man. City
48,52.0,FREE_KICK,Rose takes the free-kick.,Rose,Tottenham,Alli,Tottenham
49,51.0,FOUL,Otamendi fouls Kane.,Otamendi,Man. City,Kane,Tottenham
50,50.0,SAVE,Ederson makes a save.,Ederson,Man. City,,
51,50.0,SHOT_ON_GOAL,Son has an effort on goal.,Son,Tottenham,Son,Tottenham
52,50.0,CORNER,Mahrez takes the corner.,Mahrez,Man. City,Kane,Tottenham
53,49.0,SAVE,Alderweireld makes a save.,Alderweireld,Tottenham,,
54,49.0,SHOT_BLOCKED,Mahrez has a shot blocked.,Mahrez,Man. City,Mahrez,Man. City
55,49.0,CORNER,Gündoğan takes the corner.,Gündoğan,Man. City,Vertonghen,Tottenham
56,48.0,SHOT_WIDE,Son misses the target.,Son,Tottenham,Son,Tottenham
57,47.0,SAVE,Lloris makes a save.,Lloris,Tottenham,,
58,47.0,SHOT_ON_GOAL,Sterling has an effort on goal.,Sterling,Man. City,Sterling,Man. City
59,46.0,START_PHASE,The second half begins.,,,,
60,,END_PHASE,The referee blows for half-time.,,,,
61,45.0,SHOT_WIDE,Agüero misses the target.,Agüero,Man. City,Agüero,Man. City
62,44.0,CORNER,Rose takes the corner.,Rose,Tottenham,Trippier,Tottenham
63,42.0,SAVE,Ederson makes a save.,Ederson,Man. City,,
64,42.0,SHOT_ON_GOAL,Rose has an effort on goal.,Rose,Tottenham,Rose,Tottenham
65,42.0,FOUL,Sterling fouls Son.,Sterling,Man. City,Son,Tottenham
66,41.0,FREE_KICK,Alderweireld takes the free-kick.,Alderweireld,Tottenham,Vertonghen,Tottenham
67,40.0,FOUL,Fernandinho fouls Kane.,Fernandinho,Man. City,Kane,Tottenham
68,39.0,SHOT_WIDE,Agüero misses the target.,Agüero,Man. City,Agüero,Man. City
69,38.0,FREE_KICK,Ederson takes the free-kick.,Ederson,Man. City,Laporte,Man. City
70,37.0,OFFSIDE,Son is flagged for offside.,Son,Tottenham,Son,Tottenham
71,37.0,SAVE,Walker makes a save.,Walker,Man. City,,
72,37.0,SHOT_BLOCKED,Alderweireld has a shot blocked.,Alderweireld,Tottenham,Alderweireld,Tottenham
73,37.0,SAVE,Fernandinho makes a save.,Fernandinho,Man. City,,
74,37.0,SHOT_BLOCKED,Eriksen has a shot blocked.,Eriksen,Tottenham,Eriksen,Tottenham
75,37.0,SAVE,Fernandinho makes a save.,Fernandinho,Man. City,,
76,37.0,SHOT_BLOCKED,Eriksen has a shot blocked.,Eriksen,Tottenham,Eriksen,Tottenham
77,36.0,FOUL,Otamendi fouls Kane.,Otamendi,Man. City,Kane,Tottenham
78,34.0,SHOT_WIDE,Kane misses the target.,Kane,Tottenham,Kane,Tottenham
79,34.0,FREE_KICK,Winks takes the free-kick.,Winks,Tottenham,Sissoko,Tottenham
80,33.0,FOUL,Fernandinho fouls Eriksen.,Fernandinho,Man. City,Eriksen,Tottenham
81,32.0,FREE_KICK,Lloris takes the free-kick.,Lloris,Tottenham,Delph,Man. City
82,31.0,OFFSIDE,Otamendi is flagged for offside.,Otamendi,Man. City,Otamendi,Man. City
83,30.0,FOUL,Trippier fouls Mahrez.,Trippier,Tottenham,Mahrez,Man. City
84,30.0,CORNER,Trippier takes the corner.,Trippier,Tottenham,Ederson,Man. City
85,28.0,SHOT_WIDE,Winks misses the target.,Winks,Tottenham,Winks,Tottenham
86,28.0,YELLOW_CARD,Laporte is cautioned by the referee.,Laporte,Man. City,Laporte,Man. City
87,27.0,FOUL,Laporte fouls Alli.,Laporte,Man. City,Alli,Tottenham
88,24.0,SAVE,Ederson makes a save.,Ederson,Man. City,,
89,24.0,SHOT_ON_GOAL,Kane has an effort on goal.,Kane,Tottenham,Kane,Tottenham
90,13.0,SAVE,Lloris makes a save.,Lloris,Tottenham,,
91,13.0,PENALTY,Agüero's penalty is saved by the goalkeeper.,Agüero,Man. City,Lloris,Man. City
92,12.0,YELLOW_CARD,Rose is cautioned by the referee.,Rose,Tottenham,,Tottenham
93,10.0,SAVE,Rose makes a save.,Rose,Tottenham,,
94,10.0,FOUL,Rose handles the ball.,Rose,Tottenham,,
95,10.0,SHOT_BLOCKED,Sterling has a shot blocked.,Sterling,Man. City,Sterling,Man. City
96,8.0,SHOT_WIDE,Alli misses the target.,Alli,Tottenham,Alli,Tottenham
97,7.0,CORNER,Mahrez takes the corner.,Mahrez,Man. City,Winks,Tottenham
98,5.0,FREE_KICK,Gündoğan takes the free-kick.,Gündoğan,Man. City,Otamendi,Man. City
99,5.0,OFFSIDE,Eriksen is flagged for offside.,Eriksen,Tottenham,Eriksen,Tottenham
100,4.0,FREE_KICK,Gündoğan takes the free-kick.,Gündoğan,Man. City,Sterling,Man. City
101,4.0,FOUL,Trippier fouls Sterling.,Trippier,Tottenham,Sterling,Man. City
102,2.0,FREE_KICK,Lloris takes the free-kick.,Lloris,Tottenham,Alderweireld,Tottenham
103,1.0,OFFSIDE,David Silva is flagged for offside.,David Silva,Man. City,David Silva,Man. City
104,1.0,START_PHASE,The match is under way.,,,,
