,minute,eventType,autoText,primaryPlayer,primaryTeam,secondaryPlayer,secondaryTeam
0,,END_PHASE,The final whistle is blown.,,,,
1,90.0,SAVE,Lloris makes a save.,Lloris,Tottenham,,
2,90.0,SHOT_ON_GOAL,Werner has an effort on goal.,Werner,Leipzig,Werner,Leipzig
3,90.0,SAVE,Gulácsi makes a save.,Gulácsi,Leipzig,,
4,90.0,SHOT_ON_GOAL,Gedson Fernandes has an effort on goal.,Gedson Fernandes,Tottenham,Gedson Fernandes,Tottenham
5,90.0,FREE_KICK,Alli takes the free-kick.,Alli,Tottenham,Fagan-Walcott,Tottenham
6,90.0,FOUL,Halstenberg fouls Alli.,Halstenberg,Leipzig,Alli,Tottenham
7,90.0,FREE_KICK,Gedson Fernandes takes the free-kick.,Gedson Fernandes,Tottenham,Alli,Tottenham
8,90.0,FOUL,Forsberg fouls Gedson Fernandes.,Forsberg,Leipzig,Gedson Fernandes,Tottenham
9,90.0,FREE_KICK,Forsberg takes the free-kick.,Forsberg,Leipzig,Gulácsi,Leipzig
10,90.0,SUBSTITUTION,Fagan-Walcott (on) - Aurier (off),Aurier,Tottenham,Fagan-Walcott,Tottenham
11,90.0,FOUL,Winks fouls Forsberg.,Winks,Tottenham,Forsberg,Leipzig
12,89.0,FREE_KICK,Upamecano takes the free-kick.,Upamecano,Leipzig,Klostermann,Leipzig
13,88.0,FOUL,Lamela fouls Schick.,Lamela,Tottenham,Schick,Leipzig
14,87.0,GOAL,Forsberg scores!,Forsberg,Leipzig,Lloris,Leipzig
15,87.0,SAVE,Sessegnon makes a save.,Sessegnon,Tottenham,,
16,87.0,SHOT_BLOCKED,Adams has a shot blocked.,Adams,Leipzig,Adams,Leipzig
17,87.0,SUBSTITUTION,Forsberg (on) - Sabitzer (off),Sabitzer,Leipzig,Forsberg,Leipzig
18,84.0,FREE_KICK,Alderweireld takes the free-kick.,Alderweireld,Tottenham,Dier,Tottenham
19,83.0,OFFSIDE,Schick is flagged for offside.,Schick,Leipzig,Schick,Leipzig
20,83.0,FREE_KICK,Tanganga takes the free-kick.,Tanganga,Tottenham,Dier,Tottenham
21,82.0,FOUL,Upamecano fouls Lamela.,Upamecano,Leipzig,Lamela,Tottenham
22,82.0,SAVE,Gedson Fernandes makes a save.,Gedson Fernandes,Tottenham,,
23,82.0,SHOT_BLOCKED,Upamecano has a shot blocked.,Upamecano,Leipzig,Upamecano,Leipzig
24,82.0,CORNER,Angeliño takes the corner.,Angeliño,Leipzig,Winks,Tottenham
25,80.0,SUBSTITUTION,Gedson Fernandes (on) - Lo Celso (off),Lo Celso,Tottenham,Gedson Fernandes,Tottenham
26,77.0,FOUL,Aurier fouls Schick.,Aurier,Tottenham,Schick,Leipzig
27,77.0,FREE_KICK,Alli takes the free-kick.,Alli,Tottenham,Lo Celso,Tottenham
28,77.0,FOUL,Halstenberg fouls Alli.,Halstenberg,Leipzig,Alli,Tottenham
29,76.0,CORNER,Werner takes the corner.,Werner,Leipzig,Winks,Tottenham
30,75.0,FREE_KICK,Gulácsi takes the free-kick.,Gulácsi,Leipzig,Halstenberg,Leipzig
31,74.0,FOUL,Alli fouls Halstenberg.,Alli,Tottenham,Halstenberg,Leipzig
32,74.0,SAVE,Gulácsi makes a save.,Gulácsi,Leipzig,,
33,74.0,SHOT_ON_GOAL,Alli has an effort on goal.,Alli,Tottenham,Alli,Tottenham
34,71.0,FREE_KICK,Lo Celso takes the free-kick.,Lo Celso,Tottenham,Lamela,Tottenham
35,71.0,YELLOW_CARD,Sabitzer is cautioned by the referee.,Sabitzer,Leipzig,Sabitzer,Leipzig
36,71.0,FOUL,Sabitzer fouls Alli.,Sabitzer,Leipzig,Alli,Tottenham
37,70.0,FREE_KICK,Halstenberg takes the free-kick.,Halstenberg,Leipzig,Dier,Tottenham
38,70.0,YELLOW_CARD,Alli is cautioned by the referee.,Alli,Tottenham,Alli,Tottenham
39,70.0,FOUL,Alli fouls Angeliño.,Alli,Tottenham,Angeliño,Leipzig
40,69.0,FREE_KICK,Halstenberg takes the free-kick.,Halstenberg,Leipzig,Upamecano,Leipzig
41,68.0,YELLOW_CARD,Tanganga is cautioned by the referee.,Tanganga,Tottenham,Tanganga,Tottenham
42,68.0,FOUL,Tanganga fouls Werner.,Tanganga,Tottenham,Werner,Leipzig
43,67.0,FREE_KICK,Dier takes the free-kick.,Dier,Tottenham,Lloris,Tottenham
44,67.0,FOUL,Schick fouls Aurier.,Schick,Leipzig,Aurier,Tottenham
45,65.0,FREE_KICK,Aurier takes the free-kick.,Aurier,Tottenham,Dier,Tottenham
46,64.0,FOUL,Angeliño fouls Aurier.,Angeliño,Leipzig,Aurier,Tottenham
47,64.0,CORNER,Lo Celso takes the corner.,Lo Celso,Tottenham,Schick,Leipzig
48,62.0,SHOT_WIDE,Schick misses the target.,Schick,Leipzig,Schick,Leipzig
49,61.0,SAVE,Schick makes a save.,Schick,Leipzig,,
50,61.0,SHOT_BLOCKED,Sessegnon has a shot blocked.,Sessegnon,Tottenham,Sessegnon,Tottenham
51,61.0,FREE_KICK,Lo Celso takes the free-kick.,Lo Celso,Tottenham,Upamecano,Leipzig
52,60.0,FOUL,Klostermann fouls Moura.,Klostermann,Leipzig,Moura,Tottenham
53,60.0,SHOT_WIDE,Werner misses the target.,Werner,Leipzig,Werner,Leipzig
54,59.0,SUBSTITUTION,Haidara (on) - Nkunku (off),Nkunku,Leipzig,Haidara,Leipzig
55,58.0,SHOT_WIDE,Moura misses the target.,Moura,Tottenham,Moura,Tottenham
56,57.0,SHOT_WIDE,Schick misses the target.,Schick,Leipzig,Schick,Leipzig
57,55.0,SUBSTITUTION,Adams (on) - Mukiele (off),Mukiele,Leipzig,Adams,Leipzig
58,50.0,FREE_KICK,Lo Celso takes the free-kick.,Lo Celso,Tottenham,Dier,Tottenham
59,50.0,YELLOW_CARD,Laimer is cautioned by the referee.,Laimer,Leipzig,Laimer,Leipzig
60,50.0,FOUL,Laimer fouls Lamela.,Laimer,Leipzig,Lamela,Tottenham
61,47.0,FREE_KICK,Tanganga takes the free-kick.,Tanganga,Tottenham,Dier,Tottenham
62,47.0,FOUL,Werner fouls Tanganga.,Werner,Leipzig,Tanganga,Tottenham
63,46.0,START_PHASE,The second half begins.,,,,
64,,END_PHASE,The referee blows for half-time.,,,,
65,45.0,YELLOW_CARD,Winks is cautioned by the referee.,Winks,Tottenham,Winks,Tottenham
66,45.0,FOUL,Winks fouls Laimer.,Winks,Tottenham,Laimer,Leipzig
67,45.0,FREE_KICK,Lo Celso takes the free-kick.,Lo Celso,Tottenham,Dier,Tottenham
68,45.0,FOUL,Werner fouls Alli.,Werner,Leipzig,Alli,Tottenham
69,45.0,SAVE,Lloris makes a save.,Lloris,Tottenham,,
70,45.0,CORNER,Lo Celso takes the corner.,Lo Celso,Tottenham,Halstenberg,Leipzig
71,43.0,FREE_KICK,Upamecano takes the free-kick.,Upamecano,Leipzig,Nkunku,Leipzig
72,43.0,FOUL,Alli fouls Laimer.,Alli,Tottenham,Laimer,Leipzig
73,41.0,SAVE,Gulácsi makes a save.,Gulácsi,Leipzig,,
74,41.0,SHOT_ON_GOAL,Lo Celso has an effort on goal.,Lo Celso,Tottenham,Lo Celso,Tottenham
75,41.0,FREE_KICK,Lo Celso takes the free-kick.,Lo Celso,Tottenham,Lamela,Tottenham
76,41.0,FOUL,Werner fouls Tanganga.,Werner,Leipzig,Tanganga,Tottenham
77,41.0,FREE_KICK,Lo Celso takes the free-kick.,Lo Celso,Tottenham,Winks,Tottenham
78,40.0,FOUL,Laimer fouls Lo Celso.,Laimer,Leipzig,Lo Celso,Tottenham
79,37.0,FREE_KICK,Laimer takes the free-kick.,Laimer,Leipzig,Dier,Tottenham
80,36.0,FOUL,Winks fouls Nkunku.,Winks,Tottenham,Nkunku,Leipzig
81,36.0,CORNER,Nkunku takes the corner.,Nkunku,Leipzig,Winks,Tottenham
82,35.0,SAVE,Winks makes a save.,Winks,Tottenham,,
83,35.0,SHOT_BLOCKED,Sabitzer has a shot blocked.,Sabitzer,Leipzig,Sabitzer,Leipzig
84,35.0,FREE_KICK,Angeliño takes the free-kick.,Angeliño,Leipzig,Alderweireld,Tottenham
85,34.0,YELLOW_CARD,Sessegnon is cautioned by the referee.,Sessegnon,Tottenham,Sessegnon,Tottenham
86,34.0,FOUL,Sessegnon fouls Mukiele.,Sessegnon,Tottenham,Mukiele,Leipzig
87,32.0,FREE_KICK,Lo Celso takes the free-kick.,Lo Celso,Tottenham,Lamela,Tottenham
88,32.0,FOUL,Sabitzer fouls Lo Celso.,Sabitzer,Leipzig,Lo Celso,Tottenham
89,32.0,SHOT_WIDE,Werner misses the target.,Werner,Leipzig,Werner,Leipzig
90,31.0,FREE_KICK,Alderweireld takes the free-kick.,Alderweireld,Tottenham,Dier,Tottenham
91,31.0,FOUL,Werner fouls Dier.,Werner,Leipzig,Dier,Tottenham
92,30.0,SAVE,Upamecano makes a save.,Upamecano,Leipzig,,
93,30.0,SHOT_BLOCKED,Lamela has a shot blocked.,Lamela,Tottenham,Lamela,Tottenham
94,28.0,SAVE,Lloris makes a save.,Lloris,Tottenham,,
95,28.0,SHOT_ON_GOAL,Werner has an effort on goal.,Werner,Leipzig,Werner,Leipzig
96,28.0,FREE_KICK,Dier takes the free-kick.,Dier,Tottenham,Sessegnon,Tottenham
97,28.0,FOUL,Upamecano fouls Alli.,Upamecano,Leipzig,Alli,Tottenham
98,26.0,CORNER,Angeliño takes the corner.,Angeliño,Leipzig,Werner,Leipzig
99,25.0,CORNER,Nkunku takes the corner.,Nkunku,Leipzig,Aurier,Tottenham
100,21.0,ASSIST,Good assist from Angeliño.,Angeliño,Leipzig,Angeliño,Leipzig
101,21.0,GOAL,Sabitzer scores!,Sabitzer,Leipzig,Lloris,Leipzig
102,21.0,FREE_KICK,Klostermann takes the free-kick.,Klostermann,Leipzig,Laimer,Leipzig
103,21.0,FOUL,Winks fouls Nkunku.,Winks,Tottenham,Nkunku,Leipzig
104,20.0,SHOT_WIDE,Moura misses the target.,Moura,Tottenham,Moura,Tottenham
105,19.0,FREE_KICK,Lloris takes the free-kick.,Lloris,Tottenham,Moura,Tottenham
106,19.0,OFFSIDE,Werner is flagged for offside.,Werner,Leipzig,Werner,Leipzig
107,18.0,CORNER,Lo Celso takes the corner.,Lo Celso,Tottenham,Gulácsi,Leipzig
108,17.0,FREE_KICK,Alli takes the free-kick.,Alli,Tottenham,Tanganga,Tottenham
109,16.0,FOUL,Upamecano fouls Lo Celso.,Upamecano,Leipzig,Lo Celso,Tottenham
110,16.0,FREE_KICK,Lo Celso takes the free-kick.,Lo Celso,Tottenham,Winks,Tottenham
111,16.0,FOUL,Laimer fouls Winks.,Laimer,Leipzig,Winks,Tottenham
112,13.0,FREE_KICK,Lloris takes the free-kick.,Lloris,Tottenham,Klostermann,Leipzig
113,13.0,OFFSIDE,Mukiele is flagged for offside.,Mukiele,Leipzig,Mukiele,Leipzig
114,10.0,ASSIST,Good assist from Werner.,Werner,Leipzig,Werner,Leipzig
115,10.0,GOAL,Sabitzer scores!,Sabitzer,Leipzig,Lloris,Leipzig
116,10.0,SAVE,Dier makes a save.,Dier,Tottenham,,
117,10.0,SHOT_BLOCKED,Werner has a shot blocked.,Werner,Leipzig,Werner,Leipzig
118,10.0,FREE_KICK,Mukiele takes the free-kick.,Mukiele,Leipzig,Sabitzer,Leipzig
119,9.0,FOUL,Alderweireld fouls Schick.,Alderweireld,Tottenham,Schick,Leipzig
120,8.0,FREE_KICK,Alderweireld takes the free-kick.,Alderweireld,Tottenham,Winks,Tottenham
121,8.0,FOUL,Upamecano fouls Alli.,Upamecano,Leipzig,Alli,Tottenham
122,5.0,FREE_KICK,Gulácsi takes the free-kick.,Gulácsi,Leipzig,Mukiele,Leipzig
123,4.0,OFFSIDE,Sessegnon is flagged for offside.,Sessegnon,Tottenham,Sessegnon,Tottenham
124,4.0,FREE_KICK,Alderweireld takes the free-kick.,Alderweireld,Tottenham,Dier,Tottenham
125,3.0,FOUL,Upamecano fouls Alli.,Upamecano,Leipzig,Alli,Tottenham
126,3.0,FREE_KICK,Alderweireld takes the free-kick.,Alderweireld,Tottenham,Dier,Tottenham
127,3.0,FOUL,Halstenberg fouls Lamela.,Halstenberg,Leipzig,Lamela,Tottenham
128,2.0,CORNER,Angeliño takes the corner.,Angeliño,Leipzig,Sessegnon,Tottenham
129,1.0,START_PHASE,The match is under way.,,,,
