,minute,eventType,autoText,primaryPlayer,primaryTeam,secondaryPlayer,secondaryTeam
0,,END_PHASE,The final whistle is blown.,,,,
1,90.0,FREE_KICK,Adrián takes the free-kick.,Adrián,Liverpool,Mané,Liverpool
2,90.0,SUBSTITUTION,Keïta (on) - Salah (off),Salah,Liverpool,Keïta,Liverpool
3,90.0,FOUL,Mwepu fouls Alexander-Arnold.,Mwepu,Salzburg,Alexander-Arnold,Liverpool
4,88.0,FREE_KICK,Mané takes the free-kick.,Mané,Liverpool,Van Dijk,Liverpool
5,88.0,FOUL,Hwang fouls Fabinho.,Hwang,Salzburg,Fabinho,Liverpool
6,87.0,FREE_KICK,Ulmer takes the free-kick.,Ulmer,Salzburg,Gomez,Liverpool
7,87.0,YELLOW_CARD,Fabinho is cautioned by the referee.,Fabinho,Liverpool,Fabinho,Liverpool
8,86.0,FOUL,Fabinho fouls Ashimeru.,Fabinho,Liverpool,Ashimeru,Salzburg
9,84.0,FREE_KICK,Adrián takes the free-kick.,Adrián,Liverpool,Firmino,Liverpool
10,84.0,FOUL,Okugawa fouls Gomez.,Okugawa,Salzburg,Gomez,Liverpool
11,81.0,FREE_KICK,Onguéné takes the free-kick.,Onguéné,Salzburg,Ulmer,Salzburg
12,81.0,FOUL,Gomez fouls Hwang.,Gomez,Liverpool,Hwang,Salzburg
13,78.0,SUBSTITUTION,Ashimeru (on) - Junuzović (off),Junuzović,Salzburg,Ashimeru,Salzburg
14,78.0,CORNER,Salah takes the corner.,Salah,Liverpool,Firmino,Liverpool
15,78.0,SAVE,Junuzović makes a save.,Junuzović,Salzburg,,
16,77.0,SHOT_BLOCKED,Milner has a shot blocked.,Milner,Liverpool,Milner,Liverpool
17,77.0,SHOT_BLOCKED,Firmino has a shot blocked.,Firmino,Liverpool,Firmino,Liverpool
18,77.0,SAVE,Onguéné makes a save.,Onguéné,Salzburg,,
19,76.0,SAVE,Adrián makes a save.,Adrián,Liverpool,,
20,76.0,SHOT_ON_GOAL,Okugawa has an effort on goal.,Okugawa,Salzburg,Okugawa,Salzburg
21,72.0,CORNER,Alexander-Arnold takes the corner.,Alexander-Arnold,Liverpool,Salah,Liverpool
22,71.0,SUBSTITUTION,Okugawa (on) - Szoboszlai (off),Szoboszlai,Salzburg,Okugawa,Salzburg
23,69.0,ASSIST,Good assist from Firmino.,Firmino,Liverpool,Firmino,Liverpool
24,69.0,GOAL,Salah scores!,Salah,Liverpool,Stanković,Liverpool
25,68.0,CORNER,Milner takes the corner.,Milner,Liverpool,Kristensen,Salzburg
26,65.0,FREE_KICK,Milner takes the free-kick.,Milner,Liverpool,Robertson,Liverpool
27,65.0,FOUL,Mwepu fouls Van Dijk.,Mwepu,Salzburg,Van Dijk,Liverpool
28,64.0,FREE_KICK,Stanković takes the free-kick.,Stanković,Salzburg,Haaland,Salzburg
29,64.0,SUBSTITUTION,Origi (on) - Wijnaldum (off),Wijnaldum,Liverpool,Origi,Liverpool
30,64.0,FOUL,Salah fouls Junuzović.,Salah,Liverpool,Junuzović,Salzburg
31,63.0,CORNER,Milner takes the corner.,Milner,Liverpool,Wöber,Salzburg
32,62.0,SUBSTITUTION,Milner (on) - Henderson (off),Henderson,Liverpool,Milner,Liverpool
33,61.0,YELLOW_CARD,A Salzburg player is cautioned by the referee.,,Salzburg,,Salzburg
34,60.0,ASSIST,Good assist from Minamino.,Minamino,Salzburg,Minamino,Salzburg
35,60.0,GOAL,Haaland scores!,Haaland,Salzburg,Adrián,Salzburg
36,60.0,FREE_KICK,Gomez takes the free-kick.,Gomez,Liverpool,Van Dijk,Liverpool
37,59.0,FOUL,Minamino fouls Fabinho.,Minamino,Salzburg,Fabinho,Liverpool
38,59.0,SHOT_WIDE,Szoboszlai misses the target.,Szoboszlai,Salzburg,Szoboszlai,Salzburg
39,57.0,FREE_KICK,Robertson takes the free-kick.,Robertson,Liverpool,Van Dijk,Liverpool
40,57.0,FOUL,Minamino fouls Wijnaldum.,Minamino,Salzburg,Wijnaldum,Liverpool
41,56.0,SUBSTITUTION,Haaland (on) - Daka (off),Daka,Salzburg,Haaland,Salzburg
42,56.0,ASSIST,Good assist from Hwang.,Hwang,Salzburg,Hwang,Salzburg
43,56.0,GOAL,Minamino scores!,Minamino,Salzburg,Adrián,Salzburg
44,55.0,FREE_KICK,Szoboszlai takes the free-kick.,Szoboszlai,Salzburg,Hwang,Salzburg
45,55.0,FOUL,Gomez fouls Szoboszlai.,Gomez,Liverpool,Szoboszlai,Salzburg
46,55.0,SAVE,Kristensen makes a save.,Kristensen,Salzburg,,
47,55.0,SHOT_BLOCKED,Mané has a shot blocked.,Mané,Liverpool,Mané,Liverpool
48,54.0,SHOT_WIDE,Wijnaldum misses the target.,Wijnaldum,Liverpool,Wijnaldum,Liverpool
49,54.0,FREE_KICK,Alexander-Arnold takes the free-kick.,Alexander-Arnold,Liverpool,Gomez,Liverpool
50,54.0,OFFSIDE,Hwang is flagged for offside.,Hwang,Salzburg,Hwang,Salzburg
51,53.0,SHOT_WIDE,Hwang misses the target.,Hwang,Salzburg,Hwang,Salzburg
52,46.0,FREE_KICK,Gomez takes the free-kick.,Gomez,Liverpool,Van Dijk,Liverpool
53,46.0,FOUL,Daka fouls Gomez.,Daka,Salzburg,Gomez,Liverpool
54,46.0,FREE_KICK,Robertson takes the free-kick.,Robertson,Liverpool,Fabinho,Liverpool
55,46.0,FOUL,Mwepu fouls Mané.,Mwepu,Salzburg,Mané,Liverpool
56,46.0,START_PHASE,The second half begins.,,,,
57,,END_PHASE,The referee blows for half-time.,,,,
58,45.0,FOUL,Henderson fouls Junuzović.,Henderson,Liverpool,Junuzović,Salzburg
59,43.0,FREE_KICK,Van Dijk takes the free-kick.,Van Dijk,Liverpool,Fabinho,Liverpool
60,42.0,FOUL,Hwang fouls Van Dijk.,Hwang,Salzburg,Van Dijk,Liverpool
61,41.0,SHOT_WIDE,Ulmer misses the target.,Ulmer,Salzburg,Ulmer,Salzburg
62,39.0,ASSIST,Good assist from Mwepu.,Mwepu,Salzburg,Mwepu,Salzburg
63,39.0,GOAL,Hwang scores!,Hwang,Salzburg,Adrián,Salzburg
64,39.0,SHOT_WIDE,Daka misses the target.,Daka,Salzburg,Daka,Salzburg
65,38.0,FREE_KICK,Adrián takes the free-kick.,Adrián,Liverpool,Alexander-Arnold,Liverpool
66,38.0,FOUL,Daka fouls Gomez.,Daka,Salzburg,Gomez,Liverpool
67,36.0,ASSIST,Good assist from Firmino.,Firmino,Liverpool,Firmino,Liverpool
68,36.0,GOAL,Salah scores!,Salah,Liverpool,Stanković,Liverpool
69,36.0,SAVE,Stanković makes a save.,Stanković,Salzburg,,
70,36.0,SHOT_ON_GOAL,Firmino has an effort on goal.,Firmino,Liverpool,Firmino,Liverpool
71,34.0,FREE_KICK,Adrián takes the free-kick.,Adrián,Liverpool,Van Dijk,Liverpool
72,34.0,OFFSIDE,Wöber is flagged for offside.,Wöber,Salzburg,Wöber,Salzburg
73,34.0,CORNER,Junuzović takes the corner.,Junuzović,Salzburg,Szoboszlai,Salzburg
74,32.0,CORNER,Ulmer takes the corner.,Ulmer,Salzburg,Firmino,Liverpool
75,31.0,SAVE,Adrián makes a save.,Adrián,Liverpool,,
76,31.0,SHOT_ON_GOAL,Minamino has an effort on goal.,Minamino,Salzburg,Minamino,Salzburg
77,30.0,SHOT_WIDE,Salah misses the target.,Salah,Liverpool,Salah,Liverpool
78,25.0,ASSIST,Good assist from Alexander-Arnold.,Alexander-Arnold,Liverpool,Alexander-Arnold,Liverpool
79,25.0,GOAL,Robertson scores!,Robertson,Liverpool,Stanković,Liverpool
80,21.0,CORNER,Alexander-Arnold takes the corner.,Alexander-Arnold,Liverpool,Ulmer,Salzburg
81,19.0,FREE_KICK,Szoboszlai takes the free-kick.,Szoboszlai,Salzburg,Wöber,Salzburg
82,19.0,OFFSIDE,Salah is flagged for offside.,Salah,Liverpool,Salah,Liverpool
83,17.0,FREE_KICK,Gomez takes the free-kick.,Gomez,Liverpool,Van Dijk,Liverpool
84,17.0,FOUL,Mwepu fouls Wijnaldum.,Mwepu,Salzburg,Wijnaldum,Liverpool
85,12.0,FREE_KICK,Van Dijk takes the free-kick.,Van Dijk,Liverpool,Gomez,Liverpool
86,11.0,FOUL,Minamino fouls Wijnaldum.,Minamino,Salzburg,Wijnaldum,Liverpool
87,9.0,ASSIST,Good assist from Firmino.,Firmino,Liverpool,Firmino,Liverpool
88,9.0,GOAL,Mané scores!,Mané,Liverpool,Stanković,Liverpool
89,6.0,CORNER,Alexander-Arnold takes the corner.,Alexander-Arnold,Liverpool,Wöber,Salzburg
90,5.0,FREE_KICK,Stanković takes the free-kick.,Stanković,Salzburg,Alexander-Arnold,Liverpool
91,5.0,FOUL,Salah fouls Mwepu.,Salah,Liverpool,Mwepu,Salzburg
92,4.0,FREE_KICK,Fabinho takes the free-kick.,Fabinho,Liverpool,Robertson,Liverpool
93,4.0,OFFSIDE,Onguéné is flagged for offside.,Onguéné,Salzburg,Onguéné,Salzburg
94,4.0,FOUL,Gomez fouls Daka.,Gomez,Liverpool,Daka,Salzburg
95,3.0,SHOT_WIDE,Minamino misses the target.,Minamino,Salzburg,Minamino,Salzburg
96,1.0,FREE_KICK,Robertson takes the free-kick.,Robertson,Liverpool,Van Dijk,Liverpool
97,1.0,OFFSIDE,Daka is flagged for offside.,Daka,Salzburg,Daka,Salzburg
98,1.0,START_PHASE,The match is under way.,,,,
