,minute,eventType,autoText,primaryPlayer,primaryTeam,secondaryPlayer,secondaryTeam
0,,END_PHASE,The final whistle is blown.,,,,
1,90.0,SAVE,Gulácsi makes a save.,Gulácsi,Leipzig,,
2,90.0,FREE_KICK,De Gea takes the free-kick.,De Gea,Man. United,Maguire,Man. United
3,90.0,OFFSIDE,Y. Poulsen is flagged for offside.,Y. Poulsen,Leipzig,Y. Poulsen,Leipzig
4,89.0,SAVE,Gulácsi makes a save.,Gulácsi,Leipzig,,
5,89.0,SHOT_ON_GOAL,Rashford has an effort on goal.,Rashford,Man. United,Rashford,Man. United
6,88.0,SHOT_WIDE,McTominay misses the target.,McTominay,Man. United,McTominay,Man. United
7,87.0,FREE_KICK,De Gea takes the free-kick.,De Gea,Man. United,Konaté,Leipzig
8,87.0,SUBSTITUTION,Halstenberg (on) - Angeliño (off),Angeliño,Leipzig,Halstenberg,Leipzig
9,87.0,OFFSIDE,Kluivert is flagged for offside.,Kluivert,Leipzig,Kluivert,Leipzig
10,86.0,FREE_KICK,De Gea takes the free-kick.,De Gea,Man. United,Mukiele,Leipzig
11,86.0,OFFSIDE,Kluivert is flagged for offside.,Kluivert,Leipzig,Kluivert,Leipzig
12,85.0,CORNER,Nkunku takes the corner.,Nkunku,Leipzig,Kluivert,Leipzig
13,82.0,GOAL,Konaté scores an own goal.,Konaté,Leipzig,Gulácsi,Man. United
14,82.0,ASSIST,Good assist from Maguire.,Maguire,Man. United,Maguire,Man. United
15,82.0,SAVE,Leipzig make a save.,,Leipzig,,
16,82.0,SHOT_BLOCKED,Pogba has a shot blocked.,Pogba,Man. United,Pogba,Man. United
17,82.0,CORNER,Bruno Fernandes takes the corner.,Bruno Fernandes,Man. United,Pogba,Man. United
18,81.0,FREE_KICK,Pogba takes the free-kick.,Pogba,Man. United,B. Williams,Man. United
19,81.0,YELLOW_CARD,Adams is cautioned by the referee.,Adams,Leipzig,Adams,Leipzig
20,81.0,FOUL,Adams fouls Fosu-Mensah.,Adams,Leipzig,Fosu-Mensah,Man. United
21,80.0,GOAL,Bruno Fernandes scores from the penalty spot.,Bruno Fernandes,Man. United,,Man. United
22,78.0,FOUL,Konaté fouls Greenwood.,Konaté,Leipzig,Greenwood,Man. United
23,78.0,FREE_KICK,Sabitzer takes the free-kick.,Sabitzer,Leipzig,Fosu-Mensah,Man. United
24,78.0,SUBSTITUTION,Fosu-Mensah (on) - Wan-Bissaka (off),Wan-Bissaka,Man. United,Fosu-Mensah,Man. United
25,78.0,SUBSTITUTION,Tuanzebe (on) - Lindelöf (off),Lindelöf,Man. United,Tuanzebe,Man. United
26,77.0,YELLOW_CARD,Lindelöf is cautioned by the referee.,Lindelöf,Man. United,Lindelöf,Man. United
27,77.0,FOUL,Lindelöf fouls Kluivert.,Lindelöf,Man. United,Kluivert,Leipzig
28,76.0,SAVE,Gulácsi makes a save.,Gulácsi,Leipzig,,
29,76.0,SHOT_ON_GOAL,Rashford has an effort on goal.,Rashford,Man. United,Rashford,Man. United
30,75.0,SHOT_WIDE,Kluivert misses the target.,Kluivert,Leipzig,Kluivert,Leipzig
31,75.0,FREE_KICK,Sabitzer takes the free-kick.,Sabitzer,Leipzig,Wan-Bissaka,Man. United
32,75.0,SUBSTITUTION,Adams (on) - Kampl (off),Kampl,Leipzig,Adams,Leipzig
33,75.0,FOUL,Lindelöf fouls Y. Poulsen.,Lindelöf,Man. United,Y. Poulsen,Leipzig
34,74.0,CORNER,Bruno Fernandes takes the corner.,Bruno Fernandes,Man. United,Gulácsi,Leipzig
35,74.0,SAVE,Sabitzer makes a save.,Sabitzer,Leipzig,,
36,74.0,SHOT_BLOCKED,Maguire has a shot blocked.,Maguire,Man. United,Maguire,Man. United
37,74.0,CORNER,Bruno Fernandes takes the corner.,Bruno Fernandes,Man. United,McTominay,Man. United
38,73.0,SHOT_ON_GOAL,Bruno Fernandes has an effort on goal.,Bruno Fernandes,Man. United,Bruno Fernandes,Man. United
39,73.0,SAVE,Gulácsi makes a save.,Gulácsi,Leipzig,,
40,73.0,FREE_KICK,Pogba takes the free-kick.,Pogba,Man. United,Bruno Fernandes,Man. United
41,73.0,FOUL,Y. Poulsen handles the ball.,Y. Poulsen,Leipzig,,
42,72.0,SAVE,Gulácsi makes a save.,Gulácsi,Leipzig,,
43,72.0,SHOT_ON_GOAL,Greenwood has an effort on goal.,Greenwood,Man. United,Greenwood,Man. United
44,72.0,SHOT_WIDE,Sabitzer misses the target.,Sabitzer,Leipzig,Sabitzer,Leipzig
45,71.0,SHOT_WIDE,Greenwood misses the target.,Greenwood,Man. United,Greenwood,Man. United
46,71.0,CORNER,Bruno Fernandes takes the corner.,Bruno Fernandes,Man. United,Gulácsi,Leipzig
47,70.0,SAVE,Gulácsi makes a save.,Gulácsi,Leipzig,,
48,70.0,SHOT_ON_GOAL,McTominay has an effort on goal.,McTominay,Man. United,McTominay,Man. United
49,69.0,ASSIST,Good assist from Haidara.,Haidara,Leipzig,Haidara,Leipzig
50,69.0,GOAL,Kluivert scores!,Kluivert,Leipzig,De Gea,Leipzig
51,68.0,FREE_KICK,Mukiele takes the free-kick.,Mukiele,Leipzig,Y. Poulsen,Leipzig
52,68.0,YELLOW_CARD,B. Williams is cautioned by the referee.,B. Williams,Man. United,B. Williams,Man. United
53,68.0,FOUL,B. Williams fouls Kluivert.,B. Williams,Man. United,Kluivert,Leipzig
54,68.0,SHOT_WIDE,Bruno Fernandes misses the target.,Bruno Fernandes,Man. United,Bruno Fernandes,Man. United
55,67.0,FOUL,Kampl fouls B. Williams.,Kampl,Leipzig,B. Williams,Man. United
56,67.0,CORNER,Bruno Fernandes takes the corner.,Bruno Fernandes,Man. United,Y. Poulsen,Leipzig
57,66.0,SHOT_WIDE,Bruno Fernandes misses the target.,Bruno Fernandes,Man. United,Bruno Fernandes,Man. United
58,64.0,SHOT_WIDE,Rashford misses the target.,Rashford,Man. United,Rashford,Man. United
59,64.0,SAVE,Y. Poulsen makes a save.,Y. Poulsen,Leipzig,,
60,64.0,SHOT_BLOCKED,Rashford has a shot blocked.,Rashford,Man. United,Rashford,Man. United
61,63.0,YELLOW_CARD,Maguire is cautioned by the referee.,Maguire,Man. United,Maguire,Man. United
62,63.0,FREE_KICK,Sabitzer takes the free-kick.,Sabitzer,Leipzig,Konaté,Leipzig
63,62.0,FOUL,Maguire fouls Kluivert.,Maguire,Man. United,Kluivert,Leipzig
64,62.0,FREE_KICK,De Gea takes the free-kick.,De Gea,Man. United,Sabitzer,Leipzig
65,62.0,YELLOW_CARD,Kluivert is cautioned by the referee.,Kluivert,Leipzig,Kluivert,Leipzig
66,62.0,FOUL,Kluivert fouls Bruno Fernandes.,Kluivert,Leipzig,Bruno Fernandes,Man. United
67,62.0,SHOT_BLOCKED,Nkunku has a shot blocked.,Nkunku,Leipzig,Nkunku,Leipzig
68,62.0,SAVE,Lindelöf makes a save.,Lindelöf,Man. United,,
69,61.0,SUBSTITUTION,Pogba (on) - Matić (off),Matić,Man. United,Pogba,Man. United
70,61.0,SUBSTITUTION,B. Williams (on) - Shaw (off),Shaw,Man. United,B. Williams,Man. United
71,60.0,FREE_KICK,Bruno Fernandes takes the free-kick.,Bruno Fernandes,Man. United,Shaw,Man. United
72,60.0,FOUL,Sabitzer fouls Bruno Fernandes.,Sabitzer,Leipzig,Bruno Fernandes,Man. United
73,58.0,FREE_KICK,Bruno Fernandes takes the free-kick.,Bruno Fernandes,Man. United,Gulácsi,Leipzig
74,58.0,FOUL,Kampl fouls Bruno Fernandes.,Kampl,Leipzig,Bruno Fernandes,Man. United
75,56.0,SUBSTITUTION,Kluivert (on) - Olmo (off),Olmo,Leipzig,Kluivert,Leipzig
76,56.0,SUBSTITUTION,Y. Poulsen (on) - Forsberg (off),Forsberg,Leipzig,Y. Poulsen,Leipzig
77,55.0,FREE_KICK,Bruno Fernandes takes the free-kick.,Bruno Fernandes,Man. United,,
78,54.0,FOUL,Nkunku fouls Rashford.,Nkunku,Leipzig,Rashford,Man. United
79,54.0,CORNER,Bruno Fernandes takes the corner.,Bruno Fernandes,Man. United,Nkunku,Leipzig
80,53.0,FREE_KICK,Bruno Fernandes takes the free-kick.,Bruno Fernandes,Man. United,Kampl,Leipzig
81,52.0,FOUL,Kampl fouls Greenwood.,Kampl,Leipzig,Greenwood,Man. United
82,52.0,FREE_KICK,Sabitzer takes the free-kick.,Sabitzer,Leipzig,Kampl,Leipzig
83,52.0,FOUL,McTominay fouls Olmo.,McTominay,Man. United,Olmo,Leipzig
84,50.0,CORNER,Bruno Fernandes takes the corner.,Bruno Fernandes,Man. United,Sabitzer,Leipzig
85,49.0,CORNER,Bruno Fernandes takes the corner.,Bruno Fernandes,Man. United,McTominay,Man. United
86,46.0,SUBSTITUTION,Van de Beek (on) - Alex Telles (off),Alex Telles,Man. United,Van de Beek,Man. United
87,46.0,START_PHASE,The second half begins.,,,,
88,,END_PHASE,The referee blows for half-time.,,,,
89,45.0,FREE_KICK,Maguire takes the free-kick.,Maguire,Man. United,Matić,Man. United
90,45.0,OFFSIDE,Olmo is flagged for offside.,Olmo,Leipzig,Olmo,Leipzig
91,45.0,SHOT_WIDE,Sabitzer misses the target.,Sabitzer,Leipzig,Sabitzer,Leipzig
92,45.0,CORNER,Nkunku takes the corner.,Nkunku,Leipzig,Maguire,Man. United
93,44.0,YELLOW_CARD,Shaw is cautioned by the referee.,Shaw,Man. United,,Man. United
94,44.0,FREE_KICK,Sabitzer takes the free-kick.,Sabitzer,Leipzig,Angeliño,Leipzig
95,43.0,FOUL,Shaw fouls Konaté.,Shaw,Man. United,Konaté,Leipzig
96,42.0,FREE_KICK,Bruno Fernandes takes the free-kick.,Bruno Fernandes,Man. United,McTominay,Man. United
97,41.0,FOUL,Konaté fouls Rashford.,Konaté,Leipzig,Rashford,Man. United
98,38.0,FREE_KICK,Gulácsi takes the free-kick.,Gulácsi,Leipzig,Wan-Bissaka,Man. United
99,37.0,FOUL,McTominay fouls Sabitzer.,McTominay,Man. United,Sabitzer,Leipzig
100,37.0,CORNER,Alex Telles takes the corner.,Alex Telles,Man. United,,
101,37.0,SAVE,Orban makes a save.,Orban,Leipzig,,
102,37.0,SHOT_BLOCKED,Greenwood has a shot blocked.,Greenwood,Man. United,Greenwood,Man. United
103,36.0,FREE_KICK,Alex Telles takes the free-kick.,Alex Telles,Man. United,Kampl,Leipzig
104,35.0,FOUL,Sabitzer fouls Bruno Fernandes.,Sabitzer,Leipzig,Bruno Fernandes,Man. United
105,35.0,FREE_KICK,Lindelöf takes the free-kick.,Lindelöf,Man. United,Maguire,Man. United
106,35.0,YELLOW_CARD,Sabitzer is cautioned by the referee.,Sabitzer,Leipzig,Sabitzer,Leipzig
107,35.0,FOUL,Sabitzer fouls McTominay.,Sabitzer,Leipzig,McTominay,Man. United
108,33.0,SAVE,Orban makes a save.,Orban,Leipzig,,
109,33.0,SHOT_BLOCKED,Rashford has a shot blocked.,Rashford,Man. United,Rashford,Man. United
110,32.0,FREE_KICK,Shaw takes the free-kick.,Shaw,Man. United,Bruno Fernandes,Man. United
111,32.0,YELLOW_CARD,Mukiele is cautioned by the referee.,Mukiele,Leipzig,Mukiele,Leipzig
112,31.0,FOUL,Mukiele fouls Bruno Fernandes.,Mukiele,Leipzig,Bruno Fernandes,Man. United
113,31.0,OFFSIDE,Konaté is flagged for offside.,Konaté,Leipzig,Konaté,Leipzig
114,31.0,FREE_KICK,De Gea takes the free-kick.,De Gea,Man. United,Lindelöf,Man. United
115,29.0,SHOT_WIDE,Konaté misses the target.,Konaté,Leipzig,Konaté,Leipzig
116,29.0,CORNER,Nkunku takes the corner.,Nkunku,Leipzig,Sabitzer,Leipzig
117,27.0,FREE_KICK,Alex Telles takes the free-kick.,Alex Telles,Man. United,Gulácsi,Leipzig
118,27.0,FOUL,Mukiele fouls Greenwood.,Mukiele,Leipzig,Greenwood,Man. United
119,24.0,SHOT_WIDE,Greenwood misses the target.,Greenwood,Man. United,Greenwood,Man. United
120,24.0,CORNER,Alex Telles takes the corner.,Alex Telles,Man. United,Greenwood,Man. United
121,24.0,SAVE,Sabitzer makes a save.,Sabitzer,Leipzig,,
122,24.0,SHOT_BLOCKED,Bruno Fernandes has a shot blocked.,Bruno Fernandes,Man. United,Bruno Fernandes,Man. United
123,22.0,FOUL,Konaté fouls Rashford.,Konaté,Leipzig,Rashford,Man. United
124,22.0,FREE_KICK,Shaw takes the free-kick.,Shaw,Man. United,Maguire,Man. United
125,22.0,FOUL,Olmo fouls Shaw.,Olmo,Leipzig,Shaw,Man. United
126,20.0,FREE_KICK,Alex Telles takes the free-kick.,Alex Telles,Man. United,Matić,Man. United
127,19.0,FOUL,Kampl fouls Bruno Fernandes.,Kampl,Leipzig,Bruno Fernandes,Man. United
128,17.0,SHOT_WIDE,Forsberg misses the target.,Forsberg,Leipzig,Forsberg,Leipzig
129,13.0,ASSIST,Good assist from Angeliño.,Angeliño,Leipzig,Angeliño,Leipzig
130,13.0,GOAL,Haidara scores!,Haidara,Leipzig,De Gea,Leipzig
131,11.0,CORNER,Nkunku takes the corner.,Nkunku,Leipzig,Angeliño,Leipzig
132,9.0,SAVE,Gulácsi makes a save.,Gulácsi,Leipzig,,
133,8.0,SHOT_ON_GOAL,Greenwood has an effort on goal.,Greenwood,Man. United,Greenwood,Man. United
134,8.0,FREE_KICK,McTominay takes the free-kick.,McTominay,Man. United,Lindelöf,Man. United
135,8.0,FOUL,Orban fouls Rashford.,Orban,Leipzig,Rashford,Man. United
136,7.0,SAVE,De Gea makes a save.,De Gea,Man. United,,
137,7.0,SHOT_ON_GOAL,Angeliño has an effort on goal.,Angeliño,Leipzig,Angeliño,Leipzig
138,5.0,YELLOW_CARD,Bruno Fernandes is cautioned by the referee.,Bruno Fernandes,Man. United,Bruno Fernandes,Man. United
139,2.0,ASSIST,Good assist from Sabitzer.,Sabitzer,Leipzig,Sabitzer,Leipzig
140,2.0,GOAL,Angeliño scores!,Angeliño,Leipzig,De Gea,Leipzig
141,1.0,START_PHASE,The match is under way.,,,,
