,minute,eventType,autoText,primaryPlayer,primaryTeam,secondaryPlayer,secondaryTeam
0,,END_PHASE,The final whistle is blown.,,,,
1,90.0,FREE_KICK,Javi Martínez takes the free-kick.,Javi Martínez,Bayern,Lewandowski,Bayern
2,90.0,OFFSIDE,Adeyemi is flagged for offside.,Adeyemi,Salzburg,Adeyemi,Salzburg
3,90.0,FREE_KICK,Boateng takes the free-kick.,Boateng,Bayern,Neuer,Bayern
4,90.0,YELLOW_CARD,Camara is cautioned by the referee.,Camara,Salzburg,Camara,Salzburg
5,90.0,FOUL,Berisha fouls Javi Martínez.,Berisha,Salzburg,Javi Martínez,Bayern
6,90.0,CORNER,Adeyemi takes the corner.,Adeyemi,Salzburg,Sučić,Salzburg
7,90.0,FREE_KICK,Alaba takes the free-kick.,Alaba,Bayern,Goretzka,Bayern
8,90.0,FOUL,Adeyemi fouls Javi Martínez.,Adeyemi,Salzburg,Javi Martínez,Bayern
9,89.0,FREE_KICK,Camara takes the free-kick.,Camara,Salzburg,Wöber,Salzburg
10,89.0,FOUL,Müller fouls Camara.,Müller,Bayern,Camara,Salzburg
11,89.0,SHOT_WIDE,Berisha misses the target.,Berisha,Salzburg,Berisha,Salzburg
12,88.0,FOUL,Alaba fouls Berisha.,Alaba,Bayern,Berisha,Salzburg
13,87.0,CORNER,Douglas Costa takes the corner.,Douglas Costa,Bayern,Ramalho,Salzburg
14,85.0,FREE_KICK,Ulmer takes the free-kick.,Ulmer,Salzburg,Camara,Salzburg
15,85.0,FOUL,Javi Martínez fouls Ashimeru.,Javi Martínez,Bayern,Ashimeru,Salzburg
16,84.0,SHOT_WIDE,Sučić misses the target.,Sučić,Salzburg,Sučić,Salzburg
17,83.0,FREE_KICK,Ulmer takes the free-kick.,Ulmer,Salzburg,Koita,Salzburg
18,83.0,FOUL,Sané fouls Adeyemi.,Sané,Bayern,Adeyemi,Salzburg
19,83.0,FREE_KICK,Sané takes the free-kick.,Sané,Bayern,Alaba,Bayern
20,82.0,FOUL,Wöber fouls Lewandowski.,Wöber,Salzburg,Lewandowski,Bayern
21,81.0,SAVE,Stanković makes a save.,Stanković,Salzburg,,
22,81.0,SHOT_ON_GOAL,Lewandowski has an effort on goal.,Lewandowski,Bayern,Lewandowski,Bayern
23,80.0,SAVE,Neuer makes a save.,Neuer,Bayern,,
24,80.0,SHOT_ON_GOAL,Sučić has an effort on goal.,Sučić,Salzburg,Sučić,Salzburg
25,80.0,SAVE,Neuer makes a save.,Neuer,Bayern,,
26,80.0,SHOT_ON_GOAL,Ulmer has an effort on goal.,Ulmer,Salzburg,Ulmer,Salzburg
27,79.0,FREE_KICK,Hernández takes the free-kick.,Hernández,Bayern,Alaba,Bayern
28,79.0,SUBSTITUTION,Javi Martínez (on) - Richards (off),Richards,Bayern,Javi Martínez,Bayern
29,78.0,SUBSTITUTION,Douglas Costa (on) - Coman (off),Coman,Bayern,Douglas Costa,Bayern
30,78.0,FOUL,Ramalho fouls Coman.,Ramalho,Salzburg,Coman,Bayern
31,78.0,FREE_KICK,Alaba takes the free-kick.,Alaba,Bayern,Neuer,Bayern
32,77.0,FOUL,Adeyemi fouls Coman.,Adeyemi,Salzburg,Coman,Bayern
33,73.0,ASSIST,Good assist from Kristensen.,Kristensen,Salzburg,Kristensen,Salzburg
34,73.0,GOAL,Berisha scores!,Berisha,Salzburg,,Salzburg
35,73.0,SAVE,Müller makes a save.,Müller,Bayern,,
36,73.0,SHOT_BLOCKED,Camara has a shot blocked.,Camara,Salzburg,Camara,Salzburg
37,73.0,SHOT_WIDE,Kristensen misses the target.,Kristensen,Salzburg,Kristensen,Salzburg
38,73.0,CORNER,Sučić takes the corner.,Sučić,Salzburg,Kristensen,Salzburg
39,72.0,SUBSTITUTION,Ashimeru (on) - Mwepu (off),Mwepu,Salzburg,Ashimeru,Salzburg
40,71.0,SUBSTITUTION,Sučić (on) - Szoboszlai (off),Szoboszlai,Salzburg,Sučić,Salzburg
41,71.0,SUBSTITUTION,Adeyemi (on) - Junuzović (off),Junuzović,Salzburg,Adeyemi,Salzburg
42,71.0,CORNER,Szoboszlai takes the corner.,Szoboszlai,Salzburg,Junuzović,Salzburg
43,70.0,SAVE,Neuer makes a save.,Neuer,Bayern,,
44,70.0,SHOT_ON_GOAL,Mwepu has an effort on goal.,Mwepu,Salzburg,Mwepu,Salzburg
45,70.0,SAVE,Neuer makes a save.,Neuer,Bayern,,
46,70.0,SHOT_ON_GOAL,Berisha has an effort on goal.,Berisha,Salzburg,Berisha,Salzburg
47,68.0,ASSIST,Good assist from Coman.,Coman,Bayern,Coman,Bayern
48,68.0,GOAL,Sané scores!,Sané,Bayern,Stanković,Bayern
49,67.0,FREE_KICK,Wöber takes the free-kick.,Wöber,Salzburg,Junuzović,Salzburg
50,66.0,RED_YELLOW_CARD,Marc Roca is shown a second yellow card and is dismissed.,Marc Roca,Bayern,Marc Roca,Bayern
51,66.0,FOUL,Marc Roca fouls Junuzović.,Marc Roca,Bayern,Junuzović,Salzburg
52,63.0,FREE_KICK,Alaba takes the free-kick.,Alaba,Bayern,Marc Roca,Bayern
53,63.0,FOUL,Mwepu fouls Marc Roca.,Mwepu,Salzburg,Marc Roca,Bayern
54,63.0,FREE_KICK,Stanković takes the free-kick.,Stanković,Salzburg,Mwepu,Salzburg
55,63.0,SUBSTITUTION,Hernández (on) - Pavard (off),Pavard,Bayern,Hernández,Bayern
56,62.0,SUBSTITUTION,Sané (on) - Gnabry (off),Gnabry,Bayern,Sané,Bayern
57,62.0,FOUL,Richards fouls Kristensen.,Richards,Bayern,Kristensen,Salzburg
58,61.0,CORNER,Müller takes the corner.,Müller,Bayern,Coman,Bayern
59,58.0,YELLOW_CARD,Koita is cautioned by the referee.,Koita,Salzburg,Koita,Salzburg
60,57.0,FREE_KICK,Wöber takes the free-kick.,Wöber,Salzburg,Stanković,Salzburg
61,57.0,FOUL,Müller fouls Junuzović.,Müller,Bayern,Junuzović,Salzburg
62,55.0,SHOT_WIDE,Szoboszlai misses the target.,Szoboszlai,Salzburg,Szoboszlai,Salzburg
63,54.0,FREE_KICK,Mwepu takes the free-kick.,Mwepu,Salzburg,Junuzović,Salzburg
64,54.0,FOUL,Richards fouls Mwepu.,Richards,Bayern,Mwepu,Salzburg
65,52.0,GOAL,Coman scores!,Coman,Bayern,Stanković,Bayern
66,51.0,SAVE,Neuer makes a save.,Neuer,Bayern,,
67,51.0,SHOT_ON_GOAL,Berisha has an effort on goal.,Berisha,Salzburg,Berisha,Salzburg
68,50.0,SHOT_WIDE,Szoboszlai misses the target.,Szoboszlai,Salzburg,Szoboszlai,Salzburg
69,49.0,FOUL,Pavard fouls Mwepu.,Pavard,Bayern,Mwepu,Salzburg
70,49.0,FREE_KICK,Wöber takes the free-kick.,Wöber,Salzburg,Stanković,Salzburg
71,48.0,YELLOW_CARD,Marc Roca is cautioned by the referee.,Marc Roca,Bayern,Marc Roca,Bayern
72,48.0,FOUL,Marc Roca fouls Junuzović.,Marc Roca,Bayern,Junuzović,Salzburg
73,48.0,FREE_KICK,Alaba takes the free-kick.,Alaba,Bayern,Goretzka,Bayern
74,48.0,FOUL,Berisha fouls Alaba.,Berisha,Salzburg,Alaba,Bayern
75,46.0,FREE_KICK,Ramalho takes the free-kick.,Ramalho,Salzburg,Wöber,Salzburg
76,46.0,OFFSIDE,Lewandowski is flagged for offside.,Lewandowski,Bayern,Lewandowski,Bayern
77,46.0,START_PHASE,The second half begins.,,,,
78,,END_PHASE,The referee blows for half-time.,,,,
79,45.0,SAVE,Neuer makes a save.,Neuer,Bayern,,
80,45.0,SHOT_ON_GOAL,Koita has an effort on goal.,Koita,Salzburg,Koita,Salzburg
81,44.0,FREE_KICK,Marc Roca takes the free-kick.,Marc Roca,Bayern,Alaba,Bayern
82,44.0,FOUL,Mwepu fouls Coman.,Mwepu,Salzburg,Coman,Bayern
83,43.0,ASSIST,Good assist from Müller.,Müller,Bayern,Müller,Bayern
84,43.0,GOAL,Lewandowski scores!,Lewandowski,Bayern,Stanković,Bayern
85,42.0,SAVE,Stanković makes a save.,Stanković,Salzburg,,
86,42.0,SHOT_ON_GOAL,Müller has an effort on goal.,Müller,Bayern,Müller,Bayern
87,41.0,FREE_KICK,Lewandowski takes the free-kick.,Lewandowski,Bayern,Goretzka,Bayern
88,41.0,FOUL,Ulmer fouls Lewandowski.,Ulmer,Salzburg,Lewandowski,Bayern
89,40.0,SAVE,Neuer makes a save.,Neuer,Bayern,,
90,40.0,SHOT_ON_GOAL,Mwepu has an effort on goal.,Mwepu,Salzburg,Mwepu,Salzburg
91,39.0,FREE_KICK,Alaba takes the free-kick.,Alaba,Bayern,Boateng,Bayern
92,39.0,FOUL,Koita fouls Marc Roca.,Koita,Salzburg,Marc Roca,Bayern
93,38.0,CORNER,Gnabry takes the corner.,Gnabry,Bayern,Alaba,Bayern
94,36.0,SHOT_WIDE,Marc Roca misses the target.,Marc Roca,Bayern,Marc Roca,Bayern
95,35.0,SHOT_WIDE,Szoboszlai misses the target.,Szoboszlai,Salzburg,Szoboszlai,Salzburg
96,31.0,FREE_KICK,Stanković takes the free-kick.,Stanković,Salzburg,Ulmer,Salzburg
97,30.0,FOUL,Goretzka fouls Mwepu.,Goretzka,Bayern,Mwepu,Salzburg
98,30.0,CORNER,Gnabry takes the corner.,Gnabry,Bayern,,
99,30.0,SAVE,Mwepu makes a save.,Mwepu,Salzburg,,
100,30.0,SHOT_BLOCKED,Goretzka has a shot blocked.,Goretzka,Bayern,Goretzka,Bayern
101,28.0,SHOT_WIDE,Lewandowski misses the target.,Lewandowski,Bayern,Lewandowski,Bayern
102,28.0,CORNER,Gnabry takes the corner.,Gnabry,Bayern,Lewandowski,Bayern
103,26.0,SHOT_WIDE,Ulmer misses the target.,Ulmer,Salzburg,Ulmer,Salzburg
104,26.0,FREE_KICK,Szoboszlai takes the free-kick.,Szoboszlai,Salzburg,Richards,Bayern
105,25.0,FOUL,Gnabry fouls Junuzović.,Gnabry,Bayern,Junuzović,Salzburg
106,25.0,CORNER,Szoboszlai takes the corner.,Szoboszlai,Salzburg,Marc Roca,Bayern
107,24.0,YELLOW_CARD,Neuer is cautioned by the referee.,Neuer,Bayern,Neuer,Bayern
108,23.0,FREE_KICK,Ramalho takes the free-kick.,Ramalho,Salzburg,Wöber,Salzburg
109,23.0,FOUL,Coman fouls Junuzović.,Coman,Bayern,Junuzović,Salzburg
110,20.0,FREE_KICK,Boateng takes the free-kick.,Boateng,Bayern,Marc Roca,Bayern
111,19.0,FOUL,Junuzović fouls Goretzka.,Junuzović,Salzburg,Goretzka,Bayern
112,19.0,FREE_KICK,Neuer takes the free-kick.,Neuer,Bayern,Boateng,Bayern
113,18.0,FOUL,Koita fouls Boateng.,Koita,Salzburg,Boateng,Bayern
114,16.0,SHOT_WIDE,Berisha misses the target.,Berisha,Salzburg,Berisha,Salzburg
115,15.0,SAVE,Neuer makes a save.,Neuer,Bayern,,
116,15.0,SHOT_ON_GOAL,Mwepu has an effort on goal.,Mwepu,Salzburg,Mwepu,Salzburg
117,15.0,SAVE,Neuer makes a save.,Neuer,Bayern,,
118,15.0,SHOT_ON_GOAL,Berisha has an effort on goal.,Berisha,Salzburg,Berisha,Salzburg
119,13.0,FREE_KICK,Pavard takes the free-kick.,Pavard,Bayern,Boateng,Bayern
120,13.0,FOUL,Junuzović fouls Goretzka.,Junuzović,Salzburg,Goretzka,Bayern
121,13.0,FREE_KICK,Marc Roca takes the free-kick.,Marc Roca,Bayern,Alaba,Bayern
122,13.0,FOUL,Mwepu fouls Marc Roca.,Mwepu,Salzburg,Marc Roca,Bayern
123,12.0,SHOT_WIDE,Lewandowski misses the target.,Lewandowski,Bayern,Lewandowski,Bayern
124,11.0,FREE_KICK,Boateng takes the free-kick.,Boateng,Bayern,Lewandowski,Bayern
125,10.0,FOUL,Berisha fouls Goretzka.,Berisha,Salzburg,Goretzka,Bayern
126,10.0,SHOT_WIDE,Gnabry misses the target.,Gnabry,Bayern,Gnabry,Bayern
127,8.0,FREE_KICK,Boateng takes the free-kick.,Boateng,Bayern,Alaba,Bayern
128,8.0,FOUL,Camara fouls Müller.,Camara,Salzburg,Müller,Bayern
129,7.0,SAVE,Ramalho makes a save.,Ramalho,Salzburg,,
130,7.0,SHOT_BLOCKED,Müller has a shot blocked.,Müller,Bayern,Müller,Bayern
131,7.0,FREE_KICK,Wöber takes the free-kick.,Wöber,Salzburg,Camara,Salzburg
132,7.0,FOUL,Pavard fouls Szoboszlai.,Pavard,Bayern,Szoboszlai,Salzburg
133,5.0,CORNER,Szoboszlai takes the corner.,Szoboszlai,Salzburg,Müller,Bayern
134,3.0,SAVE,Neuer makes a save.,Neuer,Bayern,,
135,3.0,SHOT_ON_GOAL,Camara has an effort on goal.,Camara,Salzburg,Camara,Salzburg
136,1.0,START_PHASE,The match is under way.,,,,
