,minute,eventType,autoText,primaryPlayer,primaryTeam,secondaryPlayer,secondaryTeam
0,,END_PHASE,The final whistle is blown.,,,,
1,90.0,FOUL,De Ketelaere fouls Akanji.,De Ketelaere,Club Brugge,Akanji,Dortmund
2,90.0,FREE_KICK,Vormer takes the free-kick.,Vormer,Club Brugge,Morey,Dortmund
3,90.0,FOUL,Emre Can fouls Badji.,Emre Can,Dortmund,Badji,Club Brugge
4,90.0,FREE_KICK,Hummels takes the free-kick.,Hummels,Dortmund,Akanji,Dortmund
5,90.0,FOUL,Badji fouls Hummels.,Badji,Club Brugge,Hummels,Dortmund
6,89.0,SHOT_WIDE,Emre Can misses the target.,Emre Can,Dortmund,Emre Can,Dortmund
7,88.0,FREE_KICK,De Ketelaere takes the free-kick.,De Ketelaere,Club Brugge,Vanaken,Club Brugge
8,88.0,FOUL,Reus fouls De Ketelaere.,Reus,Dortmund,De Ketelaere,Club Brugge
9,86.0,FREE_KICK,Deli takes the free-kick.,Deli,Club Brugge,Vormer,Club Brugge
10,86.0,FOUL,Bellingham fouls Okereke.,Bellingham,Dortmund,Okereke,Club Brugge
11,83.0,SHOT_WIDE,Hummels misses the target.,Hummels,Dortmund,Hummels,Dortmund
12,83.0,CORNER,Sancho takes the corner.,Sancho,Dortmund,Hummels,Dortmund
13,82.0,SAVE,Kossounou makes a save.,Kossounou,Club Brugge,,
14,82.0,SHOT_BLOCKED,Passlack has a shot blocked.,Passlack,Dortmund,Passlack,Dortmund
15,81.0,FREE_KICK,Passlack takes the free-kick.,Passlack,Dortmund,T. Hazard,Dortmund
16,81.0,SUBSTITUTION,Reus (on) - Haaland (off),Haaland,Dortmund,Reus,Dortmund
17,81.0,SUBSTITUTION,Passlack (on) - Guerreiro (off),Guerreiro,Dortmund,Passlack,Dortmund
18,81.0,SUBSTITUTION,Brandt (on) - Reyna (off),Reyna,Dortmund,Brandt,Dortmund
19,80.0,FOUL,Vanaken fouls Reyna.,Vanaken,Club Brugge,Reyna,Dortmund
20,79.0,SAVE,Mignolet makes a save.,Mignolet,Club Brugge,,
21,79.0,SHOT_ON_GOAL,T. Hazard has an effort on goal.,T. Hazard,Dortmund,T. Hazard,Dortmund
22,79.0,CORNER,Guerreiro takes the corner.,Guerreiro,Dortmund,,
23,75.0,FREE_KICK,Bürki takes the free-kick.,Bürki,Dortmund,Akanji,Dortmund
24,75.0,FOUL,Okereke fouls Bürki.,Okereke,Club Brugge,Bürki,Dortmund
25,74.0,FREE_KICK,Emre Can takes the free-kick.,Emre Can,Dortmund,Bellingham,Dortmund
26,74.0,SUBSTITUTION,Okereke (on) - Diatta (off),Diatta,Club Brugge,Okereke,Club Brugge
27,74.0,SUBSTITUTION,Schrijvers (on) - Lang (off),Lang,Club Brugge,Schrijvers,Club Brugge
28,74.0,FOUL,Diatta fouls Bellingham.,Diatta,Club Brugge,Bellingham,Dortmund
29,73.0,FREE_KICK,Bürki takes the free-kick.,Bürki,Dortmund,De Ketelaere,Club Brugge
30,73.0,SUBSTITUTION,Morey (on) - Meunier (off),Meunier,Dortmund,Morey,Dortmund
31,73.0,SUBSTITUTION,Emre Can (on) - Delaney (off),Delaney,Dortmund,Emre Can,Dortmund
32,71.0,YELLOW_CARD,Rits is cautioned by the referee.,Rits,Club Brugge,Rits,Club Brugge
33,71.0,FOUL,Rits fouls Guerreiro.,Rits,Club Brugge,Guerreiro,Dortmund
34,70.0,SAVE,Kossounou makes a save.,Kossounou,Club Brugge,,
35,70.0,SHOT_BLOCKED,T. Hazard has a shot blocked.,T. Hazard,Dortmund,T. Hazard,Dortmund
36,70.0,SAVE,Mignolet makes a save.,Mignolet,Club Brugge,,
37,70.0,SHOT_ON_GOAL,Haaland has an effort on goal.,Haaland,Dortmund,Haaland,Dortmund
38,69.0,CORNER,Sancho takes the corner.,Sancho,Dortmund,Vanaken,Club Brugge
39,68.0,CORNER,Sancho takes the corner.,Sancho,Dortmund,Vanaken,Club Brugge
40,66.0,SUBSTITUTION,Badji (on) - Krmenčík (off),Krmenčík,Club Brugge,Badji,Club Brugge
41,66.0,SHOT_WIDE,Haaland misses the target.,Haaland,Dortmund,Haaland,Dortmund
42,60.0,GOAL,Haaland scores!,Haaland,Dortmund,Mignolet,Dortmund
43,60.0,SAVE,Deli makes a save.,Deli,Club Brugge,,
44,60.0,SHOT_BLOCKED,T. Hazard has a shot blocked.,T. Hazard,Dortmund,T. Hazard,Dortmund
45,58.0,FREE_KICK,Rits takes the free-kick.,Rits,Club Brugge,Vanaken,Club Brugge
46,57.0,FOUL,Haaland fouls Rits.,Haaland,Dortmund,Rits,Club Brugge
47,55.0,CORNER,T. Hazard takes the corner.,T. Hazard,Dortmund,Delaney,Dortmund
48,54.0,SAVE,Deli makes a save.,Deli,Club Brugge,,
49,54.0,SHOT_BLOCKED,Haaland has a shot blocked.,Haaland,Dortmund,Haaland,Dortmund
50,54.0,FREE_KICK,Akanji takes the free-kick.,Akanji,Dortmund,Delaney,Dortmund
51,53.0,FOUL,Rits fouls Bellingham.,Rits,Club Brugge,Bellingham,Dortmund
52,53.0,FREE_KICK,Hummels takes the free-kick.,Hummels,Dortmund,Akanji,Dortmund
53,53.0,OFFSIDE,Krmenčík is flagged for offside.,Krmenčík,Club Brugge,Krmenčík,Club Brugge
54,52.0,FREE_KICK,Clinton Mata takes the free-kick.,Clinton Mata,Club Brugge,Kossounou,Club Brugge
55,52.0,FOUL,Delaney fouls Clinton Mata.,Delaney,Dortmund,Clinton Mata,Club Brugge
56,52.0,SUBSTITUTION,Rits (on) - Balanta (off),Balanta,Club Brugge,Rits,Club Brugge
57,50.0,SHOT_WIDE,Haaland misses the target.,Haaland,Dortmund,Haaland,Dortmund
58,48.0,SAVE,Mignolet makes a save.,Mignolet,Club Brugge,,
59,48.0,SHOT_ON_GOAL,Sancho has an effort on goal.,Sancho,Dortmund,Sancho,Dortmund
60,47.0,FREE_KICK,Bellingham takes the free-kick.,Bellingham,Dortmund,Guerreiro,Dortmund
61,47.0,FOUL,Balanta fouls Reyna.,Balanta,Club Brugge,Reyna,Dortmund
62,46.0,START_PHASE,The second half begins.,,,,
63,,END_PHASE,The referee blows for half-time.,,,,
64,45.0,GOAL,Sancho scores!,Sancho,Dortmund,Mignolet,Dortmund
65,44.0,FOUL,Balanta fouls Bellingham.,Balanta,Club Brugge,Bellingham,Dortmund
66,43.0,SAVE,Mignolet makes a save.,Mignolet,Club Brugge,,
67,43.0,SHOT_ON_GOAL,Delaney has an effort on goal.,Delaney,Dortmund,Delaney,Dortmund
68,43.0,FREE_KICK,Bellingham takes the free-kick.,Bellingham,Dortmund,Guerreiro,Dortmund
69,42.0,FOUL,Diatta fouls Delaney.,Diatta,Club Brugge,Delaney,Dortmund
70,42.0,FREE_KICK,Deli takes the free-kick.,Deli,Club Brugge,Vanaken,Club Brugge
71,41.0,FOUL,Hummels fouls Clinton Mata.,Hummels,Dortmund,Clinton Mata,Club Brugge
72,41.0,CORNER,Guerreiro takes the corner.,Guerreiro,Dortmund,Deli,Club Brugge
73,40.0,SHOT_BLOCKED,Reyna has a shot blocked.,Reyna,Dortmund,Reyna,Dortmund
74,40.0,SAVE,De Ketelaere makes a save.,De Ketelaere,Club Brugge,,
75,37.0,FREE_KICK,Clinton Mata takes the free-kick.,Clinton Mata,Club Brugge,Kossounou,Club Brugge
76,37.0,FOUL,Sancho fouls Clinton Mata.,Sancho,Dortmund,Clinton Mata,Club Brugge
77,36.0,FREE_KICK,Guerreiro takes the free-kick.,Guerreiro,Dortmund,Sancho,Dortmund
78,36.0,FOUL,Balanta fouls T. Hazard.,Balanta,Club Brugge,T. Hazard,Dortmund
79,35.0,FREE_KICK,Vormer takes the free-kick.,Vormer,Club Brugge,Vanaken,Club Brugge
80,34.0,FOUL,Hummels fouls Krmenčík.,Hummels,Dortmund,Krmenčík,Club Brugge
81,33.0,FREE_KICK,Mignolet takes the free-kick.,Mignolet,Club Brugge,Diatta,Club Brugge
82,33.0,OFFSIDE,Haaland is flagged for offside.,Haaland,Dortmund,Haaland,Dortmund
83,32.0,CORNER,Sancho takes the corner.,Sancho,Dortmund,De Ketelaere,Club Brugge
84,32.0,SAVE,Clinton Mata makes a save.,Clinton Mata,Club Brugge,,
85,32.0,SHOT_BLOCKED,Delaney has a shot blocked.,Delaney,Dortmund,Delaney,Dortmund
86,31.0,SAVE,Mignolet makes a save.,Mignolet,Club Brugge,,
87,31.0,SHOT_ON_GOAL,Akanji has an effort on goal.,Akanji,Dortmund,Akanji,Dortmund
88,31.0,CORNER,Sancho takes the corner.,Sancho,Dortmund,Guerreiro,Dortmund
89,29.0,FREE_KICK,Mignolet takes the free-kick.,Mignolet,Club Brugge,Kossounou,Club Brugge
90,28.0,FOUL,Haaland fouls Lang.,Haaland,Dortmund,Lang,Club Brugge
91,27.0,SHOT_WIDE,Krmenčík misses the target.,Krmenčík,Club Brugge,Krmenčík,Club Brugge
92,23.0,SHOT_WIDE,Vormer misses the target.,Vormer,Club Brugge,Vormer,Club Brugge
93,18.0,ASSIST,Good assist from Sancho.,Sancho,Dortmund,Sancho,Dortmund
94,18.0,GOAL,Haaland scores!,Haaland,Dortmund,Mignolet,Dortmund
95,15.0,FREE_KICK,Clinton Mata takes the free-kick.,Clinton Mata,Club Brugge,Guerreiro,Dortmund
96,15.0,FOUL,Delaney fouls Lang.,Delaney,Dortmund,Lang,Club Brugge
97,13.0,SHOT_WIDE,Guerreiro misses the target.,Guerreiro,Dortmund,Guerreiro,Dortmund
98,12.0,FREE_KICK,Mignolet takes the free-kick.,Mignolet,Club Brugge,Vanaken,Club Brugge
99,12.0,FOUL,Guerreiro fouls Clinton Mata.,Guerreiro,Dortmund,Clinton Mata,Club Brugge
100,9.0,CORNER,Sancho takes the corner.,Sancho,Dortmund,Deli,Club Brugge
101,8.0,SAVE,Kossounou makes a save.,Kossounou,Club Brugge,,
102,8.0,SHOT_BLOCKED,Sancho has a shot blocked.,Sancho,Dortmund,Sancho,Dortmund
103,8.0,FREE_KICK,Meunier takes the free-kick.,Meunier,Dortmund,Akanji,Dortmund
104,7.0,FOUL,De Ketelaere fouls T. Hazard.,De Ketelaere,Club Brugge,T. Hazard,Dortmund
105,6.0,FREE_KICK,Bürki takes the free-kick.,Bürki,Dortmund,Hummels,Dortmund
106,6.0,OFFSIDE,Krmenčík is flagged for offside.,Krmenčík,Club Brugge,Krmenčík,Club Brugge
107,2.0,SHOT_WIDE,Haaland misses the target.,Haaland,Dortmund,Haaland,Dortmund
108,1.0,START_PHASE,The match is under way.,,,,
